runtime	encryption	role	ingress	egress	promotion	cookie	batch	recv_rounds	would_block_policy	sock_buf_requested_bytes	sock_rcvbuf_effective_min_bytes	sock_rcvbuf_effective_max_bytes	sock_sndbuf_effective_min_bytes	sock_sndbuf_effective_max_bytes	cpus	pin	link_delay	link_jitter	link_loss	link_rate	link_reorder	link_duplicate	link_corrupt	link_limit	workers	recv_runtime	send_runtime	recv_ingress	send_ingress	recv_workers	send_workers	recv_cpus	send_cpus	conns	logical_streams	source_streams	connect_cc	cc_peak	bond	source_bps	srt_bw_mode	srt_maxbw_bps	srt_inputbw_bps	srt_oheadbw_pct	model_policy_rev	model_policy_fingerprint	model_class_pre	model_reasons_pre	rep	attempt	established	torn_down	pkt_sent	core_total	sec_a	sec_b	rtt_ms	elapsed_s	cpu_user_ms	cpu_sys_ms	peak_rss_kb	secs	udp_rcvbuf_err	udp_in_err	udp_no_ports	src_generated	src_accepted	src_refusal_polls	src_blocked_streaks	source_backlog_ms	src_backlog_cap	src_backlog_hwm	src_overflow	datapath_q_horizon_ms	datapath_q_count	datapath_q_cap_per_queue	datapath_q_total_cap	datapath_q_peak_depth_max	datapath_q_peak_depth_sum	datapath_q_full	datapath_q_dropped	datapath_q_disconnected	recv_packets	recv_syscalls	datagrams_per_syscall	timer_late_p50_bucket_us	timer_late_p95_bucket_us	timer_late_p99_bucket_us	timer_late_max_us	retry_horizon_ms	retry_count	retry_cap_per_queue	retry_total_cap	retry_peak_depth_max	would_block	retry_overflow	local_dropped
mio	plain	caller	shared-pool:4	per-connection	all	on	on	8	retain	16777216	33554432	33554432	33554432	33554432	3-5	off									3					3	3	0-2	3-5	30	30	30	50	29	none	1000000	input-relative:25		1000000	25	stage-a-v1-no-unvalidated-margin	revision=stage-a-v1-no-unvalidated-margin;window=0.00000000000000000;recovery=0.00000000000000000;socket=0.00000000000000000;host=1.00000000000000000;nic=1.00000000000000000;control=none;waves=none	conditional	expected_rtt_unknown,rtt_variance_unknown,effective_socket_buffer_unknown,host_pps_capacity_unknown	1	450d5ed4325f693c90f6bbf4e6e97591-0	30	0	85500	85500	0	0	0.000	30.009	1628.9	8512.2	5948	30	0	0	10	85500	85500	80504	13728	1000	94	17	0	250	0	0	0	0	0	0	0	0	0	0	0	0	0	0	0	250	0	0	0	0	0	0	0
mio	plain	listener	shared-pool:4	per-connection	all	on	on	8	retain	16777216	33554432	33554432	33554432	33554432	0-2	off									3					3	3	0-2	3-5	30	30	0	50	0	none	1000000	input-relative:25		1000000	25	stage-a-v1-no-unvalidated-margin	revision=stage-a-v1-no-unvalidated-margin;window=0.00000000000000000;recovery=0.00000000000000000;socket=0.00000000000000000;host=1.00000000000000000;nic=1.00000000000000000;control=none;waves=none	conditional	expected_rtt_unknown,rtt_variance_unknown,effective_socket_buffer_unknown,host_pps_capacity_unknown,nic_capacity_unknown	1	450d5ed4325f693c90f6bbf4e6e97591-0	30	0	265722	85500	0	0	0.658	30.012	1574.7	6732.8	6272	30	0	0	10	0	0	0	0	1000	94	0	0	250	0	0	0	0	0	0	0	0	0	0	0	0	0	0	0	250	0	0	0	0	0	0	0
tokio	plain	caller	shared-pool:4	per-connection	all	on	on	8	retain	16777216	33554432	33554432	33554432	33554432	3-5	off									3					3	3	0-2	3-5	30	30	30	50	30	none	1000000	input-relative:25		1000000	25	stage-a-v1-no-unvalidated-margin	revision=stage-a-v1-no-unvalidated-margin;window=0.00000000000000000;recovery=0.00000000000000000;socket=0.00000000000000000;host=1.00000000000000000;nic=1.00000000000000000;control=none;waves=none	conditional	expected_rtt_unknown,rtt_variance_unknown,effective_socket_buffer_unknown,host_pps_capacity_unknown	1	450d5ed4325f693c90f6bbf4e6e97591-1	30	0	85065	85065	0	0	0.000	30.016	4097.8	13507.8	6500	30	0	0	20	85489	85065	55365	28047	1000	94	19	0	250	0	0	0	0	0	0	0	0	0	0	0	0	0	0	0	250	0	0	0	0	0	0	0
tokio	plain	listener	shared-pool:4	per-connection	all	on	on	8	retain	16777216	33554432	33554432	33554432	33554432	0-2	off									3					3	3	0-2	3-5	30	30	0	50	0	none	1000000	input-relative:25		1000000	25	stage-a-v1-no-unvalidated-margin	revision=stage-a-v1-no-unvalidated-margin;window=0.00000000000000000;recovery=0.00000000000000000;socket=0.00000000000000000;host=1.00000000000000000;nic=1.00000000000000000;control=none;waves=none	conditional	expected_rtt_unknown,rtt_variance_unknown,effective_socket_buffer_unknown,host_pps_capacity_unknown,nic_capacity_unknown	1	450d5ed4325f693c90f6bbf4e6e97591-1	30	0	85065	85065	0	0	2.407	30.021	5176.4	11466.1	8064	30	0	0	20	0	0	0	0	1000	94	0	0	250	0	0	0	0	0	0	0	0	252903	69224	3.653	2048	8192	32768	119328	250	4	188	752	0	0	0	0
mio	plain	caller	shared-pool:4	per-connection	all	on	on	8	retain	16777216	33554432	33554432	33554432	33554432	3-5	off									3					3	3	0-2	3-5	200	200	200	50	50	none	1000000	input-relative:25		1000000	25	stage-a-v1-no-unvalidated-margin	revision=stage-a-v1-no-unvalidated-margin;window=0.00000000000000000;recovery=0.00000000000000000;socket=0.00000000000000000;host=1.00000000000000000;nic=1.00000000000000000;control=none;waves=none	conditional	expected_rtt_unknown,rtt_variance_unknown,effective_socket_buffer_unknown,host_pps_capacity_unknown	1	450d5ed4325f693c90f6bbf4e6e97591-2	200	0	568193	568193	0	0	0.000	30.296	11247.7	32207.3	8832	30	0	0	62	570000	568193	5052316	309292	1000	94	24	0	250	0	0	0	0	0	0	0	0	0	0	0	0	0	0	0	250	0	0	0	0	0	0	0
mio	plain	listener	shared-pool:4	per-connection	all	on	on	8	retain	16777216	33554432	33554432	33554432	33554432	0-2	off									3					3	3	0-2	3-5	200	200	0	50	0	none	1000000	input-relative:25		1000000	25	stage-a-v1-no-unvalidated-margin	revision=stage-a-v1-no-unvalidated-margin;window=0.00000000000000000;recovery=0.00000000000000000;socket=0.00000000000000000;host=1.00000000000000000;nic=1.00000000000000000;control=none;waves=none	conditional	expected_rtt_unknown,rtt_variance_unknown,effective_socket_buffer_unknown,host_pps_capacity_unknown,nic_capacity_unknown	1	450d5ed4325f693c90f6bbf4e6e97591-2	200	0	1647849	568193	0	0	1.537	30.299	9682.8	24552.7	11776	30	0	0	62	0	0	0	0	1000	94	0	0	250	0	0	0	0	0	0	0	0	0	0	0	0	0	0	0	250	0	0	0	0	0	0	0
tokio	plain	caller	shared-pool:4	per-connection	all	on	on	8	retain	16777216	33554432	33554432	33554432	33554432	3-5	off									3					3	3	0-2	3-5	200	200	200	50	50	none	1000000	input-relative:25		1000000	25	stage-a-v1-no-unvalidated-margin	revision=stage-a-v1-no-unvalidated-margin;window=0.00000000000000000;recovery=0.00000000000000000;socket=0.00000000000000000;host=1.00000000000000000;nic=1.00000000000000000;control=none;waves=none	conditional	expected_rtt_unknown,rtt_variance_unknown,effective_socket_buffer_unknown,host_pps_capacity_unknown	1	450d5ed4325f693c90f6bbf4e6e97591-3	200	0	566789	566789	0	0	0.000	30.034	14118.6	27115.8	10496	30	0	0	115	569929	566789	1015323	454924	1000	94	41	0	250	0	0	0	0	0	0	0	0	0	0	0	0	0	0	0	250	0	0	0	0	0	0	0
tokio	plain	listener	shared-pool:4	per-connection	all	on	on	8	retain	16777216	33554432	33554432	33554432	33554432	0-2	off									3					3	3	0-2	3-5	200	200	0	50	0	none	1000000	input-relative:25		1000000	25	stage-a-v1-no-unvalidated-margin	revision=stage-a-v1-no-unvalidated-margin;window=0.00000000000000000;recovery=0.00000000000000000;socket=0.00000000000000000;host=1.00000000000000000;nic=1.00000000000000000;control=none;waves=none	conditional	expected_rtt_unknown,rtt_variance_unknown,effective_socket_buffer_unknown,host_pps_capacity_unknown,nic_capacity_unknown	1	450d5ed4325f693c90f6bbf4e6e97591-3	200	0	566789	566789	0	0	2.297	30.042	13503.4	19997.1	13312	30	0	0	125	0	0	0	0	1000	94	0	0	250	0	0	0	0	0	0	0	0	1608896	234514	6.861	2048	8192	32768	114268	250	4	1175	4700	0	0	0	0
mio	plain	caller	shared-pool:4	per-connection	all	on	on	8	retain	16777216	33554432	33554432	33554432	33554432	3-5	off									3					3	3	0-2	3-5	600	600	600	50	50	none	1000000	input-relative:25		1000000	25	stage-a-v1-no-unvalidated-margin	revision=stage-a-v1-no-unvalidated-margin;window=0.00000000000000000;recovery=0.00000000000000000;socket=0.00000000000000000;host=1.00000000000000000;nic=1.00000000000000000;control=none;waves=none	conditional	expected_rtt_unknown,rtt_variance_unknown,effective_socket_buffer_unknown,host_pps_capacity_unknown	1	450d5ed4325f693c90f6bbf4e6e97591-4	600	0	1710000	1710000	0	0	0.000	30.100	23384.2	50012.9	15388	30	0	0	11	1710000	1710000	28873258	1417110	1000	94	83	0	250	0	0	0	0	0	0	0	0	0	0	0	0	0	0	0	250	0	0	0	0	0	0	0
mio	plain	listener	shared-pool:4	per-connection	all	on	on	8	retain	16777216	33554432	33554432	33554432	33554432	0-2	off									3					3	3	0-2	3-5	600	600	0	50	0	none	1000000	input-relative:25		1000000	25	stage-a-v1-no-unvalidated-margin	revision=stage-a-v1-no-unvalidated-margin;window=0.00000000000000000;recovery=0.00000000000000000;socket=0.00000000000000000;host=1.00000000000000000;nic=1.00000000000000000;control=none;waves=none	conditional	expected_rtt_unknown,rtt_variance_unknown,effective_socket_buffer_unknown,host_pps_capacity_unknown,nic_capacity_unknown	1	450d5ed4325f693c90f6bbf4e6e97591-4	600	0	4717665	1710000	0	0	2.859	30.103	21901.3	37737.3	24744	30	0	0	11	0	0	0	0	1000	94	0	0	250	0	0	0	0	0	0	0	0	0	0	0	0	0	0	0	250	0	0	0	0	0	0	0
tokio	plain	caller	shared-pool:4	per-connection	all	on	on	8	retain	16777216	33554432	33554432	33554432	33554432	3-5	off									3					3	3	0-2	3-5	600	600	600	50	50	none	1000000	input-relative:25		1000000	25	stage-a-v1-no-unvalidated-margin	revision=stage-a-v1-no-unvalidated-margin;window=0.00000000000000000;recovery=0.00000000000000000;socket=0.00000000000000000;host=1.00000000000000000;nic=1.00000000000000000;control=none;waves=none	conditional	expected_rtt_unknown,rtt_variance_unknown,effective_socket_buffer_unknown,host_pps_capacity_unknown	1	450d5ed4325f693c90f6bbf4e6e97591-5	600	0	1581344	1581344	0	0	0.000	30.090	26093.1	46544.9	23444	30	0	0	328	1709825	1581344	3421381	1570582	1000	94	94	72641	250	0	0	0	0	0	0	0	0	0	0	0	0	0	0	0	250	0	0	0	0	0	0	0
tokio	plain	listener	shared-pool:4	per-connection	all	on	on	8	retain	16777216	33554432	33554432	33554432	33554432	0-2	off									3					3	3	0-2	3-5	600	600	0	50	0	none	1000000	input-relative:25		1000000	25	stage-a-v1-no-unvalidated-margin	revision=stage-a-v1-no-unvalidated-margin;window=0.00000000000000000;recovery=0.00000000000000000;socket=0.00000000000000000;host=1.00000000000000000;nic=1.00000000000000000;control=none;waves=none	conditional	expected_rtt_unknown,rtt_variance_unknown,effective_socket_buffer_unknown,host_pps_capacity_unknown,nic_capacity_unknown	1	450d5ed4325f693c90f6bbf4e6e97591-5	600	0	1581344	1581344	0	0	9.167	30.095	24575.4	33152.4	25216	30	0	0	328	0	0	0	0	1000	94	0	0	250	0	0	0	0	0	0	0	0	4549845	442674	10.278	2048	65536	262144	455441	250	4	3525	14100	0	0	0	0
mio	plain	caller	shared-pool:4	per-connection	all	on	on	8	retain	16777216	33554432	33554432	33554432	33554432	3-5	off									3					3	3	0-2	3-5	1200	1200	1200	50	50	none	1000000	input-relative:25		1000000	25	stage-a-v1-no-unvalidated-margin	revision=stage-a-v1-no-unvalidated-margin;window=0.00000000000000000;recovery=0.00000000000000000;socket=0.00000000000000000;host=1.00000000000000000;nic=1.00000000000000000;control=none;waves=none	conditional	expected_rtt_unknown,rtt_variance_unknown,effective_socket_buffer_unknown,host_pps_capacity_unknown	1	450d5ed4325f693c90f6bbf4e6e97591-6	1200	0	2872418	2872418	0	0	0.000	30.304	23765.2	61682.5	30664	30	0	0	144	3419681	2872418	10159555	2868439	1000	94	94	435864	250	0	0	0	0	0	0	0	0	0	0	0	0	0	0	0	250	0	0	0	0	0	0	0
mio	plain	listener	shared-pool:4	per-connection	all	on	on	8	retain	16777216	33554432	33554432	33554432	33554432	0-2	off									3					3	3	0-2	3-5	1200	1200	0	50	0	none	1000000	input-relative:25		1000000	25	stage-a-v1-no-unvalidated-margin	revision=stage-a-v1-no-unvalidated-margin;window=0.00000000000000000;recovery=0.00000000000000000;socket=0.00000000000000000;host=1.00000000000000000;nic=1.00000000000000000;control=none;waves=none	conditional	expected_rtt_unknown,rtt_variance_unknown,effective_socket_buffer_unknown,host_pps_capacity_unknown,nic_capacity_unknown	1	450d5ed4325f693c90f6bbf4e6e97591-6	1200	0	7562142	2872418	0	0	15.211	30.315	29576.1	49002.0	49516	30	0	0	144	0	0	0	0	1000	94	0	0	250	0	0	0	0	0	0	0	0	0	0	0	0	0	0	0	250	0	0	0	0	0	0	0
tokio	plain	caller	shared-pool:4	per-connection	all	on	on	8	retain	16777216	33554432	33554432	33554432	33554432	3-5	off									3					3	3	0-2	3-5	1200	1200	1200	50	50	none	1000000	input-relative:25		1000000	25	stage-a-v1-no-unvalidated-margin	revision=stage-a-v1-no-unvalidated-margin;window=0.00000000000000000;recovery=0.00000000000000000;socket=0.00000000000000000;host=1.00000000000000000;nic=1.00000000000000000;control=none;waves=none	conditional	expected_rtt_unknown,rtt_variance_unknown,effective_socket_buffer_unknown,host_pps_capacity_unknown	1	450d5ed4325f693c90f6bbf4e6e97591-7	1200	0	2428224	2428224	0	0	0.000	30.543	29537.0	59802.1	40348	30	0	0	1785	3419376	2428224	3106216	2424726	1000	94	94	879581	250	0	0	0	0	0	0	0	0	0	0	0	0	0	0	0	250	0	0	0	0	0	0	0
tokio	plain	listener	shared-pool:4	per-connection	all	on	on	8	retain	16777216	33554432	33554432	33554432	33554432	0-2	off									3					3	3	0-2	3-5	1200	1200	0	50	0	none	1000000	input-relative:25		1000000	25	stage-a-v1-no-unvalidated-margin	revision=stage-a-v1-no-unvalidated-margin;window=0.00000000000000000;recovery=0.00000000000000000;socket=0.00000000000000000;host=1.00000000000000000;nic=1.00000000000000000;control=none;waves=none	conditional	expected_rtt_unknown,rtt_variance_unknown,effective_socket_buffer_unknown,host_pps_capacity_unknown,nic_capacity_unknown	1	450d5ed4325f693c90f6bbf4e6e97591-7	1200	0	2428224	2428224	0	0	15.459	30.550	30702.6	45765.5	38496	30	0	0	1785	0	0	0	0	1000	94	0	0	250	0	0	0	0	0	0	0	0	7665986	524594	14.613	16384	131072	520974	520974	250	4	7050	28200	0	0	0	0
mio	plain	caller	shared-pool:4	per-connection	all	on	on	8	retain	16777216	33554432	33554432	33554432	33554432	3-5	off									3					3	3	0-2	3-5	30	30	30	50	30	none	8000000	input-relative:25		8000000	25	stage-a-v1-no-unvalidated-margin	revision=stage-a-v1-no-unvalidated-margin;window=0.00000000000000000;recovery=0.00000000000000000;socket=0.00000000000000000;host=1.00000000000000000;nic=1.00000000000000000;control=none;waves=none	conditional	expected_rtt_unknown,rtt_variance_unknown,effective_socket_buffer_unknown,host_pps_capacity_unknown	1	450d5ed4325f693c90f6bbf4e6e97591-8	30	0	518320	518320	0	0	0.000	30.006	4355.0	25395.3	6016	30	0	0	0	683901	518320	1143594	518212	1000	759	759	142834	250	0	0	0	0	0	0	0	0	0	0	0	0	0	0	0	250	0	0	0	0	0	0	0
mio	plain	listener	shared-pool:4	per-connection	all	on	on	8	retain	16777216	33554432	33554432	33554432	33554432	0-2	off									3					3	3	0-2	3-5	30	30	0	50	0	none	8000000	input-relative:25		8000000	25	stage-a-v1-no-unvalidated-margin	revision=stage-a-v1-no-unvalidated-margin;window=0.00000000000000000;recovery=0.00000000000000000;socket=0.00000000000000000;host=1.00000000000000000;nic=1.00000000000000000;control=none;waves=none	conditional	expected_rtt_unknown,rtt_variance_unknown,effective_socket_buffer_unknown,host_pps_capacity_unknown,nic_capacity_unknown	1	450d5ed4325f693c90f6bbf4e6e97591-8	30	0	710433	518320	0	0	0.479	30.010	6135.6	15080.1	9216	30	0	0	0	0	0	0	0	1000	759	0	0	250	0	0	0	0	0	0	0	0	0	0	0	0	0	0	0	250	0	0	0	0	0	0	0
tokio	plain	listener	shared-pool:4	per-connection	all	on	on	8	retain	16777216	33554432	33554432	33554432	33554432	0-2	off									3					3	3	0-2	3-5	30	30	0	50	0	none	8000000	input-relative:25		8000000	25	stage-a-v1-no-unvalidated-margin	revision=stage-a-v1-no-unvalidated-margin;window=0.00000000000000000;recovery=0.00000000000000000;socket=0.00000000000000000;host=1.00000000000000000;nic=1.00000000000000000;control=none;waves=none	conditional	expected_rtt_unknown,rtt_variance_unknown,effective_socket_buffer_unknown,host_pps_capacity_unknown,nic_capacity_unknown	1	450d5ed4325f693c90f6bbf4e6e97591-9	30	0	410111	410111	0	0	1.314	30.010	10257.8	12743.6	10240	30	0	0	4	0	0	0	0	1000	759	0	0	250	0	0	0	0	0	0	0	0	602073	183036	3.289	1024	4096	32768	80792	250	4	1518	6072	0	0	0	0
tokio	plain	caller	shared-pool:4	per-connection	all	on	on	8	retain	16777216	33554432	33554432	33554432	33554432	3-5	off									3					3	3	0-2	3-5	30	30	30	50	30	none	8000000	input-relative:25		8000000	25	stage-a-v1-no-unvalidated-margin	revision=stage-a-v1-no-unvalidated-margin;window=0.00000000000000000;recovery=0.00000000000000000;socket=0.00000000000000000;host=1.00000000000000000;nic=1.00000000000000000;control=none;waves=none	conditional	expected_rtt_unknown,rtt_variance_unknown,effective_socket_buffer_unknown,host_pps_capacity_unknown	1	450d5ed4325f693c90f6bbf4e6e97591-9	30	0	410111	410111	0	0	0.000	30.007	6090.6	20956.0	7040	30	0	0	4	683884	410111	515031	410067	1000	759	759	251031	250	0	0	0	0	0	0	0	0	0	0	0	0	0	0	0	250	0	0	0	0	0	0	0
mio	plain	caller	shared-pool:4	per-connection	all	on	on	8	retain	16777216	33554432	33554432	33554432	33554432	3-5	off									3					3	3	0-2	3-5	200	200	200	50	50	none	8000000	input-relative:25		8000000	25	stage-a-v1-no-unvalidated-margin	revision=stage-a-v1-no-unvalidated-margin;window=0.00000000000000000;recovery=0.00000000000000000;socket=0.00000000000000000;host=1.00000000000000000;nic=1.00000000000000000;control=none;waves=none	conditional	expected_rtt_unknown,rtt_variance_unknown,effective_socket_buffer_unknown,host_pps_capacity_unknown	1	450d5ed4325f693c90f6bbf4e6e97591-10	200	0	2808907	2808907	0	0	0.000	30.044	15150.3	46406.4	19364	30	0	0	10	4559366	2808907	7787477	2808607	1000	759	759	1599172	250	0	0	0	0	0	0	0	0	0	0	0	0	0	0	0	250	0	0	0	0	0	0	0
mio	plain	listener	shared-pool:4	per-connection	all	on	on	8	retain	16777216	33554432	33554432	33554432	33554432	0-2	off									3					3	3	0-2	3-5	200	200	0	50	0	none	8000000	input-relative:25		8000000	25	stage-a-v1-no-unvalidated-margin	revision=stage-a-v1-no-unvalidated-margin;window=0.00000000000000000;recovery=0.00000000000000000;socket=0.00000000000000000;host=1.00000000000000000;nic=1.00000000000000000;control=none;waves=none	conditional	expected_rtt_unknown,rtt_variance_unknown,effective_socket_buffer_unknown,host_pps_capacity_unknown,nic_capacity_unknown	1	450d5ed4325f693c90f6bbf4e6e97591-10	200	0	3938508	2808907	0	0	1.709	30.051	24085.8	27329.2	29824	30	0	0	10	0	0	0	0	1000	759	0	0	250	0	0	0	0	0	0	0	0	0	0	0	0	0	0	0	250	0	0	0	0	0	0	0
tokio	plain	caller	shared-pool:4	per-connection	all	on	on	8	retain	16777216	33554432	33554432	33554432	33554432	3-5	off									3					3	3	0-2	3-5	200	200	200	50	50	none	8000000	input-relative:25		8000000	25	stage-a-v1-no-unvalidated-margin	revision=stage-a-v1-no-unvalidated-margin;window=0.00000000000000000;recovery=0.00000000000000000;socket=0.00000000000000000;host=1.00000000000000000;nic=1.00000000000000000;control=none;waves=none	conditional	expected_rtt_unknown,rtt_variance_unknown,effective_socket_buffer_unknown,host_pps_capacity_unknown	1	450d5ed4325f693c90f6bbf4e6e97591-11	200	0	2327680	2327680	0	0	0.000	30.047	21111.5	40193.1	14116	30	0	0	85	4559087	2327680	2858209	2327281	1000	759	759	2079797	250	0	0	0	0	0	0	0	0	0	0	0	0	0	0	0	250	0	0	0	0	0	0	0
tokio	plain	listener	shared-pool:4	per-connection	all	on	on	8	retain	16777216	33554432	33554432	33554432	33554432	0-2	off									3					3	3	0-2	3-5	200	200	0	50	0	none	8000000	input-relative:25		8000000	25	stage-a-v1-no-unvalidated-margin	revision=stage-a-v1-no-unvalidated-margin;window=0.00000000000000000;recovery=0.00000000000000000;socket=0.00000000000000000;host=1.00000000000000000;nic=1.00000000000000000;control=none;waves=none	conditional	expected_rtt_unknown,rtt_variance_unknown,effective_socket_buffer_unknown,host_pps_capacity_unknown,nic_capacity_unknown	1	450d5ed4325f693c90f6bbf4e6e97591-11	200	0	2327680	2327680	0	0	2.661	30.058	26544.1	23568.0	26716	30	0	0	85	0	0	0	0	1000	759	0	0	250	0	0	0	0	0	0	0	0	3528004	503791	7.003	1024	16384	65536	239743	250	4	9487	37948	0	0	0	0
mio	plain	caller	shared-pool:4	per-connection	all	on	on	8	retain	16777216	33554432	33554432	33554432	33554432	3-5	off									3					3	3	0-2	3-5	600	600	600	50	50	none	8000000	input-relative:25		8000000	25	stage-a-v1-no-unvalidated-margin	revision=stage-a-v1-no-unvalidated-margin;window=0.00000000000000000;recovery=0.00000000000000000;socket=0.00000000000000000;host=1.00000000000000000;nic=1.00000000000000000;control=none;waves=none	conditional	expected_rtt_unknown,rtt_variance_unknown,effective_socket_buffer_unknown,host_pps_capacity_unknown	1	450d5ed4325f693c90f6bbf4e6e97591-12	600	0	6372223	6372223	0	0	0.000	30.172	24339.7	65022.2	51188	30	0	0	0	13677802	6372223	6468606	6370976	1000	759	759	6851403	250	0	0	0	0	0	0	0	0	0	0	0	0	0	0	0	250	0	0	0	0	0	0	0
mio	plain	listener	shared-pool:4	per-connection	all	on	on	8	retain	16777216	33554432	33554432	33554432	33554432	0-2	off									3					3	3	0-2	3-5	600	600	0	50	0	none	8000000	input-relative:25		8000000	25	stage-a-v1-no-unvalidated-margin	revision=stage-a-v1-no-unvalidated-margin;window=0.00000000000000000;recovery=0.00000000000000000;socket=0.00000000000000000;host=1.00000000000000000;nic=1.00000000000000000;control=none;waves=none	conditional	expected_rtt_unknown,rtt_variance_unknown,effective_socket_buffer_unknown,host_pps_capacity_unknown,nic_capacity_unknown	1	450d5ed4325f693c90f6bbf4e6e97591-12	600	0	9082723	6372223	0	0	4.520	30.191	38091.5	37024.5	112888	30	0	0	0	0	0	0	0	1000	759	0	0	250	0	0	0	0	0	0	0	0	0	0	0	0	0	0	0	250	0	0	0	0	0	0	0
tokio	plain	caller	shared-pool:4	per-connection	all	on	on	8	retain	16777216	33554432	33554432	33554432	33554432	3-5	off									3					3	3	0-2	3-5	600	600	600	50	50	none	8000000	input-relative:25		8000000	25	stage-a-v1-no-unvalidated-margin	revision=stage-a-v1-no-unvalidated-margin;window=0.00000000000000000;recovery=0.00000000000000000;socket=0.00000000000000000;host=1.00000000000000000;nic=1.00000000000000000;control=none;waves=none	conditional	expected_rtt_unknown,rtt_variance_unknown,effective_socket_buffer_unknown,host_pps_capacity_unknown	1	450d5ed4325f693c90f6bbf4e6e97591-13	600	0	4408205	4408205	0	0	0.000	30.236	31564.8	57881.3	42040	30	0	0	873	13677462	4408205	4442429	4407556	1000	759	759	8814429	250	0	0	0	0	0	0	0	0	0	0	0	0	0	0	0	250	0	0	0	0	0	0	0
tokio	plain	listener	shared-pool:4	per-connection	all	on	on	8	retain	16777216	33554432	33554432	33554432	33554432	0-2	off									3					3	3	0-2	3-5	600	600	0	50	0	none	8000000	input-relative:25		8000000	25	stage-a-v1-no-unvalidated-margin	revision=stage-a-v1-no-unvalidated-margin;window=0.00000000000000000;recovery=0.00000000000000000;socket=0.00000000000000000;host=1.00000000000000000;nic=1.00000000000000000;control=none;waves=none	conditional	expected_rtt_unknown,rtt_variance_unknown,effective_socket_buffer_unknown,host_pps_capacity_unknown,nic_capacity_unknown	1	450d5ed4325f693c90f6bbf4e6e97591-13	600	0	4408205	4408205	0	0	8.580	30.246	37100.1	37001.4	50516	30	0	0	873	0	0	0	0	1000	759	0	0	250	0	0	0	0	0	0	0	0	7754681	529220	14.653	8192	131072	262144	382071	250	4	28462	113848	0	0	0	0
mio	plain	caller	shared-pool:4	per-connection	all	on	on	8	retain	16777216	33554432	33554432	33554432	33554432	3-5	off									3					3	3	0-2	3-5	1200	1200	1200	50	50	none	8000000	input-relative:25		8000000	25	stage-a-v1-no-unvalidated-margin	revision=stage-a-v1-no-unvalidated-margin;window=0.00000000000000000;recovery=0.00000000000000000;socket=0.00000000000000000;host=1.00000000000000000;nic=1.00000000000000000;control=none;waves=none	conditional	expected_rtt_unknown,rtt_variance_unknown,effective_socket_buffer_unknown,host_pps_capacity_unknown	1	450d5ed4325f693c90f6bbf4e6e97591-14	1200	0	4561891	4561891	2662	0	0.000	30.829	26547.4	64083.7	83128	30	1331	1331	178	27353614	4561891	4603200	4560147	1000	759	759	21882105	250	0	0	0	0	0	0	0	0	0	0	0	0	0	0	0	250	0	0	0	0	0	0	0
mio	plain	listener	shared-pool:4	per-connection	all	on	on	8	retain	16777216	33554432	33554432	33554432	33554432	0-2	off									3					3	3	0-2	3-5	1200	1200	0	50	0	none	8000000	input-relative:25		8000000	25	stage-a-v1-no-unvalidated-margin	revision=stage-a-v1-no-unvalidated-margin;window=0.00000000000000000;recovery=0.00000000000000000;socket=0.00000000000000000;host=1.00000000000000000;nic=1.00000000000000000;control=none;waves=none	conditional	expected_rtt_unknown,rtt_variance_unknown,effective_socket_buffer_unknown,host_pps_capacity_unknown,nic_capacity_unknown	1	450d5ed4325f693c90f6bbf4e6e97591-14	1200	0	8815468	4561891	1331	1331	7.840	30.846	35961.6	45914.1	121536	30	1331	1331	178	0	0	0	0	1000	759	0	0	250	0	0	0	0	0	0	0	0	0	0	0	0	0	0	0	250	0	0	0	0	0	0	0
tokio	plain	caller	shared-pool:4	per-connection	all	on	on	8	retain	16777216	33554432	33554432	33554432	33554432	3-5	off									3					3	3	0-2	3-5	1200	1200	1200	50	50	none	8000000	input-relative:25		8000000	25	stage-a-v1-no-unvalidated-margin	revision=stage-a-v1-no-unvalidated-margin;window=0.00000000000000000;recovery=0.00000000000000000;socket=0.00000000000000000;host=1.00000000000000000;nic=1.00000000000000000;control=none;waves=none	conditional	expected_rtt_unknown,rtt_variance_unknown,effective_socket_buffer_unknown,host_pps_capacity_unknown	1	450d5ed4325f693c90f6bbf4e6e97591-15	1200	0	2698475	2698475	0	0	0.000	30.735	29154.7	61151.4	50776	30	0	0	6018	27347126	2698475	2700672	2697065	1000	759	759	23739033	250	0	0	0	0	0	0	0	0	0	0	0	0	0	0	0	250	0	0	0	0	0	0	0
tokio	plain	listener	shared-pool:4	per-connection	all	on	on	8	retain	16777216	33554432	33554432	33554432	33554432	0-2	off									3					3	3	0-2	3-5	1200	1200	0	50	0	none	8000000	input-relative:25		8000000	25	stage-a-v1-no-unvalidated-margin	revision=stage-a-v1-no-unvalidated-margin;window=0.00000000000000000;recovery=0.00000000000000000;socket=0.00000000000000000;host=1.00000000000000000;nic=1.00000000000000000;control=none;waves=none	conditional	expected_rtt_unknown,rtt_variance_unknown,effective_socket_buffer_unknown,host_pps_capacity_unknown,nic_capacity_unknown	1	450d5ed4325f693c90f6bbf4e6e97591-15	1200	0	2698475	2698475	0	0	30.982	30.756	31680.0	47466.4	43344	30	0	0	6018	0	0	0	0	1000	759	0	0	250	0	0	0	0	0	0	0	0	8017516	482986	16.600	16384	262144	524288	845218	250	4	56925	227700	0	0	0	0
mio	plain	caller	shared-pool:4	per-connection	all	on	on	8	retain	16777216	33554432	33554432	33554432	33554432	3-5	off									3					3	3	0-2	3-5	30	30	30	50	30	none	1000000	fixed:100000000	100000000		25	stage-a-v1-no-unvalidated-margin	revision=stage-a-v1-no-unvalidated-margin;window=0.00000000000000000;recovery=0.00000000000000000;socket=0.00000000000000000;host=1.00000000000000000;nic=1.00000000000000000;control=none;waves=none	conditional	expected_rtt_unknown,rtt_variance_unknown,effective_socket_buffer_unknown,host_pps_capacity_unknown	1	450d5ed4325f693c90f6bbf4e6e97591-16	30	0	85500	85500	0	0	0.000	30.021	2094.4	9650.8	5804	30	0	0	4	85500	85500	175	175	1000	94	3	0	250	0	0	0	0	0	0	0	0	0	0	0	0	0	0	0	250	0	0	0	0	0	0	0
mio	plain	listener	shared-pool:4	per-connection	all	on	on	8	retain	16777216	33554432	33554432	33554432	33554432	0-2	off									3					3	3	0-2	3-5	30	30	0	50	0	none	1000000	fixed:100000000	100000000		25	stage-a-v1-no-unvalidated-margin	revision=stage-a-v1-no-unvalidated-margin;window=0.00000000000000000;recovery=0.00000000000000000;socket=0.00000000000000000;host=1.00000000000000000;nic=1.00000000000000000;control=none;waves=none	conditional	expected_rtt_unknown,rtt_variance_unknown,effective_socket_buffer_unknown,host_pps_capacity_unknown,nic_capacity_unknown	1	450d5ed4325f693c90f6bbf4e6e97591-16	30	0	263393	85500	0	0	0.728	30.027	1878.4	7923.7	6272	30	0	0	4	0	0	0	0	1000	94	0	0	250	0	0	0	0	0	0	0	0	0	0	0	0	0	0	0	250	0	0	0	0	0	0	0
tokio	plain	caller	shared-pool:4	per-connection	all	on	on	8	retain	16777216	33554432	33554432	33554432	33554432	3-5	off									3					3	3	0-2	3-5	30	30	30	50	28	none	1000000	fixed:100000000	100000000		25	stage-a-v1-no-unvalidated-margin	revision=stage-a-v1-no-unvalidated-margin;window=0.00000000000000000;recovery=0.00000000000000000;socket=0.00000000000000000;host=1.00000000000000000;nic=1.00000000000000000;control=none;waves=none	conditional	expected_rtt_unknown,rtt_variance_unknown,effective_socket_buffer_unknown,host_pps_capacity_unknown	1	450d5ed4325f693c90f6bbf4e6e97591-17	30	0	85500	85500	0	0	0.000	30.013	3472.1	8910.6	6460	30	0	0	20	85500	85500	568	435	1000	94	4	0	250	0	0	0	0	0	0	0	0	0	0	0	0	0	0	0	250	0	0	0	0	0	0	0
tokio	plain	listener	shared-pool:4	per-connection	all	on	on	8	retain	16777216	33554432	33554432	33554432	33554432	0-2	off									3					3	3	0-2	3-5	30	30	0	50	0	none	1000000	fixed:100000000	100000000		25	stage-a-v1-no-unvalidated-margin	revision=stage-a-v1-no-unvalidated-margin;window=0.00000000000000000;recovery=0.00000000000000000;socket=0.00000000000000000;host=1.00000000000000000;nic=1.00000000000000000;control=none;waves=none	conditional	expected_rtt_unknown,rtt_variance_unknown,effective_socket_buffer_unknown,host_pps_capacity_unknown,nic_capacity_unknown	1	450d5ed4325f693c90f6bbf4e6e97591-17	30	0	85500	85500	0	0	0.267	30.016	4340.0	7773.6	7936	30	0	0	20	0	0	0	0	1000	94	0	0	250	0	0	0	0	0	0	0	0	264149	68669	3.847	1024	2048	8192	35708	250	4	188	752	0	0	0	0
mio	plain	listener	shared-pool:4	per-connection	all	on	on	8	retain	16777216	33554432	33554432	33554432	33554432	0-2	off									3					3	3	0-2	3-5	200	200	0	50	0	none	1000000	fixed:100000000	100000000		25	stage-a-v1-no-unvalidated-margin	revision=stage-a-v1-no-unvalidated-margin;window=0.00000000000000000;recovery=0.00000000000000000;socket=0.00000000000000000;host=1.00000000000000000;nic=1.00000000000000000;control=none;waves=none	conditional	expected_rtt_unknown,rtt_variance_unknown,effective_socket_buffer_unknown,host_pps_capacity_unknown,nic_capacity_unknown	1	450d5ed4325f693c90f6bbf4e6e97591-18	200	0	1673950	570000	0	0	1.187	30.025	7592.0	17325.6	12940	30	0	0	1	0	0	0	0	1000	94	0	0	250	0	0	0	0	0	0	0	0	0	0	0	0	0	0	0	250	0	0	0	0	0	0	0
mio	plain	caller	shared-pool:4	per-connection	all	on	on	8	retain	16777216	33554432	33554432	33554432	33554432	3-5	off									3					3	3	0-2	3-5	200	200	200	50	50	none	1000000	fixed:100000000	100000000		25	stage-a-v1-no-unvalidated-margin	revision=stage-a-v1-no-unvalidated-margin;window=0.00000000000000000;recovery=0.00000000000000000;socket=0.00000000000000000;host=1.00000000000000000;nic=1.00000000000000000;control=none;waves=none	conditional	expected_rtt_unknown,rtt_variance_unknown,effective_socket_buffer_unknown,host_pps_capacity_unknown	1	450d5ed4325f693c90f6bbf4e6e97591-18	200	0	570000	570000	0	0	0.000	30.023	8050.5	22536.6	10220	30	0	0	1	570000	570000	6546	6546	1000	94	10	0	250	0	0	0	0	0	0	0	0	0	0	0	0	0	0	0	250	0	0	0	0	0	0	0
tokio	plain	caller	shared-pool:4	per-connection	all	on	on	8	retain	16777216	33554432	33554432	33554432	33554432	3-5	off									3					3	3	0-2	3-5	200	200	200	50	50	none	1000000	fixed:100000000	100000000		25	stage-a-v1-no-unvalidated-margin	revision=stage-a-v1-no-unvalidated-margin;window=0.00000000000000000;recovery=0.00000000000000000;socket=0.00000000000000000;host=1.00000000000000000;nic=1.00000000000000000;control=none;waves=none	conditional	expected_rtt_unknown,rtt_variance_unknown,effective_socket_buffer_unknown,host_pps_capacity_unknown	1	450d5ed4325f693c90f6bbf4e6e97591-19	200	0	570000	570000	0	0	0.000	30.036	14795.3	23123.5	10652	30	0	0	127	570000	570000	21232	16265	1000	94	6	0	250	0	0	0	0	0	0	0	0	0	0	0	0	0	0	0	250	0	0	0	0	0	0	0
tokio	plain	listener	shared-pool:4	per-connection	all	on	on	8	retain	16777216	33554432	33554432	33554432	33554432	0-2	off									3					3	3	0-2	3-5	200	200	0	50	0	none	1000000	fixed:100000000	100000000		25	stage-a-v1-no-unvalidated-margin	revision=stage-a-v1-no-unvalidated-margin;window=0.00000000000000000;recovery=0.00000000000000000;socket=0.00000000000000000;host=1.00000000000000000;nic=1.00000000000000000;control=none;waves=none	conditional	expected_rtt_unknown,rtt_variance_unknown,effective_socket_buffer_unknown,host_pps_capacity_unknown,nic_capacity_unknown	1	450d5ed4325f693c90f6bbf4e6e97591-19	200	0	570000	570000	0	0	1.052	30.040	12633.6	18224.4	13312	30	0	0	127	0	0	0	0	1000	94	0	0	250	0	0	0	0	0	0	0	0	1647743	279523	5.895	2048	4096	16384	80708	250	4	1175	4700	0	0	0	0
mio	plain	caller	shared-pool:4	per-connection	all	on	on	8	retain	16777216	33554432	33554432	33554432	33554432	3-5	off									3					3	3	0-2	3-5	600	600	600	50	50	none	1000000	fixed:100000000	100000000		25	stage-a-v1-no-unvalidated-margin	revision=stage-a-v1-no-unvalidated-margin;window=0.00000000000000000;recovery=0.00000000000000000;socket=0.00000000000000000;host=1.00000000000000000;nic=1.00000000000000000;control=none;waves=none	conditional	expected_rtt_unknown,rtt_variance_unknown,effective_socket_buffer_unknown,host_pps_capacity_unknown	1	450d5ed4325f693c90f6bbf4e6e97591-20	600	0	1710000	1710000	0	0	0.000	30.073	24252.7	52570.7	26020	30	0	0	62	1710000	1710000	257287	257287	1000	94	35	0	250	0	0	0	0	0	0	0	0	0	0	0	0	0	0	0	250	0	0	0	0	0	0	0
mio	plain	listener	shared-pool:4	per-connection	all	on	on	8	retain	16777216	33554432	33554432	33554432	33554432	0-2	off									3					3	3	0-2	3-5	600	600	0	50	0	none	1000000	fixed:100000000	100000000		25	stage-a-v1-no-unvalidated-margin	revision=stage-a-v1-no-unvalidated-margin;window=0.00000000000000000;recovery=0.00000000000000000;socket=0.00000000000000000;host=1.00000000000000000;nic=1.00000000000000000;control=none;waves=none	conditional	expected_rtt_unknown,rtt_variance_unknown,effective_socket_buffer_unknown,host_pps_capacity_unknown,nic_capacity_unknown	1	450d5ed4325f693c90f6bbf4e6e97591-20	600	0	4642527	1710000	0	0	3.020	30.081	22467.0	39316.7	38724	30	0	0	68	0	0	0	0	1000	94	0	0	250	0	0	0	0	0	0	0	0	0	0	0	0	0	0	0	250	0	0	0	0	0	0	0
tokio	plain	caller	shared-pool:4	per-connection	all	on	on	8	retain	16777216	33554432	33554432	33554432	33554432	3-5	off									3					3	3	0-2	3-5	600	600	600	50	50	none	1000000	fixed:100000000	100000000		25	stage-a-v1-no-unvalidated-margin	revision=stage-a-v1-no-unvalidated-margin;window=0.00000000000000000;recovery=0.00000000000000000;socket=0.00000000000000000;host=1.00000000000000000;nic=1.00000000000000000;control=none;waves=none	conditional	expected_rtt_unknown,rtt_variance_unknown,effective_socket_buffer_unknown,host_pps_capacity_unknown	1	450d5ed4325f693c90f6bbf4e6e97591-21	600	0	1708801	1708801	0	0	0.000	30.125	33143.5	48222.6	35116	30	0	0	604	1709852	1708801	842724	487738	1000	94	40	0	250	0	0	0	0	0	0	0	0	0	0	0	0	0	0	0	250	0	0	0	0	0	0	0
tokio	plain	listener	shared-pool:4	per-connection	all	on	on	8	retain	16777216	33554432	33554432	33554432	33554432	0-2	off									3					3	3	0-2	3-5	600	600	0	50	0	none	1000000	fixed:100000000	100000000		25	stage-a-v1-no-unvalidated-margin	revision=stage-a-v1-no-unvalidated-margin;window=0.00000000000000000;recovery=0.00000000000000000;socket=0.00000000000000000;host=1.00000000000000000;nic=1.00000000000000000;control=none;waves=none	conditional	expected_rtt_unknown,rtt_variance_unknown,effective_socket_buffer_unknown,host_pps_capacity_unknown,nic_capacity_unknown	1	450d5ed4325f693c90f6bbf4e6e97591-21	600	0	1708801	1708801	0	0	11.507	30.140	26915.9	35636.0	35772	30	0	0	695	0	0	0	0	1000	94	0	0	250	0	0	0	0	0	0	0	0	4608772	446977	10.311	4096	65536	262144	476201	250	4	3525	14100	0	0	0	0
mio	plain	caller	shared-pool:4	per-connection	all	on	on	8	retain	16777216	33554432	33554432	33554432	33554432	3-5	off									3					3	3	0-2	3-5	1200	1200	1200	50	50	none	1000000	fixed:100000000	100000000		25	stage-a-v1-no-unvalidated-margin	revision=stage-a-v1-no-unvalidated-margin;window=0.00000000000000000;recovery=0.00000000000000000;socket=0.00000000000000000;host=1.00000000000000000;nic=1.00000000000000000;control=none;waves=none	conditional	expected_rtt_unknown,rtt_variance_unknown,effective_socket_buffer_unknown,host_pps_capacity_unknown	1	450d5ed4325f693c90f6bbf4e6e97591-22	1200	0	3414603	3414603	0	0	0.000	30.460	25678.6	62429.0	42156	30	0	0	350	3419355	3414603	1243544	1243544	1000	94	38	0	250	0	0	0	0	0	0	0	0	0	0	0	0	0	0	0	250	0	0	0	0	0	0	0
mio	plain	listener	shared-pool:4	per-connection	all	on	on	8	retain	16777216	33554432	33554432	33554432	33554432	0-2	off									3					3	3	0-2	3-5	1200	1200	0	50	0	none	1000000	fixed:100000000	100000000		25	stage-a-v1-no-unvalidated-margin	revision=stage-a-v1-no-unvalidated-margin;window=0.00000000000000000;recovery=0.00000000000000000;socket=0.00000000000000000;host=1.00000000000000000;nic=1.00000000000000000;control=none;waves=none	conditional	expected_rtt_unknown,rtt_variance_unknown,effective_socket_buffer_unknown,host_pps_capacity_unknown,nic_capacity_unknown	1	450d5ed4325f693c90f6bbf4e6e97591-22	1200	0	8242554	3414603	0	0	9.116	30.471	31717.2	48551.6	59380	30	0	0	350	0	0	0	0	1000	94	0	0	250	0	0	0	0	0	0	0	0	0	0	0	0	0	0	0	250	0	0	0	0	0	0	0
tokio	plain	caller	shared-pool:4	per-connection	all	on	on	8	retain	16777216	33554432	33554432	33554432	33554432	3-5	off									3					3	3	0-2	3-5	1200	1200	1200	50	50	none	1000000	fixed:100000000	100000000		25	stage-a-v1-no-unvalidated-margin	revision=stage-a-v1-no-unvalidated-margin;window=0.00000000000000000;recovery=0.00000000000000000;socket=0.00000000000000000;host=1.00000000000000000;nic=1.00000000000000000;control=none;waves=none	conditional	expected_rtt_unknown,rtt_variance_unknown,effective_socket_buffer_unknown,host_pps_capacity_unknown	1	450d5ed4325f693c90f6bbf4e6e97591-23	1200	0	2604505	2604505	0	0	0.000	30.480	28792.7	60054.5	59820	30	0	0	1485	3415121	2604505	5187163	2596447	1000	94	94	707048	250	0	0	0	0	0	0	0	0	0	0	0	0	0	0	0	250	0	0	0	0	0	0	0
tokio	plain	listener	shared-pool:4	per-connection	all	on	on	8	retain	16777216	33554432	33554432	33554432	33554432	0-2	off									3					3	3	0-2	3-5	1200	1200	0	50	0	none	1000000	fixed:100000000	100000000		25	stage-a-v1-no-unvalidated-margin	revision=stage-a-v1-no-unvalidated-margin;window=0.00000000000000000;recovery=0.00000000000000000;socket=0.00000000000000000;host=1.00000000000000000;nic=1.00000000000000000;control=none;waves=none	conditional	expected_rtt_unknown,rtt_variance_unknown,effective_socket_buffer_unknown,host_pps_capacity_unknown,nic_capacity_unknown	1	450d5ed4325f693c90f6bbf4e6e97591-23	1200	0	2604505	2604505	0	0	29.800	30.498	30860.9	47138.9	42236	30	0	0	1485	0	0	0	0	1000	94	0	0	250	0	0	0	0	0	0	0	0	7860574	467472	16.815	32768	262144	524288	666575	250	4	7050	28200	0	0	0	0
mio	plain	caller	shared-pool:4	per-connection	all	on	on	8	retain	16777216	33554432	33554432	33554432	33554432	3-5	off									3					3	3	0-2	3-5	30	30	30	50	30	none	8000000	fixed:100000000	100000000		25	stage-a-v1-no-unvalidated-margin	revision=stage-a-v1-no-unvalidated-margin;window=0.00000000000000000;recovery=0.00000000000000000;socket=0.00000000000000000;host=1.00000000000000000;nic=1.00000000000000000;control=none;waves=none	conditional	expected_rtt_unknown,rtt_variance_unknown,effective_socket_buffer_unknown,host_pps_capacity_unknown	1	450d5ed4325f693c90f6bbf4e6e97591-24	30	0	683910	683910	0	0	0.000	30.024	4783.9	30253.8	6656	30	0	0	0	683910	683910	411473	310590	1000	759	323	0	250	0	0	0	0	0	0	0	0	0	0	0	0	0	0	0	250	0	0	0	0	0	0	0
mio	plain	listener	shared-pool:4	per-connection	all	on	on	8	retain	16777216	33554432	33554432	33554432	33554432	0-2	off									3					3	3	0-2	3-5	30	30	0	50	0	none	8000000	fixed:100000000	100000000		25	stage-a-v1-no-unvalidated-margin	revision=stage-a-v1-no-unvalidated-margin;window=0.00000000000000000;recovery=0.00000000000000000;socket=0.00000000000000000;host=1.00000000000000000;nic=1.00000000000000000;control=none;waves=none	conditional	expected_rtt_unknown,rtt_variance_unknown,effective_socket_buffer_unknown,host_pps_capacity_unknown,nic_capacity_unknown	1	450d5ed4325f693c90f6bbf4e6e97591-24	30	0	877968	683910	0	0	0.661	30.030	7472.9	16620.2	11492	30	0	0	0	0	0	0	0	1000	759	0	0	250	0	0	0	0	0	0	0	0	0	0	0	0	0	0	0	250	0	0	0	0	0	0	0
tokio	plain	caller	shared-pool:4	per-connection	all	on	on	8	retain	16777216	33554432	33554432	33554432	33554432	3-5	off									3					3	3	0-2	3-5	30	30	30	50	29	none	8000000	fixed:100000000	100000000		25	stage-a-v1-no-unvalidated-margin	revision=stage-a-v1-no-unvalidated-margin;window=0.00000000000000000;recovery=0.00000000000000000;socket=0.00000000000000000;host=1.00000000000000000;nic=1.00000000000000000;control=none;waves=none	conditional	expected_rtt_unknown,rtt_variance_unknown,effective_socket_buffer_unknown,host_pps_capacity_unknown	1	450d5ed4325f693c90f6bbf4e6e97591-25	30	0	607682	607682	0	0	0.000	30.005	8777.3	25578.7	7296	30	0	0	0	683896	607682	1124887	571275	1000	759	759	53511	250	0	0	0	0	0	0	0	0	0	0	0	0	0	0	0	250	0	0	0	0	0	0	0
tokio	plain	listener	shared-pool:4	per-connection	all	on	on	8	retain	16777216	33554432	33554432	33554432	33554432	0-2	off									3					3	3	0-2	3-5	30	30	0	50	0	none	8000000	fixed:100000000	100000000		25	stage-a-v1-no-unvalidated-margin	revision=stage-a-v1-no-unvalidated-margin;window=0.00000000000000000;recovery=0.00000000000000000;socket=0.00000000000000000;host=1.00000000000000000;nic=1.00000000000000000;control=none;waves=none	conditional	expected_rtt_unknown,rtt_variance_unknown,effective_socket_buffer_unknown,host_pps_capacity_unknown,nic_capacity_unknown	1	450d5ed4325f693c90f6bbf4e6e97591-25	30	0	607682	607682	0	0	1.452	30.010	12871.2	14599.1	11776	30	0	0	0	0	0	0	0	1000	759	0	0	250	0	0	0	0	0	0	0	0	802730	250325	3.207	1024	8192	32768	136858	250	4	1518	6072	0	0	0	0
mio	plain	caller	shared-pool:4	per-connection	all	on	on	8	retain	16777216	33554432	33554432	33554432	33554432	3-5	off									3					3	3	0-2	3-5	200	200	200	50	50	none	8000000	fixed:100000000	100000000		25	stage-a-v1-no-unvalidated-margin	revision=stage-a-v1-no-unvalidated-margin;window=0.00000000000000000;recovery=0.00000000000000000;socket=0.00000000000000000;host=1.00000000000000000;nic=1.00000000000000000;control=none;waves=none	conditional	expected_rtt_unknown,rtt_variance_unknown,effective_socket_buffer_unknown,host_pps_capacity_unknown	1	450d5ed4325f693c90f6bbf4e6e97591-26	200	0	4559376	4559376	38740	0	0.000	30.049	21639.0	58371.4	89720	30	21289	21289	76	4559400	4559376	3619308	3618954	1000	759	509	0	250	0	0	0	0	0	0	0	0	0	0	0	0	0	0	0	250	0	0	0	0	0	0	0
mio	plain	listener	shared-pool:4	per-connection	all	on	on	8	retain	16777216	33554432	33554432	33554432	33554432	0-2	off									3					3	3	0-2	3-5	200	200	0	50	0	none	8000000	fixed:100000000	100000000		25	stage-a-v1-no-unvalidated-margin	revision=stage-a-v1-no-unvalidated-margin;window=0.00000000000000000;recovery=0.00000000000000000;socket=0.00000000000000000;host=1.00000000000000000;nic=1.00000000000000000;control=none;waves=none	conditional	expected_rtt_unknown,rtt_variance_unknown,effective_socket_buffer_unknown,host_pps_capacity_unknown,nic_capacity_unknown	1	450d5ed4325f693c90f6bbf4e6e97591-26	200	0	5507485	4559376	19370	19370	2.188	30.068	34945.2	29985.0	113528	30	21289	21289	76	0	0	0	0	1000	759	0	0	250	0	0	0	0	0	0	0	0	0	0	0	0	0	0	0	250	0	0	0	0	0	0	0
tokio	plain	listener	shared-pool:4	per-connection	all	on	on	8	retain	16777216	33554432	33554432	33554432	33554432	0-2	off									3					3	3	0-2	3-5	200	200	0	50	0	none	8000000	fixed:100000000	100000000		25	stage-a-v1-no-unvalidated-margin	revision=stage-a-v1-no-unvalidated-margin;window=0.00000000000000000;recovery=0.00000000000000000;socket=0.00000000000000000;host=1.00000000000000000;nic=1.00000000000000000;control=none;waves=none	conditional	expected_rtt_unknown,rtt_variance_unknown,effective_socket_buffer_unknown,host_pps_capacity_unknown,nic_capacity_unknown	1	450d5ed4325f693c90f6bbf4e6e97591-27	200	0	3710058	3710058	0	0	3.194	30.069	33760.9	23369.7	36896	30	0	0	87	0	0	0	0	1000	759	0	0	250	0	0	0	0	0	0	0	0	4967791	713152	6.966	2048	8192	32768	171311	250	4	9487	37948	0	0	0	0
tokio	plain	caller	shared-pool:4	per-connection	all	on	on	8	retain	16777216	33554432	33554432	33554432	33554432	3-5	off									3					3	3	0-2	3-5	200	200	200	50	50	none	8000000	fixed:100000000	100000000		25	stage-a-v1-no-unvalidated-margin	revision=stage-a-v1-no-unvalidated-margin;window=0.00000000000000000;recovery=0.00000000000000000;socket=0.00000000000000000;host=1.00000000000000000;nic=1.00000000000000000;control=none;waves=none	conditional	expected_rtt_unknown,rtt_variance_unknown,effective_socket_buffer_unknown,host_pps_capacity_unknown	1	450d5ed4325f693c90f6bbf4e6e97591-27	200	0	3710058	3710058	0	0	0.000	30.072	24444.2	43863.8	16896	30	0	0	87	4559200	3710058	7407193	3708671	1000	759	759	697648	250	0	0	0	0	0	0	0	0	0	0	0	0	0	0	0	250	0	0	0	0	0	0	0
mio	plain	caller	shared-pool:4	per-connection	all	on	on	8	retain	16777216	33554432	33554432	33554432	33554432	3-5	off									3					3	3	0-2	3-5	600	600	600	50	50	none	8000000	fixed:100000000	100000000		25	stage-a-v1-no-unvalidated-margin	revision=stage-a-v1-no-unvalidated-margin;window=0.00000000000000000;recovery=0.00000000000000000;socket=0.00000000000000000;host=1.00000000000000000;nic=1.00000000000000000;control=none;waves=none	conditional	expected_rtt_unknown,rtt_variance_unknown,effective_socket_buffer_unknown,host_pps_capacity_unknown	1	450d5ed4325f693c90f6bbf4e6e97591-28	600	0	6342726	6342726	0	0	0.000	30.217	24989.6	64366.2	42856	30	0	0	390	13677663	6342726	6347070	6339840	1000	759	759	6894710	250	0	0	0	0	0	0	0	0	0	0	0	0	0	0	0	250	0	0	0	0	0	0	0
mio	plain	listener	shared-pool:4	per-connection	all	on	on	8	retain	16777216	33554432	33554432	33554432	33554432	0-2	off									3					3	3	0-2	3-5	600	600	0	50	0	none	8000000	fixed:100000000	100000000		25	stage-a-v1-no-unvalidated-margin	revision=stage-a-v1-no-unvalidated-margin;window=0.00000000000000000;recovery=0.00000000000000000;socket=0.00000000000000000;host=1.00000000000000000;nic=1.00000000000000000;control=none;waves=none	conditional	expected_rtt_unknown,rtt_variance_unknown,effective_socket_buffer_unknown,host_pps_capacity_unknown,nic_capacity_unknown	1	450d5ed4325f693c90f6bbf4e6e97591-28	600	0	9125041	6342726	0	0	5.987	30.255	37361.9	37649.4	88380	30	0	0	1225	0	0	0	0	1000	759	0	0	250	0	0	0	0	0	0	0	0	0	0	0	0	0	0	0	250	0	0	0	0	0	0	0
tokio	plain	caller	shared-pool:4	per-connection	all	on	on	8	retain	16777216	33554432	33554432	33554432	33554432	3-5	off									3					3	3	0-2	3-5	600	600	600	50	50	none	8000000	fixed:100000000	100000000		25	stage-a-v1-no-unvalidated-margin	revision=stage-a-v1-no-unvalidated-margin;window=0.00000000000000000;recovery=0.00000000000000000;socket=0.00000000000000000;host=1.00000000000000000;nic=1.00000000000000000;control=none;waves=none	conditional	expected_rtt_unknown,rtt_variance_unknown,effective_socket_buffer_unknown,host_pps_capacity_unknown	1	450d5ed4325f693c90f6bbf4e6e97591-29	600	0	4387405	4387405	0	0	0.000	30.161	32625.8	56670.0	31744	30	0	0	418	13677590	4387405	8766396	4386954	1000	759	759	8835656	250	0	0	0	0	0	0	0	0	0	0	0	0	0	0	0	250	0	0	0	0	0	0	0
tokio	plain	listener	shared-pool:4	per-connection	all	on	on	8	retain	16777216	33554432	33554432	33554432	33554432	0-2	off									3					3	3	0-2	3-5	600	600	0	50	0	none	8000000	fixed:100000000	100000000		25	stage-a-v1-no-unvalidated-margin	revision=stage-a-v1-no-unvalidated-margin;window=0.00000000000000000;recovery=0.00000000000000000;socket=0.00000000000000000;host=1.00000000000000000;nic=1.00000000000000000;control=none;waves=none	conditional	expected_rtt_unknown,rtt_variance_unknown,effective_socket_buffer_unknown,host_pps_capacity_unknown,nic_capacity_unknown	1	450d5ed4325f693c90f6bbf4e6e97591-29	600	0	4387405	4387405	0	0	4.873	30.168	36715.8	35293.5	46948	30	0	0	418	0	0	0	0	1000	759	0	0	250	0	0	0	0	0	0	0	0	7787030	647572	12.025	4096	65536	131072	280071	250	4	28462	113848	0	0	0	0
mio	plain	caller	shared-pool:4	per-connection	all	on	on	8	retain	16777216	33554432	33554432	33554432	33554432	3-5	off									3					3	3	0-2	3-5	1200	1200	1200	50	50	none	8000000	fixed:100000000	100000000		25	stage-a-v1-no-unvalidated-margin	revision=stage-a-v1-no-unvalidated-margin;window=0.00000000000000000;recovery=0.00000000000000000;socket=0.00000000000000000;host=1.00000000000000000;nic=1.00000000000000000;control=none;waves=none	conditional	expected_rtt_unknown,rtt_variance_unknown,effective_socket_buffer_unknown,host_pps_capacity_unknown	1	450d5ed4325f693c90f6bbf4e6e97591-30	1200	0	4609550	4609550	0	0	0.000	30.620	26085.0	63982.4	43796	30	0	0	697	27353497	4609550	4607804	4607129	1000	759	759	21840662	250	0	0	0	0	0	0	0	0	0	0	0	0	0	0	0	250	0	0	0	0	0	0	0
mio	plain	listener	shared-pool:4	per-connection	all	on	on	8	retain	16777216	33554432	33554432	33554432	33554432	0-2	off									3					3	3	0-2	3-5	1200	1200	0	50	0	none	8000000	fixed:100000000	100000000		25	stage-a-v1-no-unvalidated-margin	revision=stage-a-v1-no-unvalidated-margin;window=0.00000000000000000;recovery=0.00000000000000000;socket=0.00000000000000000;host=1.00000000000000000;nic=1.00000000000000000;control=none;waves=none	conditional	expected_rtt_unknown,rtt_variance_unknown,effective_socket_buffer_unknown,host_pps_capacity_unknown,nic_capacity_unknown	1	450d5ed4325f693c90f6bbf4e6e97591-30	1200	0	9070583	4609550	0	0	9.956	30.633	35190.5	46246.3	76600	30	0	0	697	0	0	0	0	1000	759	0	0	250	0	0	0	0	0	0	0	0	0	0	0	0	0	0	0	250	0	0	0	0	0	0	0
tokio	plain	caller	shared-pool:4	per-connection	all	on	on	8	retain	16777216	33554432	33554432	33554432	33554432	3-5	off									3					3	3	0-2	3-5	1200	1200	1200	50	50	none	8000000	fixed:100000000	100000000		25	stage-a-v1-no-unvalidated-margin	revision=stage-a-v1-no-unvalidated-margin;window=0.00000000000000000;recovery=0.00000000000000000;socket=0.00000000000000000;host=1.00000000000000000;nic=1.00000000000000000;control=none;waves=none	conditional	expected_rtt_unknown,rtt_variance_unknown,effective_socket_buffer_unknown,host_pps_capacity_unknown	1	450d5ed4325f693c90f6bbf4e6e97591-31	1200	0	2636526	2636526	0	0	0.000	30.736	29283.7	60678.3	50632	30	0	0	1371	27353216	2636526	5267155	2636365	1000	759	759	23807391	250	0	0	0	0	0	0	0	0	0	0	0	0	0	0	0	250	0	0	0	0	0	0	0
tokio	plain	listener	shared-pool:4	per-connection	all	on	on	8	retain	16777216	33554432	33554432	33554432	33554432	0-2	off									3					3	3	0-2	3-5	1200	1200	0	50	0	none	8000000	fixed:100000000	100000000		25	stage-a-v1-no-unvalidated-margin	revision=stage-a-v1-no-unvalidated-margin;window=0.00000000000000000;recovery=0.00000000000000000;socket=0.00000000000000000;host=1.00000000000000000;nic=1.00000000000000000;control=none;waves=none	conditional	expected_rtt_unknown,rtt_variance_unknown,effective_socket_buffer_unknown,host_pps_capacity_unknown,nic_capacity_unknown	1	450d5ed4325f693c90f6bbf4e6e97591-31	1200	0	2636526	2636526	0	0	9.813	30.744	31080.1	46033.7	42576	30	0	0	1371	0	0	0	0	1000	759	0	0	250	0	0	0	0	0	0	0	0	8044469	510087	15.771	16384	131072	262144	498116	250	4	56925	227700	0	0	0	0
mio	plain	caller	shared-pool:4	per-connection	all	on	on	8	retain	16777216	33554432	33554432	33554432	33554432	3-5	off									3					3	3	0-2	3-5	30	30	30	50	20	none	1000000	input-relative:25		1000000	25	stage-a-v1-no-unvalidated-margin	revision=stage-a-v1-no-unvalidated-margin;window=0.00000000000000000;recovery=0.00000000000000000;socket=0.00000000000000000;host=1.00000000000000000;nic=1.00000000000000000;control=none;waves=none	conditional	expected_rtt_unknown,rtt_variance_unknown,effective_socket_buffer_unknown,host_pps_capacity_unknown	2	450d5ed4325f693c90f6bbf4e6e97591-32	30	0	85500	85500	0	0	0.000	30.010	1645.7	6999.6	5760	30	0	0	1	85500	85500	14535	3525	1000	94	2	0	250	0	0	0	0	0	0	0	0	0	0	0	0	0	0	0	250	0	0	0	0	0	0	0
mio	plain	listener	shared-pool:4	per-connection	all	on	on	8	retain	16777216	33554432	33554432	33554432	33554432	0-2	off									3					3	3	0-2	3-5	30	30	0	50	0	none	1000000	input-relative:25		1000000	25	stage-a-v1-no-unvalidated-margin	revision=stage-a-v1-no-unvalidated-margin;window=0.00000000000000000;recovery=0.00000000000000000;socket=0.00000000000000000;host=1.00000000000000000;nic=1.00000000000000000;control=none;waves=none	conditional	expected_rtt_unknown,rtt_variance_unknown,effective_socket_buffer_unknown,host_pps_capacity_unknown,nic_capacity_unknown	2	450d5ed4325f693c90f6bbf4e6e97591-32	30	0	265836	85500	0	0	0.379	30.014	1535.7	5959.6	6528	30	0	0	1	0	0	0	0	1000	94	0	0	250	0	0	0	0	0	0	0	0	0	0	0	0	0	0	0	250	0	0	0	0	0	0	0
tokio	plain	caller	shared-pool:4	per-connection	all	on	on	8	retain	16777216	33554432	33554432	33554432	33554432	3-5	off									3					3	3	0-2	3-5	30	30	30	50	30	none	1000000	input-relative:25		1000000	25	stage-a-v1-no-unvalidated-margin	revision=stage-a-v1-no-unvalidated-margin;window=0.00000000000000000;recovery=0.00000000000000000;socket=0.00000000000000000;host=1.00000000000000000;nic=1.00000000000000000;control=none;waves=none	conditional	expected_rtt_unknown,rtt_variance_unknown,effective_socket_buffer_unknown,host_pps_capacity_unknown	2	450d5ed4325f693c90f6bbf4e6e97591-33	30	0	85500	85500	0	0	0.000	30.008	2764.4	6779.0	6508	30	0	0	36	85500	85500	11794	6528	1000	94	6	0	250	0	0	0	0	0	0	0	0	0	0	0	0	0	0	0	250	0	0	0	0	0	0	0
tokio	plain	listener	shared-pool:4	per-connection	all	on	on	8	retain	16777216	33554432	33554432	33554432	33554432	0-2	off									3					3	3	0-2	3-5	30	30	0	50	0	none	1000000	input-relative:25		1000000	25	stage-a-v1-no-unvalidated-margin	revision=stage-a-v1-no-unvalidated-margin;window=0.00000000000000000;recovery=0.00000000000000000;socket=0.00000000000000000;host=1.00000000000000000;nic=1.00000000000000000;control=none;waves=none	conditional	expected_rtt_unknown,rtt_variance_unknown,effective_socket_buffer_unknown,host_pps_capacity_unknown,nic_capacity_unknown	2	450d5ed4325f693c90f6bbf4e6e97591-33	30	0	85500	85500	0	0	0.235	30.011	3648.9	5708.6	7680	30	0	0	36	0	0	0	0	1000	94	0	0	250	0	0	0	0	0	0	0	0	271716	62620	4.339	2048	4096	8192	44334	250	4	188	752	0	0	0	0
mio	plain	caller	shared-pool:4	per-connection	all	on	on	8	retain	16777216	33554432	33554432	33554432	33554432	3-5	off									3					3	3	0-2	3-5	200	200	200	50	50	none	1000000	input-relative:25		1000000	25	stage-a-v1-no-unvalidated-margin	revision=stage-a-v1-no-unvalidated-margin;window=0.00000000000000000;recovery=0.00000000000000000;socket=0.00000000000000000;host=1.00000000000000000;nic=1.00000000000000000;control=none;waves=none	conditional	expected_rtt_unknown,rtt_variance_unknown,effective_socket_buffer_unknown,host_pps_capacity_unknown	2	450d5ed4325f693c90f6bbf4e6e97591-34	200	0	570000	570000	0	0	0.000	30.034	7370.4	18820.1	8320	30	0	0	0	570000	570000	103914	12833	1000	94	3	0	250	0	0	0	0	0	0	0	0	0	0	0	0	0	0	0	250	0	0	0	0	0	0	0
mio	plain	listener	shared-pool:4	per-connection	all	on	on	8	retain	16777216	33554432	33554432	33554432	33554432	0-2	off									3					3	3	0-2	3-5	200	200	0	50	0	none	1000000	input-relative:25		1000000	25	stage-a-v1-no-unvalidated-margin	revision=stage-a-v1-no-unvalidated-margin;window=0.00000000000000000;recovery=0.00000000000000000;socket=0.00000000000000000;host=1.00000000000000000;nic=1.00000000000000000;control=none;waves=none	conditional	expected_rtt_unknown,rtt_variance_unknown,effective_socket_buffer_unknown,host_pps_capacity_unknown,nic_capacity_unknown	2	450d5ed4325f693c90f6bbf4e6e97591-34	200	0	1711761	570000	0	0	1.829	30.038	7094.9	15766.5	11008	30	0	0	0	0	0	0	0	1000	94	0	0	250	0	0	0	0	0	0	0	0	0	0	0	0	0	0	0	250	0	0	0	0	0	0	0
tokio	plain	caller	shared-pool:4	per-connection	all	on	on	8	retain	16777216	33554432	33554432	33554432	33554432	3-5	off									3					3	3	0-2	3-5	200	200	200	50	50	none	1000000	input-relative:25		1000000	25	stage-a-v1-no-unvalidated-margin	revision=stage-a-v1-no-unvalidated-margin;window=0.00000000000000000;recovery=0.00000000000000000;socket=0.00000000000000000;host=1.00000000000000000;nic=1.00000000000000000;control=none;waves=none	conditional	expected_rtt_unknown,rtt_variance_unknown,effective_socket_buffer_unknown,host_pps_capacity_unknown	2	450d5ed4325f693c90f6bbf4e6e97591-35	200	0	569788	569788	0	0	0.000	30.041	14911.5	22444.1	10368	30	0	0	76	569961	569788	347153	164144	1000	94	27	0	250	0	0	0	0	0	0	0	0	0	0	0	0	0	0	0	250	0	0	0	0	0	0	0
tokio	plain	listener	shared-pool:4	per-connection	all	on	on	8	retain	16777216	33554432	33554432	33554432	33554432	0-2	off									3					3	3	0-2	3-5	200	200	0	50	0	none	1000000	input-relative:25		1000000	25	stage-a-v1-no-unvalidated-margin	revision=stage-a-v1-no-unvalidated-margin;window=0.00000000000000000;recovery=0.00000000000000000;socket=0.00000000000000000;host=1.00000000000000000;nic=1.00000000000000000;control=none;waves=none	conditional	expected_rtt_unknown,rtt_variance_unknown,effective_socket_buffer_unknown,host_pps_capacity_unknown,nic_capacity_unknown	2	450d5ed4325f693c90f6bbf4e6e97591-35	200	0	569788	569788	0	0	2.054	30.047	13208.7	18051.5	13312	30	0	0	76	0	0	0	0	1000	94	0	0	250	0	0	0	0	0	0	0	0	1650407	312558	5.280	2048	4096	16384	169691	250	4	1175	4700	0	0	0	0
mio	plain	caller	shared-pool:4	per-connection	all	on	on	8	retain	16777216	33554432	33554432	33554432	33554432	3-5	off									3					3	3	0-2	3-5	600	600	600	50	50	none	1000000	input-relative:25		1000000	25	stage-a-v1-no-unvalidated-margin	revision=stage-a-v1-no-unvalidated-margin;window=0.00000000000000000;recovery=0.00000000000000000;socket=0.00000000000000000;host=1.00000000000000000;nic=1.00000000000000000;control=none;waves=none	conditional	expected_rtt_unknown,rtt_variance_unknown,effective_socket_buffer_unknown,host_pps_capacity_unknown	2	450d5ed4325f693c90f6bbf4e6e97591-36	600	0	1710000	1710000	0	0	0.000	30.078	24983.8	47461.8	16256	30	0	0	3	1710000	1710000	9562612	488045	1000	94	19	0	250	0	0	0	0	0	0	0	0	0	0	0	0	0	0	0	250	0	0	0	0	0	0	0
mio	plain	listener	shared-pool:4	per-connection	all	on	on	8	retain	16777216	33554432	33554432	33554432	33554432	0-2	off									3					3	3	0-2	3-5	600	600	0	50	0	none	1000000	input-relative:25		1000000	25	stage-a-v1-no-unvalidated-margin	revision=stage-a-v1-no-unvalidated-margin;window=0.00000000000000000;recovery=0.00000000000000000;socket=0.00000000000000000;host=1.00000000000000000;nic=1.00000000000000000;control=none;waves=none	conditional	expected_rtt_unknown,rtt_variance_unknown,effective_socket_buffer_unknown,host_pps_capacity_unknown,nic_capacity_unknown	2	450d5ed4325f693c90f6bbf4e6e97591-36	600	0	4914652	1710000	0	0	2.481	30.082	21042.9	36315.6	24912	30	0	0	3	0	0	0	0	1000	94	0	0	250	0	0	0	0	0	0	0	0	0	0	0	0	0	0	0	250	0	0	0	0	0	0	0
tokio	plain	caller	shared-pool:4	per-connection	all	on	on	8	retain	16777216	33554432	33554432	33554432	33554432	3-5	off									3					3	3	0-2	3-5	600	600	600	50	50	none	1000000	input-relative:25		1000000	25	stage-a-v1-no-unvalidated-margin	revision=stage-a-v1-no-unvalidated-margin;window=0.00000000000000000;recovery=0.00000000000000000;socket=0.00000000000000000;host=1.00000000000000000;nic=1.00000000000000000;control=none;waves=none	conditional	expected_rtt_unknown,rtt_variance_unknown,effective_socket_buffer_unknown,host_pps_capacity_unknown	2	450d5ed4325f693c90f6bbf4e6e97591-37	600	0	1702250	1702250	0	0	0.000	30.104	29676.5	43574.4	19932	30	0	0	286	1709932	1702250	2941800	1350965	1000	94	41	0	250	0	0	0	0	0	0	0	0	0	0	0	0	0	0	0	250	0	0	0	0	0	0	0
tokio	plain	listener	shared-pool:4	per-connection	all	on	on	8	retain	16777216	33554432	33554432	33554432	33554432	0-2	off									3					3	3	0-2	3-5	600	600	0	50	0	none	1000000	input-relative:25		1000000	25	stage-a-v1-no-unvalidated-margin	revision=stage-a-v1-no-unvalidated-margin;window=0.00000000000000000;recovery=0.00000000000000000;socket=0.00000000000000000;host=1.00000000000000000;nic=1.00000000000000000;control=none;waves=none	conditional	expected_rtt_unknown,rtt_variance_unknown,effective_socket_buffer_unknown,host_pps_capacity_unknown,nic_capacity_unknown	2	450d5ed4325f693c90f6bbf4e6e97591-37	600	0	1702250	1702250	0	0	2.081	30.112	24732.0	31739.2	25216	30	0	0	286	0	0	0	0	1000	94	0	0	250	0	0	0	0	0	0	0	0	4840484	542057	8.930	2048	16384	32768	132511	250	4	3525	14100	0	0	0	0
mio	plain	caller	shared-pool:4	per-connection	all	on	on	8	retain	16777216	33554432	33554432	33554432	33554432	3-5	off									3					3	3	0-2	3-5	1200	1200	1200	50	50	none	1000000	input-relative:25		1000000	25	stage-a-v1-no-unvalidated-margin	revision=stage-a-v1-no-unvalidated-margin;window=0.00000000000000000;recovery=0.00000000000000000;socket=0.00000000000000000;host=1.00000000000000000;nic=1.00000000000000000;control=none;waves=none	conditional	expected_rtt_unknown,rtt_variance_unknown,effective_socket_buffer_unknown,host_pps_capacity_unknown	2	450d5ed4325f693c90f6bbf4e6e97591-38	1200	0	3419392	3419392	0	0	0.000	30.259	25235.2	62296.3	26564	30	0	0	207	3419986	3419392	13177374	2730535	1000	94	39	0	250	0	0	0	0	0	0	0	0	0	0	0	0	0	0	0	250	0	0	0	0	0	0	0
mio	plain	listener	shared-pool:4	per-connection	all	on	on	8	retain	16777216	33554432	33554432	33554432	33554432	0-2	off									3					3	3	0-2	3-5	1200	1200	0	50	0	none	1000000	input-relative:25		1000000	25	stage-a-v1-no-unvalidated-margin	revision=stage-a-v1-no-unvalidated-margin;window=0.00000000000000000;recovery=0.00000000000000000;socket=0.00000000000000000;host=1.00000000000000000;nic=1.00000000000000000;control=none;waves=none	conditional	expected_rtt_unknown,rtt_variance_unknown,effective_socket_buffer_unknown,host_pps_capacity_unknown,nic_capacity_unknown	2	450d5ed4325f693c90f6bbf4e6e97591-38	1200	0	8630973	3419392	0	0	7.096	30.264	30373.4	47586.3	46928	30	0	0	207	0	0	0	0	1000	94	0	0	250	0	0	0	0	0	0	0	0	0	0	0	0	0	0	0	250	0	0	0	0	0	0	0
tokio	plain	caller	shared-pool:4	per-connection	all	on	on	8	retain	16777216	33554432	33554432	33554432	33554432	3-5	off									3					3	3	0-2	3-5	1200	1200	1200	50	50	none	1000000	input-relative:25		1000000	25	stage-a-v1-no-unvalidated-margin	revision=stage-a-v1-no-unvalidated-margin;window=0.00000000000000000;recovery=0.00000000000000000;socket=0.00000000000000000;host=1.00000000000000000;nic=1.00000000000000000;control=none;waves=none	conditional	expected_rtt_unknown,rtt_variance_unknown,effective_socket_buffer_unknown,host_pps_capacity_unknown	2	450d5ed4325f693c90f6bbf4e6e97591-39	1200	0	2549134	2549134	0	0	0.000	30.316	30087.2	59367.5	36204	30	0	0	1512	3419700	2549134	3385595	2544300	1000	94	94	759332	250	0	0	0	0	0	0	0	0	0	0	0	0	0	0	0	250	0	0	0	0	0	0	0
tokio	plain	listener	shared-pool:4	per-connection	all	on	on	8	retain	16777216	33554432	33554432	33554432	33554432	0-2	off									3					3	3	0-2	3-5	1200	1200	0	50	0	none	1000000	input-relative:25		1000000	25	stage-a-v1-no-unvalidated-margin	revision=stage-a-v1-no-unvalidated-margin;window=0.00000000000000000;recovery=0.00000000000000000;socket=0.00000000000000000;host=1.00000000000000000;nic=1.00000000000000000;control=none;waves=none	conditional	expected_rtt_unknown,rtt_variance_unknown,effective_socket_buffer_unknown,host_pps_capacity_unknown,nic_capacity_unknown	2	450d5ed4325f693c90f6bbf4e6e97591-39	1200	0	2549134	2549134	0	0	9.193	30.322	31424.2	44644.9	37864	30	0	0	1512	0	0	0	0	1000	94	0	0	250	0	0	0	0	0	0	0	0	7980509	600750	13.284	8192	131072	262144	297847	250	4	7050	28200	0	0	0	0
mio	plain	caller	shared-pool:4	per-connection	all	on	on	8	retain	16777216	33554432	33554432	33554432	33554432	3-5	off									3					3	3	0-2	3-5	30	30	30	50	30	none	8000000	input-relative:25		8000000	25	stage-a-v1-no-unvalidated-margin	revision=stage-a-v1-no-unvalidated-margin;window=0.00000000000000000;recovery=0.00000000000000000;socket=0.00000000000000000;host=1.00000000000000000;nic=1.00000000000000000;control=none;waves=none	conditional	expected_rtt_unknown,rtt_variance_unknown,effective_socket_buffer_unknown,host_pps_capacity_unknown	2	450d5ed4325f693c90f6bbf4e6e97591-40	30	0	605781	605781	0	0	0.000	30.002	4156.4	15873.7	6016	30	0	0	0	683882	605781	1480459	604705	1000	759	759	55417	250	0	0	0	0	0	0	0	0	0	0	0	0	0	0	0	250	0	0	0	0	0	0	0
mio	plain	listener	shared-pool:4	per-connection	all	on	on	8	retain	16777216	33554432	33554432	33554432	33554432	0-2	off									3					3	3	0-2	3-5	30	30	0	50	0	none	8000000	input-relative:25		8000000	25	stage-a-v1-no-unvalidated-margin	revision=stage-a-v1-no-unvalidated-margin;window=0.00000000000000000;recovery=0.00000000000000000;socket=0.00000000000000000;host=1.00000000000000000;nic=1.00000000000000000;control=none;waves=none	conditional	expected_rtt_unknown,rtt_variance_unknown,effective_socket_buffer_unknown,host_pps_capacity_unknown,nic_capacity_unknown	2	450d5ed4325f693c90f6bbf4e6e97591-40	30	0	802404	605781	0	0	0.246	30.006	6106.2	10208.2	9600	30	0	0	0	0	0	0	0	1000	759	0	0	250	0	0	0	0	0	0	0	0	0	0	0	0	0	0	0	250	0	0	0	0	0	0	0
tokio	plain	caller	shared-pool:4	per-connection	all	on	on	8	retain	16777216	33554432	33554432	33554432	33554432	3-5	off									3					3	3	0-2	3-5	30	30	30	50	30	none	8000000	input-relative:25		8000000	25	stage-a-v1-no-unvalidated-margin	revision=stage-a-v1-no-unvalidated-margin;window=0.00000000000000000;recovery=0.00000000000000000;socket=0.00000000000000000;host=1.00000000000000000;nic=1.00000000000000000;control=none;waves=none	conditional	expected_rtt_unknown,rtt_variance_unknown,effective_socket_buffer_unknown,host_pps_capacity_unknown	2	450d5ed4325f693c90f6bbf4e6e97591-41	30	0	455308	455308	0	0	0.000	30.004	5805.0	14240.0	6912	30	0	0	11	683896	455308	576549	455251	1000	759	759	205846	250	0	0	0	0	0	0	0	0	0	0	0	0	0	0	0	250	0	0	0	0	0	0	0
tokio	plain	listener	shared-pool:4	per-connection	all	on	on	8	retain	16777216	33554432	33554432	33554432	33554432	0-2	off									3					3	3	0-2	3-5	30	30	0	50	0	none	8000000	input-relative:25		8000000	25	stage-a-v1-no-unvalidated-margin	revision=stage-a-v1-no-unvalidated-margin;window=0.00000000000000000;recovery=0.00000000000000000;socket=0.00000000000000000;host=1.00000000000000000;nic=1.00000000000000000;control=none;waves=none	conditional	expected_rtt_unknown,rtt_variance_unknown,effective_socket_buffer_unknown,host_pps_capacity_unknown,nic_capacity_unknown	2	450d5ed4325f693c90f6bbf4e6e97591-41	30	0	455308	455308	0	0	0.509	30.008	9899.5	9449.2	10496	30	0	0	17	0	0	0	0	1000	759	0	0	250	0	0	0	0	0	0	0	0	651296	218876	2.976	1024	2048	4096	48930	250	4	1518	6072	0	0	0	0
mio	plain	caller	shared-pool:4	per-connection	all	on	on	8	retain	16777216	33554432	33554432	33554432	33554432	3-5	off									3					3	3	0-2	3-5	200	200	200	50	50	none	8000000	input-relative:25		8000000	25	stage-a-v1-no-unvalidated-margin	revision=stage-a-v1-no-unvalidated-margin;window=0.00000000000000000;recovery=0.00000000000000000;socket=0.00000000000000000;host=1.00000000000000000;nic=1.00000000000000000;control=none;waves=none	conditional	expected_rtt_unknown,rtt_variance_unknown,effective_socket_buffer_unknown,host_pps_capacity_unknown	2	450d5ed4325f693c90f6bbf4e6e97591-42	200	0	3268680	3268680	0	0	0.000	30.061	14665.0	42436.2	9980	30	0	0	25	4559375	3268680	9894505	3268534	1000	759	759	1139613	250	0	0	0	0	0	0	0	0	0	0	0	0	0	0	0	250	0	0	0	0	0	0	0
mio	plain	listener	shared-pool:4	per-connection	all	on	on	8	retain	16777216	33554432	33554432	33554432	33554432	0-2	off									3					3	3	0-2	3-5	200	200	0	50	0	none	8000000	input-relative:25		8000000	25	stage-a-v1-no-unvalidated-margin	revision=stage-a-v1-no-unvalidated-margin;window=0.00000000000000000;recovery=0.00000000000000000;socket=0.00000000000000000;host=1.00000000000000000;nic=1.00000000000000000;control=none;waves=none	conditional	expected_rtt_unknown,rtt_variance_unknown,effective_socket_buffer_unknown,host_pps_capacity_unknown,nic_capacity_unknown	2	450d5ed4325f693c90f6bbf4e6e97591-42	200	0	4418457	3268680	0	0	1.371	30.066	24745.2	24973.4	29696	30	0	0	25	0	0	0	0	1000	759	0	0	250	0	0	0	0	0	0	0	0	0	0	0	0	0	0	0	250	0	0	0	0	0	0	0
tokio	plain	caller	shared-pool:4	per-connection	all	on	on	8	retain	16777216	33554432	33554432	33554432	33554432	3-5	off									3					3	3	0-2	3-5	200	200	200	50	50	none	8000000	input-relative:25		8000000	25	stage-a-v1-no-unvalidated-margin	revision=stage-a-v1-no-unvalidated-margin;window=0.00000000000000000;recovery=0.00000000000000000;socket=0.00000000000000000;host=1.00000000000000000;nic=1.00000000000000000;control=none;waves=none	conditional	expected_rtt_unknown,rtt_variance_unknown,effective_socket_buffer_unknown,host_pps_capacity_unknown	2	450d5ed4325f693c90f6bbf4e6e97591-43	200	0	2649673	2649673	0	0	0.000	30.030	20492.6	36295.7	12092	30	0	0	38	4559209	2649673	3337429	2649321	1000	759	759	1757917	250	0	0	0	0	0	0	0	0	0	0	0	0	0	0	0	250	0	0	0	0	0	0	0
tokio	plain	listener	shared-pool:4	per-connection	all	on	on	8	retain	16777216	33554432	33554432	33554432	33554432	0-2	off									3					3	3	0-2	3-5	200	200	0	50	0	none	8000000	input-relative:25		8000000	25	stage-a-v1-no-unvalidated-margin	revision=stage-a-v1-no-unvalidated-margin;window=0.00000000000000000;recovery=0.00000000000000000;socket=0.00000000000000000;host=1.00000000000000000;nic=1.00000000000000000;control=none;waves=none	conditional	expected_rtt_unknown,rtt_variance_unknown,effective_socket_buffer_unknown,host_pps_capacity_unknown,nic_capacity_unknown	2	450d5ed4325f693c90f6bbf4e6e97591-43	200	0	2649673	2649673	0	0	0.984	30.035	27610.8	21078.6	26880	30	0	0	38	0	0	0	0	1000	759	0	0	250	0	0	0	0	0	0	0	0	3878066	622557	6.229	2048	4096	16384	42775	250	4	9487	37948	0	0	0	0
mio	plain	caller	shared-pool:4	per-connection	all	on	on	8	retain	16777216	33554432	33554432	33554432	33554432	3-5	off									3					3	3	0-2	3-5	600	600	600	50	50	none	8000000	input-relative:25		8000000	25	stage-a-v1-no-unvalidated-margin	revision=stage-a-v1-no-unvalidated-margin;window=0.00000000000000000;recovery=0.00000000000000000;socket=0.00000000000000000;host=1.00000000000000000;nic=1.00000000000000000;control=none;waves=none	conditional	expected_rtt_unknown,rtt_variance_unknown,effective_socket_buffer_unknown,host_pps_capacity_unknown	2	450d5ed4325f693c90f6bbf4e6e97591-44	600	0	6430345	6430345	0	0	0.000	30.124	25172.7	63917.4	38208	30	0	0	475	13677812	6430345	6520947	6429260	1000	759	759	6793455	250	0	0	0	0	0	0	0	0	0	0	0	0	0	0	0	250	0	0	0	0	0	0	0
mio	plain	listener	shared-pool:4	per-connection	all	on	on	8	retain	16777216	33554432	33554432	33554432	33554432	0-2	off									3					3	3	0-2	3-5	600	600	0	50	0	none	8000000	input-relative:25		8000000	25	stage-a-v1-no-unvalidated-margin	revision=stage-a-v1-no-unvalidated-margin;window=0.00000000000000000;recovery=0.00000000000000000;socket=0.00000000000000000;host=1.00000000000000000;nic=1.00000000000000000;control=none;waves=none	conditional	expected_rtt_unknown,rtt_variance_unknown,effective_socket_buffer_unknown,host_pps_capacity_unknown,nic_capacity_unknown	2	450d5ed4325f693c90f6bbf4e6e97591-44	600	0	9172580	6430345	0	0	9.789	30.143	38195.1	36610.2	87052	30	0	0	655	0	0	0	0	1000	759	0	0	250	0	0	0	0	0	0	0	0	0	0	0	0	0	0	0	250	0	0	0	0	0	0	0
tokio	plain	caller	shared-pool:4	per-connection	all	on	on	8	retain	16777216	33554432	33554432	33554432	33554432	3-5	off									3					3	3	0-2	3-5	600	600	600	50	50	none	8000000	input-relative:25		8000000	25	stage-a-v1-no-unvalidated-margin	revision=stage-a-v1-no-unvalidated-margin;window=0.00000000000000000;recovery=0.00000000000000000;socket=0.00000000000000000;host=1.00000000000000000;nic=1.00000000000000000;control=none;waves=none	conditional	expected_rtt_unknown,rtt_variance_unknown,effective_socket_buffer_unknown,host_pps_capacity_unknown	2	450d5ed4325f693c90f6bbf4e6e97591-45	600	0	4684915	4684915	0	0	0.000	30.154	31924.0	57402.2	39532	30	0	0	695	13677213	4684915	4713808	4684190	1000	759	759	8537478	250	0	0	0	0	0	0	0	0	0	0	0	0	0	0	0	250	0	0	0	0	0	0	0
tokio	plain	listener	shared-pool:4	per-connection	all	on	on	8	retain	16777216	33554432	33554432	33554432	33554432	0-2	off									3					3	3	0-2	3-5	600	600	0	50	0	none	8000000	input-relative:25		8000000	25	stage-a-v1-no-unvalidated-margin	revision=stage-a-v1-no-unvalidated-margin;window=0.00000000000000000;recovery=0.00000000000000000;socket=0.00000000000000000;host=1.00000000000000000;nic=1.00000000000000000;control=none;waves=none	conditional	expected_rtt_unknown,rtt_variance_unknown,effective_socket_buffer_unknown,host_pps_capacity_unknown,nic_capacity_unknown	2	450d5ed4325f693c90f6bbf4e6e97591-45	600	0	4684915	4684915	0	0	6.964	30.160	37559.4	34836.3	48452	30	0	0	695	0	0	0	0	1000	759	0	0	250	0	0	0	0	0	0	0	0	8110751	682250	11.888	4096	65536	131072	290764	250	4	28462	113848	0	0	0	0
mio	plain	caller	shared-pool:4	per-connection	all	on	on	8	retain	16777216	33554432	33554432	33554432	33554432	3-5	off									3					3	3	0-2	3-5	1200	1200	1200	50	50	none	8000000	input-relative:25		8000000	25	stage-a-v1-no-unvalidated-margin	revision=stage-a-v1-no-unvalidated-margin;window=0.00000000000000000;recovery=0.00000000000000000;socket=0.00000000000000000;host=1.00000000000000000;nic=1.00000000000000000;control=none;waves=none	conditional	expected_rtt_unknown,rtt_variance_unknown,effective_socket_buffer_unknown,host_pps_capacity_unknown	2	450d5ed4325f693c90f6bbf4e6e97591-46	1200	0	4476550	4476550	0	0	0.000	30.558	25571.0	64452.8	51784	30	0	0	368	27353969	4476550	4490569	4474549	1000	759	759	21967806	250	0	0	0	0	0	0	0	0	0	0	0	0	0	0	0	250	0	0	0	0	0	0	0
mio	plain	listener	shared-pool:4	per-connection	all	on	on	8	retain	16777216	33554432	33554432	33554432	33554432	0-2	off									3					3	3	0-2	3-5	1200	1200	0	50	0	none	8000000	input-relative:25		8000000	25	stage-a-v1-no-unvalidated-margin	revision=stage-a-v1-no-unvalidated-margin;window=0.00000000000000000;recovery=0.00000000000000000;socket=0.00000000000000000;host=1.00000000000000000;nic=1.00000000000000000;control=none;waves=none	conditional	expected_rtt_unknown,rtt_variance_unknown,effective_socket_buffer_unknown,host_pps_capacity_unknown,nic_capacity_unknown	2	450d5ed4325f693c90f6bbf4e6e97591-46	1200	0	8999634	4476550	0	0	8.092	30.568	35049.1	46112.3	85764	30	0	0	368	0	0	0	0	1000	759	0	0	250	0	0	0	0	0	0	0	0	0	0	0	0	0	0	0	250	0	0	0	0	0	0	0
tokio	plain	caller	shared-pool:4	per-connection	all	on	on	8	retain	16777216	33554432	33554432	33554432	33554432	3-5	off									3					3	3	0-2	3-5	1200	1200	1200	50	50	none	8000000	input-relative:25		8000000	25	stage-a-v1-no-unvalidated-margin	revision=stage-a-v1-no-unvalidated-margin;window=0.00000000000000000;recovery=0.00000000000000000;socket=0.00000000000000000;host=1.00000000000000000;nic=1.00000000000000000;control=none;waves=none	conditional	expected_rtt_unknown,rtt_variance_unknown,effective_socket_buffer_unknown,host_pps_capacity_unknown	2	450d5ed4325f693c90f6bbf4e6e97591-47	1200	0	3071852	3071852	0	0	0.000	30.596	28609.9	61471.5	46900	30	0	0	1331	27353993	3071852	3077565	3070561	1000	759	759	23372505	250	0	0	0	0	0	0	0	0	0	0	0	0	0	0	0	250	0	0	0	0	0	0	0
tokio	plain	listener	shared-pool:4	per-connection	all	on	on	8	retain	16777216	33554432	33554432	33554432	33554432	0-2	off									3					3	3	0-2	3-5	1200	1200	0	50	0	none	8000000	input-relative:25		8000000	25	stage-a-v1-no-unvalidated-margin	revision=stage-a-v1-no-unvalidated-margin;window=0.00000000000000000;recovery=0.00000000000000000;socket=0.00000000000000000;host=1.00000000000000000;nic=1.00000000000000000;control=none;waves=none	conditional	expected_rtt_unknown,rtt_variance_unknown,effective_socket_buffer_unknown,host_pps_capacity_unknown,nic_capacity_unknown	2	450d5ed4325f693c90f6bbf4e6e97591-47	1200	0	3071852	3071852	0	0	9.455	30.603	31997.1	45180.9	45232	30	0	0	1331	0	0	0	0	1000	759	0	0	250	0	0	0	0	0	0	0	0	8539451	627628	13.606	16384	262144	473160	473160	250	4	56925	227700	0	0	0	0
mio	plain	caller	shared-pool:4	per-connection	all	on	on	8	retain	16777216	33554432	33554432	33554432	33554432	3-5	off									3					3	3	0-2	3-5	30	30	30	50	30	none	1000000	fixed:100000000	100000000		25	stage-a-v1-no-unvalidated-margin	revision=stage-a-v1-no-unvalidated-margin;window=0.00000000000000000;recovery=0.00000000000000000;socket=0.00000000000000000;host=1.00000000000000000;nic=1.00000000000000000;control=none;waves=none	conditional	expected_rtt_unknown,rtt_variance_unknown,effective_socket_buffer_unknown,host_pps_capacity_unknown	2	450d5ed4325f693c90f6bbf4e6e97591-48	30	0	85500	85500	0	0	0.000	30.008	1372.3	4971.2	5820	30	0	0	8	85500	85500	136	127	1000	94	4	0	250	0	0	0	0	0	0	0	0	0	0	0	0	0	0	0	250	0	0	0	0	0	0	0
mio	plain	listener	shared-pool:4	per-connection	all	on	on	8	retain	16777216	33554432	33554432	33554432	33554432	0-2	off									3					3	3	0-2	3-5	30	30	0	50	0	none	1000000	fixed:100000000	100000000		25	stage-a-v1-no-unvalidated-margin	revision=stage-a-v1-no-unvalidated-margin;window=0.00000000000000000;recovery=0.00000000000000000;socket=0.00000000000000000;host=1.00000000000000000;nic=1.00000000000000000;control=none;waves=none	conditional	expected_rtt_unknown,rtt_variance_unknown,effective_socket_buffer_unknown,host_pps_capacity_unknown,nic_capacity_unknown	2	450d5ed4325f693c90f6bbf4e6e97591-48	30	0	268919	85500	0	0	0.437	30.011	1240.0	3951.1	6400	30	0	0	8	0	0	0	0	1000	94	0	0	250	0	0	0	0	0	0	0	0	0	0	0	0	0	0	0	250	0	0	0	0	0	0	0
tokio	plain	caller	shared-pool:4	per-connection	all	on	on	8	retain	16777216	33554432	33554432	33554432	33554432	3-5	off									3					3	3	0-2	3-5	30	30	30	50	30	none	1000000	fixed:100000000	100000000		25	stage-a-v1-no-unvalidated-margin	revision=stage-a-v1-no-unvalidated-margin;window=0.00000000000000000;recovery=0.00000000000000000;socket=0.00000000000000000;host=1.00000000000000000;nic=1.00000000000000000;control=none;waves=none	conditional	expected_rtt_unknown,rtt_variance_unknown,effective_socket_buffer_unknown,host_pps_capacity_unknown	2	450d5ed4325f693c90f6bbf4e6e97591-49	30	0	85500	85500	0	0	0.000	30.008	2928.8	6357.4	6424	30	0	0	29	85500	85500	418	323	1000	94	4	0	250	0	0	0	0	0	0	0	0	0	0	0	0	0	0	0	250	0	0	0	0	0	0	0
tokio	plain	listener	shared-pool:4	per-connection	all	on	on	8	retain	16777216	33554432	33554432	33554432	33554432	0-2	off									3					3	3	0-2	3-5	30	30	0	50	0	none	1000000	fixed:100000000	100000000		25	stage-a-v1-no-unvalidated-margin	revision=stage-a-v1-no-unvalidated-margin;window=0.00000000000000000;recovery=0.00000000000000000;socket=0.00000000000000000;host=1.00000000000000000;nic=1.00000000000000000;control=none;waves=none	conditional	expected_rtt_unknown,rtt_variance_unknown,effective_socket_buffer_unknown,host_pps_capacity_unknown,nic_capacity_unknown	2	450d5ed4325f693c90f6bbf4e6e97591-49	30	0	85500	85500	0	0	0.469	30.011	3635.2	5589.9	8064	30	0	0	29	0	0	0	0	1000	94	0	0	250	0	0	0	0	0	0	0	0	266563	70163	3.799	2048	2048	4096	40927	250	4	188	752	0	0	0	0
mio	plain	caller	shared-pool:4	per-connection	all	on	on	8	retain	16777216	33554432	33554432	33554432	33554432	3-5	off									3					3	3	0-2	3-5	200	200	200	50	50	none	1000000	fixed:100000000	100000000		25	stage-a-v1-no-unvalidated-margin	revision=stage-a-v1-no-unvalidated-margin;window=0.00000000000000000;recovery=0.00000000000000000;socket=0.00000000000000000;host=1.00000000000000000;nic=1.00000000000000000;control=none;waves=none	conditional	expected_rtt_unknown,rtt_variance_unknown,effective_socket_buffer_unknown,host_pps_capacity_unknown	2	450d5ed4325f693c90f6bbf4e6e97591-50	200	0	570000	570000	0	0	0.000	30.023	7778.6	20638.6	10472	30	0	0	0	570000	570000	8805	8805	1000	94	18	0	250	0	0	0	0	0	0	0	0	0	0	0	0	0	0	0	250	0	0	0	0	0	0	0
mio	plain	listener	shared-pool:4	per-connection	all	on	on	8	retain	16777216	33554432	33554432	33554432	33554432	0-2	off									3					3	3	0-2	3-5	200	200	0	50	0	none	1000000	fixed:100000000	100000000		25	stage-a-v1-no-unvalidated-margin	revision=stage-a-v1-no-unvalidated-margin;window=0.00000000000000000;recovery=0.00000000000000000;socket=0.00000000000000000;host=1.00000000000000000;nic=1.00000000000000000;control=none;waves=none	conditional	expected_rtt_unknown,rtt_variance_unknown,effective_socket_buffer_unknown,host_pps_capacity_unknown,nic_capacity_unknown	2	450d5ed4325f693c90f6bbf4e6e97591-50	200	0	1680797	570000	0	0	1.098	30.027	7023.1	16058.6	14208	30	0	0	0	0	0	0	0	1000	94	0	0	250	0	0	0	0	0	0	0	0	0	0	0	0	0	0	0	250	0	0	0	0	0	0	0
tokio	plain	caller	shared-pool:4	per-connection	all	on	on	8	retain	16777216	33554432	33554432	33554432	33554432	3-5	off									3					3	3	0-2	3-5	200	200	200	50	50	none	1000000	fixed:100000000	100000000		25	stage-a-v1-no-unvalidated-margin	revision=stage-a-v1-no-unvalidated-margin;window=0.00000000000000000;recovery=0.00000000000000000;socket=0.00000000000000000;host=1.00000000000000000;nic=1.00000000000000000;control=none;waves=none	conditional	expected_rtt_unknown,rtt_variance_unknown,effective_socket_buffer_unknown,host_pps_capacity_unknown	2	450d5ed4325f693c90f6bbf4e6e97591-51	200	0	570000	570000	0	0	0.000	30.031	13651.0	19272.1	11904	30	0	0	129	570000	570000	6136	4786	1000	94	7	0	250	0	0	0	0	0	0	0	0	0	0	0	0	0	0	0	250	0	0	0	0	0	0	0
tokio	plain	listener	shared-pool:4	per-connection	all	on	on	8	retain	16777216	33554432	33554432	33554432	33554432	0-2	off									3					3	3	0-2	3-5	200	200	0	50	0	none	1000000	fixed:100000000	100000000		25	stage-a-v1-no-unvalidated-margin	revision=stage-a-v1-no-unvalidated-margin;window=0.00000000000000000;recovery=0.00000000000000000;socket=0.00000000000000000;host=1.00000000000000000;nic=1.00000000000000000;control=none;waves=none	conditional	expected_rtt_unknown,rtt_variance_unknown,effective_socket_buffer_unknown,host_pps_capacity_unknown,nic_capacity_unknown	2	450d5ed4325f693c90f6bbf4e6e97591-51	200	0	570000	570000	0	0	1.139	30.035	11304.7	15678.6	13056	30	0	0	129	0	0	0	0	1000	94	0	0	250	0	0	0	0	0	0	0	0	1654364	309771	5.341	1024	4096	16384	136497	250	4	1175	4700	0	0	0	0
mio	plain	caller	shared-pool:4	per-connection	all	on	on	8	retain	16777216	33554432	33554432	33554432	33554432	3-5	off									3					3	3	0-2	3-5	600	600	600	50	50	none	1000000	fixed:100000000	100000000		25	stage-a-v1-no-unvalidated-margin	revision=stage-a-v1-no-unvalidated-margin;window=0.00000000000000000;recovery=0.00000000000000000;socket=0.00000000000000000;host=1.00000000000000000;nic=1.00000000000000000;control=none;waves=none	conditional	expected_rtt_unknown,rtt_variance_unknown,effective_socket_buffer_unknown,host_pps_capacity_unknown	2	450d5ed4325f693c90f6bbf4e6e97591-52	600	0	1710000	1710000	0	0	0.000	30.074	24341.2	46913.9	15420	30	0	0	3	1710000	1710000	23342	23342	1000	94	7	0	250	0	0	0	0	0	0	0	0	0	0	0	0	0	0	0	250	0	0	0	0	0	0	0
mio	plain	listener	shared-pool:4	per-connection	all	on	on	8	retain	16777216	33554432	33554432	33554432	33554432	0-2	off									3					3	3	0-2	3-5	600	600	0	50	0	none	1000000	fixed:100000000	100000000		25	stage-a-v1-no-unvalidated-margin	revision=stage-a-v1-no-unvalidated-margin;window=0.00000000000000000;recovery=0.00000000000000000;socket=0.00000000000000000;host=1.00000000000000000;nic=1.00000000000000000;control=none;waves=none	conditional	expected_rtt_unknown,rtt_variance_unknown,effective_socket_buffer_unknown,host_pps_capacity_unknown,nic_capacity_unknown	2	450d5ed4325f693c90f6bbf4e6e97591-52	600	0	4980092	1710000	0	0	5.813	30.078	20962.3	35840.9	24036	30	0	0	3	0	0	0	0	1000	94	0	0	250	0	0	0	0	0	0	0	0	0	0	0	0	0	0	0	250	0	0	0	0	0	0	0
tokio	plain	caller	shared-pool:4	per-connection	all	on	on	8	retain	16777216	33554432	33554432	33554432	33554432	3-5	off									3					3	3	0-2	3-5	600	600	600	50	50	none	1000000	fixed:100000000	100000000		25	stage-a-v1-no-unvalidated-margin	revision=stage-a-v1-no-unvalidated-margin;window=0.00000000000000000;recovery=0.00000000000000000;socket=0.00000000000000000;host=1.00000000000000000;nic=1.00000000000000000;control=none;waves=none	conditional	expected_rtt_unknown,rtt_variance_unknown,effective_socket_buffer_unknown,host_pps_capacity_unknown	2	450d5ed4325f693c90f6bbf4e6e97591-53	600	0	1709993	1709993	0	0	0.000	30.118	35225.8	42230.4	21272	30	0	0	343	1709993	1709993	86308	58938	1000	94	6	0	250	0	0	0	0	0	0	0	0	0	0	0	0	0	0	0	250	0	0	0	0	0	0	0
tokio	plain	listener	shared-pool:4	per-connection	all	on	on	8	retain	16777216	33554432	33554432	33554432	33554432	0-2	off									3					3	3	0-2	3-5	600	600	0	50	0	none	1000000	fixed:100000000	100000000		25	stage-a-v1-no-unvalidated-margin	revision=stage-a-v1-no-unvalidated-margin;window=0.00000000000000000;recovery=0.00000000000000000;socket=0.00000000000000000;host=1.00000000000000000;nic=1.00000000000000000;control=none;waves=none	conditional	expected_rtt_unknown,rtt_variance_unknown,effective_socket_buffer_unknown,host_pps_capacity_unknown,nic_capacity_unknown	2	450d5ed4325f693c90f6bbf4e6e97591-53	600	0	1709993	1709993	0	0	2.750	30.122	25028.3	32380.7	25984	30	0	0	343	0	0	0	0	1000	94	0	0	250	0	0	0	0	0	0	0	0	4877200	603696	8.079	2048	16384	32768	104765	250	4	3525	14100	0	0	0	0
mio	plain	caller	shared-pool:4	per-connection	all	on	on	8	retain	16777216	33554432	33554432	33554432	33554432	3-5	off									3					3	3	0-2	3-5	1200	1200	1200	50	50	none	1000000	fixed:100000000	100000000		25	stage-a-v1-no-unvalidated-margin	revision=stage-a-v1-no-unvalidated-margin;window=0.00000000000000000;recovery=0.00000000000000000;socket=0.00000000000000000;host=1.00000000000000000;nic=1.00000000000000000;control=none;waves=none	conditional	expected_rtt_unknown,rtt_variance_unknown,effective_socket_buffer_unknown,host_pps_capacity_unknown	2	450d5ed4325f693c90f6bbf4e6e97591-54	1200	0	3420000	3420000	0	0	0.000	30.276	26544.8	62186.7	32552	30	0	0	432	3420000	3420000	315972	315972	1000	94	10	0	250	0	0	0	0	0	0	0	0	0	0	0	0	0	0	0	250	0	0	0	0	0	0	0
mio	plain	listener	shared-pool:4	per-connection	all	on	on	8	retain	16777216	33554432	33554432	33554432	33554432	0-2	off									3					3	3	0-2	3-5	1200	1200	0	50	0	none	1000000	fixed:100000000	100000000		25	stage-a-v1-no-unvalidated-margin	revision=stage-a-v1-no-unvalidated-margin;window=0.00000000000000000;recovery=0.00000000000000000;socket=0.00000000000000000;host=1.00000000000000000;nic=1.00000000000000000;control=none;waves=none	conditional	expected_rtt_unknown,rtt_variance_unknown,effective_socket_buffer_unknown,host_pps_capacity_unknown,nic_capacity_unknown	2	450d5ed4325f693c90f6bbf4e6e97591-54	1200	0	8558789	3420000	0	0	12.133	30.282	30350.7	47476.4	51808	30	0	0	432	0	0	0	0	1000	94	0	0	250	0	0	0	0	0	0	0	0	0	0	0	0	0	0	0	250	0	0	0	0	0	0	0
tokio	plain	caller	shared-pool:4	per-connection	all	on	on	8	retain	16777216	33554432	33554432	33554432	33554432	3-5	off									3					3	3	0-2	3-5	1200	1200	1200	50	50	none	1000000	fixed:100000000	100000000		25	stage-a-v1-no-unvalidated-margin	revision=stage-a-v1-no-unvalidated-margin;window=0.00000000000000000;recovery=0.00000000000000000;socket=0.00000000000000000;host=1.00000000000000000;nic=1.00000000000000000;control=none;waves=none	conditional	expected_rtt_unknown,rtt_variance_unknown,effective_socket_buffer_unknown,host_pps_capacity_unknown	2	450d5ed4325f693c90f6bbf4e6e97591-55	1200	0	2747053	2747053	0	0	0.000	30.403	29297.6	60161.5	45580	30	0	0	1523	3419613	2747053	5462746	2733914	1000	94	94	577604	250	0	0	0	0	0	0	0	0	0	0	0	0	0	0	0	250	0	0	0	0	0	0	0
tokio	plain	listener	shared-pool:4	per-connection	all	on	on	8	retain	16777216	33554432	33554432	33554432	33554432	0-2	off									3					3	3	0-2	3-5	1200	1200	0	50	0	none	1000000	fixed:100000000	100000000		25	stage-a-v1-no-unvalidated-margin	revision=stage-a-v1-no-unvalidated-margin;window=0.00000000000000000;recovery=0.00000000000000000;socket=0.00000000000000000;host=1.00000000000000000;nic=1.00000000000000000;control=none;waves=none	conditional	expected_rtt_unknown,rtt_variance_unknown,effective_socket_buffer_unknown,host_pps_capacity_unknown,nic_capacity_unknown	2	450d5ed4325f693c90f6bbf4e6e97591-55	1200	0	2747053	2747053	0	0	10.878	30.410	31312.7	46413.2	42792	30	0	0	1523	0	0	0	0	1000	94	0	0	250	0	0	0	0	0	0	0	0	8198243	531114	15.436	16384	262144	524288	571023	250	4	7050	28200	0	0	0	0
mio	plain	caller	shared-pool:4	per-connection	all	on	on	8	retain	16777216	33554432	33554432	33554432	33554432	3-5	off									3					3	3	0-2	3-5	30	30	30	50	30	none	8000000	fixed:100000000	100000000		25	stage-a-v1-no-unvalidated-margin	revision=stage-a-v1-no-unvalidated-margin;window=0.00000000000000000;recovery=0.00000000000000000;socket=0.00000000000000000;host=1.00000000000000000;nic=1.00000000000000000;control=none;waves=none	conditional	expected_rtt_unknown,rtt_variance_unknown,effective_socket_buffer_unknown,host_pps_capacity_unknown	2	450d5ed4325f693c90f6bbf4e6e97591-56	30	0	683906	683906	0	0	0.000	30.008	4589.1	22527.2	6272	30	0	0	0	683906	683906	186896	143950	1000	759	81	0	250	0	0	0	0	0	0	0	0	0	0	0	0	0	0	0	250	0	0	0	0	0	0	0
mio	plain	listener	shared-pool:4	per-connection	all	on	on	8	retain	16777216	33554432	33554432	33554432	33554432	0-2	off									3					3	3	0-2	3-5	30	30	0	50	0	none	8000000	fixed:100000000	100000000		25	stage-a-v1-no-unvalidated-margin	revision=stage-a-v1-no-unvalidated-margin;window=0.00000000000000000;recovery=0.00000000000000000;socket=0.00000000000000000;host=1.00000000000000000;nic=1.00000000000000000;control=none;waves=none	conditional	expected_rtt_unknown,rtt_variance_unknown,effective_socket_buffer_unknown,host_pps_capacity_unknown,nic_capacity_unknown	2	450d5ed4325f693c90f6bbf4e6e97591-56	30	0	880144	683906	0	0	0.277	30.011	6912.8	13286.6	11136	30	0	0	0	0	0	0	0	1000	759	0	0	250	0	0	0	0	0	0	0	0	0	0	0	0	0	0	0	250	0	0	0	0	0	0	0
tokio	plain	caller	shared-pool:4	per-connection	all	on	on	8	retain	16777216	33554432	33554432	33554432	33554432	3-5	off									3					3	3	0-2	3-5	30	30	30	50	30	none	8000000	fixed:100000000	100000000		25	stage-a-v1-no-unvalidated-margin	revision=stage-a-v1-no-unvalidated-margin;window=0.00000000000000000;recovery=0.00000000000000000;socket=0.00000000000000000;host=1.00000000000000000;nic=1.00000000000000000;control=none;waves=none	conditional	expected_rtt_unknown,rtt_variance_unknown,effective_socket_buffer_unknown,host_pps_capacity_unknown	2	450d5ed4325f693c90f6bbf4e6e97591-57	30	0	672644	672644	0	0	0.000	30.004	8917.9	21996.0	6912	30	0	0	4	683894	672644	1240032	629287	1000	759	759	32	250	0	0	0	0	0	0	0	0	0	0	0	0	0	0	0	250	0	0	0	0	0	0	0
tokio	plain	listener	shared-pool:4	per-connection	all	on	on	8	retain	16777216	33554432	33554432	33554432	33554432	0-2	off									3					3	3	0-2	3-5	30	30	0	50	0	none	8000000	fixed:100000000	100000000		25	stage-a-v1-no-unvalidated-margin	revision=stage-a-v1-no-unvalidated-margin;window=0.00000000000000000;recovery=0.00000000000000000;socket=0.00000000000000000;host=1.00000000000000000;nic=1.00000000000000000;control=none;waves=none	conditional	expected_rtt_unknown,rtt_variance_unknown,effective_socket_buffer_unknown,host_pps_capacity_unknown,nic_capacity_unknown	2	450d5ed4325f693c90f6bbf4e6e97591-57	30	0	672644	672644	0	0	0.271	30.007	12994.2	13110.7	11904	30	0	0	4	0	0	0	0	1000	759	0	0	250	0	0	0	0	0	0	0	0	873510	293090	2.980	1024	2048	8192	50303	250	4	1518	6072	0	0	0	0
mio	plain	caller	shared-pool:4	per-connection	all	on	on	8	retain	16777216	33554432	33554432	33554432	33554432	3-5	off									3					3	3	0-2	3-5	200	200	200	50	50	none	8000000	fixed:100000000	100000000		25	stage-a-v1-no-unvalidated-margin	revision=stage-a-v1-no-unvalidated-margin;window=0.00000000000000000;recovery=0.00000000000000000;socket=0.00000000000000000;host=1.00000000000000000;nic=1.00000000000000000;control=none;waves=none	conditional	expected_rtt_unknown,rtt_variance_unknown,effective_socket_buffer_unknown,host_pps_capacity_unknown	2	450d5ed4325f693c90f6bbf4e6e97591-58	200	0	4558869	4558869	0	0	0.000	30.036	17713.2	50162.3	21688	30	0	0	36	4559315	4558869	1482114	1481802	1000	759	70	0	250	0	0	0	0	0	0	0	0	0	0	0	0	0	0	0	250	0	0	0	0	0	0	0
mio	plain	listener	shared-pool:4	per-connection	all	on	on	8	retain	16777216	33554432	33554432	33554432	33554432	0-2	off									3					3	3	0-2	3-5	200	200	0	50	0	none	8000000	fixed:100000000	100000000		25	stage-a-v1-no-unvalidated-margin	revision=stage-a-v1-no-unvalidated-margin;window=0.00000000000000000;recovery=0.00000000000000000;socket=0.00000000000000000;host=1.00000000000000000;nic=1.00000000000000000;control=none;waves=none	conditional	expected_rtt_unknown,rtt_variance_unknown,effective_socket_buffer_unknown,host_pps_capacity_unknown,nic_capacity_unknown	2	450d5ed4325f693c90f6bbf4e6e97591-58	200	0	5735423	4558869	0	0	2.038	30.044	31283.1	27408.1	51268	30	0	0	36	0	0	0	0	1000	759	0	0	250	0	0	0	0	0	0	0	0	0	0	0	0	0	0	0	250	0	0	0	0	0	0	0
tokio	plain	caller	shared-pool:4	per-connection	all	on	on	8	retain	16777216	33554432	33554432	33554432	33554432	3-5	off									3					3	3	0-2	3-5	200	200	200	50	50	none	8000000	fixed:100000000	100000000		25	stage-a-v1-no-unvalidated-margin	revision=stage-a-v1-no-unvalidated-margin;window=0.00000000000000000;recovery=0.00000000000000000;socket=0.00000000000000000;host=1.00000000000000000;nic=1.00000000000000000;control=none;waves=none	conditional	expected_rtt_unknown,rtt_variance_unknown,effective_socket_buffer_unknown,host_pps_capacity_unknown	2	450d5ed4325f693c90f6bbf4e6e97591-59	200	0	3610005	3610005	0	0	0.000	30.031	24267.1	43016.5	14464	30	0	0	62	4559133	3610005	7211224	3609658	1000	759	759	797639	250	0	0	0	0	0	0	0	0	0	0	0	0	0	0	0	250	0	0	0	0	0	0	0
tokio	plain	listener	shared-pool:4	per-connection	all	on	on	8	retain	16777216	33554432	33554432	33554432	33554432	0-2	off									3					3	3	0-2	3-5	200	200	0	50	0	none	8000000	fixed:100000000	100000000		25	stage-a-v1-no-unvalidated-margin	revision=stage-a-v1-no-unvalidated-margin;window=0.00000000000000000;recovery=0.00000000000000000;socket=0.00000000000000000;host=1.00000000000000000;nic=1.00000000000000000;control=none;waves=none	conditional	expected_rtt_unknown,rtt_variance_unknown,effective_socket_buffer_unknown,host_pps_capacity_unknown,nic_capacity_unknown	2	450d5ed4325f693c90f6bbf4e6e97591-59	200	0	3610005	3610005	0	0	1.981	30.038	33615.3	23272.1	35956	30	0	0	62	0	0	0	0	1000	759	0	0	250	0	0	0	0	0	0	0	0	4819141	731050	6.592	1024	16384	65536	185977	250	4	9487	37948	0	0	0	0
mio	plain	caller	shared-pool:4	per-connection	all	on	on	8	retain	16777216	33554432	33554432	33554432	33554432	3-5	off									3					3	3	0-2	3-5	600	600	600	50	50	none	8000000	fixed:100000000	100000000		25	stage-a-v1-no-unvalidated-margin	revision=stage-a-v1-no-unvalidated-margin;window=0.00000000000000000;recovery=0.00000000000000000;socket=0.00000000000000000;host=1.00000000000000000;nic=1.00000000000000000;control=none;waves=none	conditional	expected_rtt_unknown,rtt_variance_unknown,effective_socket_buffer_unknown,host_pps_capacity_unknown	2	450d5ed4325f693c90f6bbf4e6e97591-60	600	0	6302293	6302293	8826	0	0.000	30.302	25731.9	63763.3	67224	30	5061	5061	547	13677801	6302293	6298165	6296534	1000	759	759	6930776	250	0	0	0	0	0	0	0	0	0	0	0	0	0	0	0	250	0	0	0	0	0	0	0
mio	plain	listener	shared-pool:4	per-connection	all	on	on	8	retain	16777216	33554432	33554432	33554432	33554432	0-2	off									3					3	3	0-2	3-5	600	600	0	50	0	none	8000000	fixed:100000000	100000000		25	stage-a-v1-no-unvalidated-margin	revision=stage-a-v1-no-unvalidated-margin;window=0.00000000000000000;recovery=0.00000000000000000;socket=0.00000000000000000;host=1.00000000000000000;nic=1.00000000000000000;control=none;waves=none	conditional	expected_rtt_unknown,rtt_variance_unknown,effective_socket_buffer_unknown,host_pps_capacity_unknown,nic_capacity_unknown	2	450d5ed4325f693c90f6bbf4e6e97591-60	600	0	9035501	6302293	4413	4413	6.536	30.318	37860.8	37110.9	120704	30	5061	5061	548	0	0	0	0	1000	759	0	0	250	0	0	0	0	0	0	0	0	0	0	0	0	0	0	0	250	0	0	0	0	0	0	0
tokio	plain	caller	shared-pool:4	per-connection	all	on	on	8	retain	16777216	33554432	33554432	33554432	33554432	3-5	off									3					3	3	0-2	3-5	600	600	600	50	50	none	8000000	fixed:100000000	100000000		25	stage-a-v1-no-unvalidated-margin	revision=stage-a-v1-no-unvalidated-margin;window=0.00000000000000000;recovery=0.00000000000000000;socket=0.00000000000000000;host=1.00000000000000000;nic=1.00000000000000000;control=none;waves=none	conditional	expected_rtt_unknown,rtt_variance_unknown,effective_socket_buffer_unknown,host_pps_capacity_unknown	2	450d5ed4325f693c90f6bbf4e6e97591-61	600	0	4430825	4430825	0	0	0.000	30.153	32433.8	56818.9	36696	30	0	0	301	13677485	4430825	8853943	4430690	1000	759	759	8792071	250	0	0	0	0	0	0	0	0	0	0	0	0	0	0	0	250	0	0	0	0	0	0	0
tokio	plain	listener	shared-pool:4	per-connection	all	on	on	8	retain	16777216	33554432	33554432	33554432	33554432	0-2	off									3					3	3	0-2	3-5	600	600	0	50	0	none	8000000	fixed:100000000	100000000		25	stage-a-v1-no-unvalidated-margin	revision=stage-a-v1-no-unvalidated-margin;window=0.00000000000000000;recovery=0.00000000000000000;socket=0.00000000000000000;host=1.00000000000000000;nic=1.00000000000000000;control=none;waves=none	conditional	expected_rtt_unknown,rtt_variance_unknown,effective_socket_buffer_unknown,host_pps_capacity_unknown,nic_capacity_unknown	2	450d5ed4325f693c90f6bbf4e6e97591-61	600	0	4430825	4430825	0	0	6.380	30.160	36240.3	35971.7	47412	30	0	0	301	0	0	0	0	1000	759	0	0	250	0	0	0	0	0	0	0	0	7845148	686530	11.427	4096	65536	262144	358936	250	4	28462	113848	0	0	0	0
mio	plain	caller	shared-pool:4	per-connection	all	on	on	8	retain	16777216	33554432	33554432	33554432	33554432	3-5	off									3					3	3	0-2	3-5	1200	1200	1200	50	50	none	8000000	fixed:100000000	100000000		25	stage-a-v1-no-unvalidated-margin	revision=stage-a-v1-no-unvalidated-margin;window=0.00000000000000000;recovery=0.00000000000000000;socket=0.00000000000000000;host=1.00000000000000000;nic=1.00000000000000000;control=none;waves=none	conditional	expected_rtt_unknown,rtt_variance_unknown,effective_socket_buffer_unknown,host_pps_capacity_unknown	2	450d5ed4325f693c90f6bbf4e6e97591-62	1200	0	4570782	4570782	0	0	0.000	30.653	25616.2	64496.1	72596	30	0	0	525	27351532	4570782	4568539	4568538	1000	759	759	21871163	250	0	0	0	0	0	0	0	0	0	0	0	0	0	0	0	250	0	0	0	0	0	0	0
mio	plain	listener	shared-pool:4	per-connection	all	on	on	8	retain	16777216	33554432	33554432	33554432	33554432	0-2	off									3					3	3	0-2	3-5	1200	1200	0	50	0	none	8000000	fixed:100000000	100000000		25	stage-a-v1-no-unvalidated-margin	revision=stage-a-v1-no-unvalidated-margin;window=0.00000000000000000;recovery=0.00000000000000000;socket=0.00000000000000000;host=1.00000000000000000;nic=1.00000000000000000;control=none;waves=none	conditional	expected_rtt_unknown,rtt_variance_unknown,effective_socket_buffer_unknown,host_pps_capacity_unknown,nic_capacity_unknown	2	450d5ed4325f693c90f6bbf4e6e97591-62	1200	0	9063908	4570782	0	0	16.588	30.665	35223.0	46093.9	94284	30	0	0	525	0	0	0	0	1000	759	0	0	250	0	0	0	0	0	0	0	0	0	0	0	0	0	0	0	250	0	0	0	0	0	0	0
tokio	plain	caller	shared-pool:4	per-connection	all	on	on	8	retain	16777216	33554432	33554432	33554432	33554432	3-5	off									3					3	3	0-2	3-5	1200	1200	1200	50	50	none	8000000	fixed:100000000	100000000		25	stage-a-v1-no-unvalidated-margin	revision=stage-a-v1-no-unvalidated-margin;window=0.00000000000000000;recovery=0.00000000000000000;socket=0.00000000000000000;host=1.00000000000000000;nic=1.00000000000000000;control=none;waves=none	conditional	expected_rtt_unknown,rtt_variance_unknown,effective_socket_buffer_unknown,host_pps_capacity_unknown	2	450d5ed4325f693c90f6bbf4e6e97591-63	1200	0	2701565	2701565	0	0	0.000	30.919	28958.3	60553.1	41524	30	0	0	1239	27352256	2701565	5397484	2701388	1000	759	759	23741376	250	0	0	0	0	0	0	0	0	0	0	0	0	0	0	0	250	0	0	0	0	0	0	0
tokio	plain	listener	shared-pool:4	per-connection	all	on	on	8	retain	16777216	33554432	33554432	33554432	33554432	0-2	off									3					3	3	0-2	3-5	1200	1200	0	50	0	none	8000000	fixed:100000000	100000000		25	stage-a-v1-no-unvalidated-margin	revision=stage-a-v1-no-unvalidated-margin;window=0.00000000000000000;recovery=0.00000000000000000;socket=0.00000000000000000;host=1.00000000000000000;nic=1.00000000000000000;control=none;waves=none	conditional	expected_rtt_unknown,rtt_variance_unknown,effective_socket_buffer_unknown,host_pps_capacity_unknown,nic_capacity_unknown	2	450d5ed4325f693c90f6bbf4e6e97591-63	1200	0	2701565	2701565	0	0	10.773	30.923	31015.8	46903.2	42784	30	0	0	1239	0	0	0	0	1000	759	0	0	250	0	0	0	0	0	0	0	0	8131226	529442	15.358	16384	262144	262144	438215	250	4	56925	227700	0	0	0	0
mio	plain	caller	shared-pool:4	per-connection	all	on	on	8	retain	16777216	33554432	33554432	33554432	33554432	3-5	off									3					3	3	0-2	3-5	30	30	30	50	30	none	1000000	input-relative:25		1000000	25	stage-a-v1-no-unvalidated-margin	revision=stage-a-v1-no-unvalidated-margin;window=0.00000000000000000;recovery=0.00000000000000000;socket=0.00000000000000000;host=1.00000000000000000;nic=1.00000000000000000;control=none;waves=none	conditional	expected_rtt_unknown,rtt_variance_unknown,effective_socket_buffer_unknown,host_pps_capacity_unknown	3	450d5ed4325f693c90f6bbf4e6e97591-64	30	0	85500	85500	0	0	0.000	30.007	1277.1	5031.5	5548	30	0	0	19	85500	85500	8980	2248	1000	94	2	0	250	0	0	0	0	0	0	0	0	0	0	0	0	0	0	0	250	0	0	0	0	0	0	0
mio	plain	listener	shared-pool:4	per-connection	all	on	on	8	retain	16777216	33554432	33554432	33554432	33554432	0-2	off									3					3	3	0-2	3-5	30	30	0	50	0	none	1000000	input-relative:25		1000000	25	stage-a-v1-no-unvalidated-margin	revision=stage-a-v1-no-unvalidated-margin;window=0.00000000000000000;recovery=0.00000000000000000;socket=0.00000000000000000;host=1.00000000000000000;nic=1.00000000000000000;control=none;waves=none	conditional	expected_rtt_unknown,rtt_variance_unknown,effective_socket_buffer_unknown,host_pps_capacity_unknown,nic_capacity_unknown	3	450d5ed4325f693c90f6bbf4e6e97591-64	30	0	270273	85500	0	0	0.346	30.010	1154.8	4278.3	6272	30	0	0	20	0	0	0	0	1000	94	0	0	250	0	0	0	0	0	0	0	0	0	0	0	0	0	0	0	250	0	0	0	0	0	0	0
tokio	plain	caller	shared-pool:4	per-connection	all	on	on	8	retain	16777216	33554432	33554432	33554432	33554432	3-5	off									3					3	3	0-2	3-5	30	30	30	50	30	none	1000000	input-relative:25		1000000	25	stage-a-v1-no-unvalidated-margin	revision=stage-a-v1-no-unvalidated-margin;window=0.00000000000000000;recovery=0.00000000000000000;socket=0.00000000000000000;host=1.00000000000000000;nic=1.00000000000000000;control=none;waves=none	conditional	expected_rtt_unknown,rtt_variance_unknown,effective_socket_buffer_unknown,host_pps_capacity_unknown	3	450d5ed4325f693c90f6bbf4e6e97591-65	30	0	85500	85500	0	0	0.000	30.011	3481.5	9361.2	6412	30	0	0	15	85500	85500	50335	23614	1000	94	23	0	250	0	0	0	0	0	0	0	0	0	0	0	0	0	0	0	250	0	0	0	0	0	0	0
tokio	plain	listener	shared-pool:4	per-connection	all	on	on	8	retain	16777216	33554432	33554432	33554432	33554432	0-2	off									3					3	3	0-2	3-5	30	30	0	50	0	none	1000000	input-relative:25		1000000	25	stage-a-v1-no-unvalidated-margin	revision=stage-a-v1-no-unvalidated-margin;window=0.00000000000000000;recovery=0.00000000000000000;socket=0.00000000000000000;host=1.00000000000000000;nic=1.00000000000000000;control=none;waves=none	conditional	expected_rtt_unknown,rtt_variance_unknown,effective_socket_buffer_unknown,host_pps_capacity_unknown,nic_capacity_unknown	3	450d5ed4325f693c90f6bbf4e6e97591-65	30	0	85500	85500	0	0	0.879	30.014	4409.8	7980.8	7680	30	0	0	15	0	0	0	0	1000	94	0	0	250	0	0	0	0	0	0	0	0	262597	67204	3.907	2048	4096	16384	100897	250	4	188	752	0	0	0	0
mio	plain	caller	shared-pool:4	per-connection	all	on	on	8	retain	16777216	33554432	33554432	33554432	33554432	3-5	off									3					3	3	0-2	3-5	200	200	200	50	50	none	1000000	input-relative:25		1000000	25	stage-a-v1-no-unvalidated-margin	revision=stage-a-v1-no-unvalidated-margin;window=0.00000000000000000;recovery=0.00000000000000000;socket=0.00000000000000000;host=1.00000000000000000;nic=1.00000000000000000;control=none;waves=none	conditional	expected_rtt_unknown,rtt_variance_unknown,effective_socket_buffer_unknown,host_pps_capacity_unknown	3	450d5ed4325f693c90f6bbf4e6e97591-66	200	0	570000	570000	0	0	0.000	30.048	9757.7	27321.4	8576	30	0	0	2	570000	570000	2224314	142920	1000	94	14	0	250	0	0	0	0	0	0	0	0	0	0	0	0	0	0	0	250	0	0	0	0	0	0	0
mio	plain	listener	shared-pool:4	per-connection	all	on	on	8	retain	16777216	33554432	33554432	33554432	33554432	0-2	off									3					3	3	0-2	3-5	200	200	0	50	0	none	1000000	input-relative:25		1000000	25	stage-a-v1-no-unvalidated-margin	revision=stage-a-v1-no-unvalidated-margin;window=0.00000000000000000;recovery=0.00000000000000000;socket=0.00000000000000000;host=1.00000000000000000;nic=1.00000000000000000;control=none;waves=none	conditional	expected_rtt_unknown,rtt_variance_unknown,effective_socket_buffer_unknown,host_pps_capacity_unknown,nic_capacity_unknown	3	450d5ed4325f693c90f6bbf4e6e97591-66	200	0	1681798	570000	0	0	2.044	30.056	8687.9	20652.1	11136	30	0	0	2	0	0	0	0	1000	94	0	0	250	0	0	0	0	0	0	0	0	0	0	0	0	0	0	0	250	0	0	0	0	0	0	0
tokio	plain	caller	shared-pool:4	per-connection	all	on	on	8	retain	16777216	33554432	33554432	33554432	33554432	3-5	off									3					3	3	0-2	3-5	200	200	200	50	50	none	1000000	input-relative:25		1000000	25	stage-a-v1-no-unvalidated-margin	revision=stage-a-v1-no-unvalidated-margin;window=0.00000000000000000;recovery=0.00000000000000000;socket=0.00000000000000000;host=1.00000000000000000;nic=1.00000000000000000;control=none;waves=none	conditional	expected_rtt_unknown,rtt_variance_unknown,effective_socket_buffer_unknown,host_pps_capacity_unknown	3	450d5ed4325f693c90f6bbf4e6e97591-67	200	0	570000	570000	0	0	0.000	30.040	13992.7	21050.6	9728	30	0	0	103	570000	570000	249390	124201	1000	94	9	0	250	0	0	0	0	0	0	0	0	0	0	0	0	0	0	0	250	0	0	0	0	0	0	0
tokio	plain	listener	shared-pool:4	per-connection	all	on	on	8	retain	16777216	33554432	33554432	33554432	33554432	0-2	off									3					3	3	0-2	3-5	200	200	0	50	0	none	1000000	input-relative:25		1000000	25	stage-a-v1-no-unvalidated-margin	revision=stage-a-v1-no-unvalidated-margin;window=0.00000000000000000;recovery=0.00000000000000000;socket=0.00000000000000000;host=1.00000000000000000;nic=1.00000000000000000;control=none;waves=none	conditional	expected_rtt_unknown,rtt_variance_unknown,effective_socket_buffer_unknown,host_pps_capacity_unknown,nic_capacity_unknown	3	450d5ed4325f693c90f6bbf4e6e97591-67	200	0	570000	570000	0	0	1.334	30.045	12457.1	16544.2	12928	30	0	0	103	0	0	0	0	1000	94	0	0	250	0	0	0	0	0	0	0	0	1662123	309779	5.366	1024	4096	8192	57209	250	4	1175	4700	0	0	0	0
mio	plain	caller	shared-pool:4	per-connection	all	on	on	8	retain	16777216	33554432	33554432	33554432	33554432	3-5	off									3					3	3	0-2	3-5	600	600	600	50	50	none	1000000	input-relative:25		1000000	25	stage-a-v1-no-unvalidated-margin	revision=stage-a-v1-no-unvalidated-margin;window=0.00000000000000000;recovery=0.00000000000000000;socket=0.00000000000000000;host=1.00000000000000000;nic=1.00000000000000000;control=none;waves=none	conditional	expected_rtt_unknown,rtt_variance_unknown,effective_socket_buffer_unknown,host_pps_capacity_unknown	3	450d5ed4325f693c90f6bbf4e6e97591-68	600	0	1708822	1708822	0	0	0.000	30.088	24120.6	49479.1	16872	30	0	0	0	1710000	1708822	15967357	900260	1000	94	26	0	250	0	0	0	0	0	0	0	0	0	0	0	0	0	0	0	250	0	0	0	0	0	0	0
mio	plain	listener	shared-pool:4	per-connection	all	on	on	8	retain	16777216	33554432	33554432	33554432	33554432	0-2	off									3					3	3	0-2	3-5	600	600	0	50	0	none	1000000	input-relative:25		1000000	25	stage-a-v1-no-unvalidated-margin	revision=stage-a-v1-no-unvalidated-margin;window=0.00000000000000000;recovery=0.00000000000000000;socket=0.00000000000000000;host=1.00000000000000000;nic=1.00000000000000000;control=none;waves=none	conditional	expected_rtt_unknown,rtt_variance_unknown,effective_socket_buffer_unknown,host_pps_capacity_unknown,nic_capacity_unknown	3	450d5ed4325f693c90f6bbf4e6e97591-68	600	0	4825021	1708822	0	0	5.884	30.093	21678.4	37993.9	26900	30	0	0	0	0	0	0	0	1000	94	0	0	250	0	0	0	0	0	0	0	0	0	0	0	0	0	0	0	250	0	0	0	0	0	0	0
tokio	plain	caller	shared-pool:4	per-connection	all	on	on	8	retain	16777216	33554432	33554432	33554432	33554432	3-5	off									3					3	3	0-2	3-5	600	600	600	50	50	none	1000000	input-relative:25		1000000	25	stage-a-v1-no-unvalidated-margin	revision=stage-a-v1-no-unvalidated-margin;window=0.00000000000000000;recovery=0.00000000000000000;socket=0.00000000000000000;host=1.00000000000000000;nic=1.00000000000000000;control=none;waves=none	conditional	expected_rtt_unknown,rtt_variance_unknown,effective_socket_buffer_unknown,host_pps_capacity_unknown	3	450d5ed4325f693c90f6bbf4e6e97591-69	600	0	1695609	1695609	0	0	0.000	30.132	26528.7	44964.2	26364	30	0	0	554	1709750	1695609	3820823	1690640	1000	94	89	0	250	0	0	0	0	0	0	0	0	0	0	0	0	0	0	0	250	0	0	0	0	0	0	0
tokio	plain	listener	shared-pool:4	per-connection	all	on	on	8	retain	16777216	33554432	33554432	33554432	33554432	0-2	off									3					3	3	0-2	3-5	600	600	0	50	0	none	1000000	input-relative:25		1000000	25	stage-a-v1-no-unvalidated-margin	revision=stage-a-v1-no-unvalidated-margin;window=0.00000000000000000;recovery=0.00000000000000000;socket=0.00000000000000000;host=1.00000000000000000;nic=1.00000000000000000;control=none;waves=none	conditional	expected_rtt_unknown,rtt_variance_unknown,effective_socket_buffer_unknown,host_pps_capacity_unknown,nic_capacity_unknown	3	450d5ed4325f693c90f6bbf4e6e97591-69	600	0	1695609	1695609	0	0	8.029	30.137	24884.0	32341.0	25728	30	0	0	554	0	0	0	0	1000	94	0	0	250	0	0	0	0	0	0	0	0	4785177	485446	9.857	2048	32768	65536	312142	250	4	3525	14100	0	0	0	0
mio	plain	caller	shared-pool:4	per-connection	all	on	on	8	retain	16777216	33554432	33554432	33554432	33554432	3-5	off									3					3	3	0-2	3-5	1200	1200	1200	50	50	none	1000000	input-relative:25		1000000	25	stage-a-v1-no-unvalidated-margin	revision=stage-a-v1-no-unvalidated-margin;window=0.00000000000000000;recovery=0.00000000000000000;socket=0.00000000000000000;host=1.00000000000000000;nic=1.00000000000000000;control=none;waves=none	conditional	expected_rtt_unknown,rtt_variance_unknown,effective_socket_buffer_unknown,host_pps_capacity_unknown	3	450d5ed4325f693c90f6bbf4e6e97591-70	1200	0	3319346	3319346	0	0	0.000	30.302	25246.8	62754.5	28472	30	0	0	275	3419943	3319346	13442260	3233446	1000	94	94	4028	250	0	0	0	0	0	0	0	0	0	0	0	0	0	0	0	250	0	0	0	0	0	0	0
mio	plain	listener	shared-pool:4	per-connection	all	on	on	8	retain	16777216	33554432	33554432	33554432	33554432	0-2	off									3					3	3	0-2	3-5	1200	1200	0	50	0	none	1000000	input-relative:25		1000000	25	stage-a-v1-no-unvalidated-margin	revision=stage-a-v1-no-unvalidated-margin;window=0.00000000000000000;recovery=0.00000000000000000;socket=0.00000000000000000;host=1.00000000000000000;nic=1.00000000000000000;control=none;waves=none	conditional	expected_rtt_unknown,rtt_variance_unknown,effective_socket_buffer_unknown,host_pps_capacity_unknown,nic_capacity_unknown	3	450d5ed4325f693c90f6bbf4e6e97591-70	1200	0	8447659	3319346	0	0	7.059	30.308	30471.3	48537.2	45204	30	0	0	275	0	0	0	0	1000	94	0	0	250	0	0	0	0	0	0	0	0	0	0	0	0	0	0	0	250	0	0	0	0	0	0	0
tokio	plain	caller	shared-pool:4	per-connection	all	on	on	8	retain	16777216	33554432	33554432	33554432	33554432	3-5	off									3					3	3	0-2	3-5	1200	1200	1200	50	50	none	1000000	input-relative:25		1000000	25	stage-a-v1-no-unvalidated-margin	revision=stage-a-v1-no-unvalidated-margin;window=0.00000000000000000;recovery=0.00000000000000000;socket=0.00000000000000000;host=1.00000000000000000;nic=1.00000000000000000;control=none;waves=none	conditional	expected_rtt_unknown,rtt_variance_unknown,effective_socket_buffer_unknown,host_pps_capacity_unknown	3	450d5ed4325f693c90f6bbf4e6e97591-71	1200	0	2454110	2454110	0	0	0.000	30.441	29362.9	59874.6	36572	30	0	0	1023	3419672	2454110	3138807	2450479	1000	94	94	854304	250	0	0	0	0	0	0	0	0	0	0	0	0	0	0	0	250	0	0	0	0	0	0	0
tokio	plain	listener	shared-pool:4	per-connection	all	on	on	8	retain	16777216	33554432	33554432	33554432	33554432	0-2	off									3					3	3	0-2	3-5	1200	1200	0	50	0	none	1000000	input-relative:25		1000000	25	stage-a-v1-no-unvalidated-margin	revision=stage-a-v1-no-unvalidated-margin;window=0.00000000000000000;recovery=0.00000000000000000;socket=0.00000000000000000;host=1.00000000000000000;nic=1.00000000000000000;control=none;waves=none	conditional	expected_rtt_unknown,rtt_variance_unknown,effective_socket_buffer_unknown,host_pps_capacity_unknown,nic_capacity_unknown	3	450d5ed4325f693c90f6bbf4e6e97591-71	1200	0	2454110	2454110	0	0	7.376	30.450	31028.2	44982.7	37952	30	0	0	1023	0	0	0	0	1000	94	0	0	250	0	0	0	0	0	0	0	0	7820252	560974	13.940	8192	65536	262144	275845	250	4	7050	28200	0	0	0	0
mio	plain	caller	shared-pool:4	per-connection	all	on	on	8	retain	16777216	33554432	33554432	33554432	33554432	3-5	off									3					3	3	0-2	3-5	30	30	30	50	30	none	8000000	input-relative:25		8000000	25	stage-a-v1-no-unvalidated-margin	revision=stage-a-v1-no-unvalidated-margin;window=0.00000000000000000;recovery=0.00000000000000000;socket=0.00000000000000000;host=1.00000000000000000;nic=1.00000000000000000;control=none;waves=none	conditional	expected_rtt_unknown,rtt_variance_unknown,effective_socket_buffer_unknown,host_pps_capacity_unknown	3	450d5ed4325f693c90f6bbf4e6e97591-72	30	0	611999	611999	0	0	0.000	30.003	4008.5	15395.6	5888	30	0	0	0	683889	611999	1473302	611646	1000	759	759	49151	250	0	0	0	0	0	0	0	0	0	0	0	0	0	0	0	250	0	0	0	0	0	0	0
mio	plain	listener	shared-pool:4	per-connection	all	on	on	8	retain	16777216	33554432	33554432	33554432	33554432	0-2	off									3					3	3	0-2	3-5	30	30	0	50	0	none	8000000	input-relative:25		8000000	25	stage-a-v1-no-unvalidated-margin	revision=stage-a-v1-no-unvalidated-margin;window=0.00000000000000000;recovery=0.00000000000000000;socket=0.00000000000000000;host=1.00000000000000000;nic=1.00000000000000000;control=none;waves=none	conditional	expected_rtt_unknown,rtt_variance_unknown,effective_socket_buffer_unknown,host_pps_capacity_unknown,nic_capacity_unknown	3	450d5ed4325f693c90f6bbf4e6e97591-72	30	0	809253	611999	0	0	0.532	30.005	6082.0	10050.0	9600	30	0	0	0	0	0	0	0	1000	759	0	0	250	0	0	0	0	0	0	0	0	0	0	0	0	0	0	0	250	0	0	0	0	0	0	0
tokio	plain	caller	shared-pool:4	per-connection	all	on	on	8	retain	16777216	33554432	33554432	33554432	33554432	3-5	off									3					3	3	0-2	3-5	30	30	30	50	30	none	8000000	input-relative:25		8000000	25	stage-a-v1-no-unvalidated-margin	revision=stage-a-v1-no-unvalidated-margin;window=0.00000000000000000;recovery=0.00000000000000000;socket=0.00000000000000000;host=1.00000000000000000;nic=1.00000000000000000;control=none;waves=none	conditional	expected_rtt_unknown,rtt_variance_unknown,effective_socket_buffer_unknown,host_pps_capacity_unknown	3	450d5ed4325f693c90f6bbf4e6e97591-73	30	0	453479	453479	0	0	0.000	30.006	5723.9	14759.6	6400	30	0	0	8	683863	453479	573426	453423	1000	759	759	207640	250	0	0	0	0	0	0	0	0	0	0	0	0	0	0	0	250	0	0	0	0	0	0	0
tokio	plain	listener	shared-pool:4	per-connection	all	on	on	8	retain	16777216	33554432	33554432	33554432	33554432	0-2	off									3					3	3	0-2	3-5	30	30	0	50	0	none	8000000	input-relative:25		8000000	25	stage-a-v1-no-unvalidated-margin	revision=stage-a-v1-no-unvalidated-margin;window=0.00000000000000000;recovery=0.00000000000000000;socket=0.00000000000000000;host=1.00000000000000000;nic=1.00000000000000000;control=none;waves=none	conditional	expected_rtt_unknown,rtt_variance_unknown,effective_socket_buffer_unknown,host_pps_capacity_unknown,nic_capacity_unknown	3	450d5ed4325f693c90f6bbf4e6e97591-73	30	0	453479	453479	0	0	1.360	30.022	9982.6	9603.5	10112	30	0	0	21	0	0	0	0	1000	759	0	0	250	0	0	0	0	0	0	0	0	649769	219142	2.965	1024	2048	4096	18823	250	4	1518	6072	0	0	0	0
mio	plain	caller	shared-pool:4	per-connection	all	on	on	8	retain	16777216	33554432	33554432	33554432	33554432	3-5	off									3					3	3	0-2	3-5	200	200	200	50	50	none	8000000	input-relative:25		8000000	25	stage-a-v1-no-unvalidated-margin	revision=stage-a-v1-no-unvalidated-margin;window=0.00000000000000000;recovery=0.00000000000000000;socket=0.00000000000000000;host=1.00000000000000000;nic=1.00000000000000000;control=none;waves=none	conditional	expected_rtt_unknown,rtt_variance_unknown,effective_socket_buffer_unknown,host_pps_capacity_unknown	3	450d5ed4325f693c90f6bbf4e6e97591-74	200	0	3251695	3251695	0	0	0.000	30.030	15056.9	42952.4	10112	30	0	0	12	4559389	3251695	9719710	3251359	1000	759	759	1156243	250	0	0	0	0	0	0	0	0	0	0	0	0	0	0	0	250	0	0	0	0	0	0	0
mio	plain	listener	shared-pool:4	per-connection	all	on	on	8	retain	16777216	33554432	33554432	33554432	33554432	0-2	off									3					3	3	0-2	3-5	200	200	0	50	0	none	8000000	input-relative:25		8000000	25	stage-a-v1-no-unvalidated-margin	revision=stage-a-v1-no-unvalidated-margin;window=0.00000000000000000;recovery=0.00000000000000000;socket=0.00000000000000000;host=1.00000000000000000;nic=1.00000000000000000;control=none;waves=none	conditional	expected_rtt_unknown,rtt_variance_unknown,effective_socket_buffer_unknown,host_pps_capacity_unknown,nic_capacity_unknown	3	450d5ed4325f693c90f6bbf4e6e97591-74	200	0	4405594	3251695	0	0	1.720	30.035	25231.2	25329.9	28416	30	0	0	12	0	0	0	0	1000	759	0	0	250	0	0	0	0	0	0	0	0	0	0	0	0	0	0	0	250	0	0	0	0	0	0	0
tokio	plain	caller	shared-pool:4	per-connection	all	on	on	8	retain	16777216	33554432	33554432	33554432	33554432	3-5	off									3					3	3	0-2	3-5	200	200	200	50	50	none	8000000	input-relative:25		8000000	25	stage-a-v1-no-unvalidated-margin	revision=stage-a-v1-no-unvalidated-margin;window=0.00000000000000000;recovery=0.00000000000000000;socket=0.00000000000000000;host=1.00000000000000000;nic=1.00000000000000000;control=none;waves=none	conditional	expected_rtt_unknown,rtt_variance_unknown,effective_socket_buffer_unknown,host_pps_capacity_unknown	3	450d5ed4325f693c90f6bbf4e6e97591-75	200	0	2542843	2542843	0	0	0.000	30.028	20564.0	37595.4	12672	30	0	0	50	4559221	2542843	3172130	2542528	1000	759	759	1864770	250	0	0	0	0	0	0	0	0	0	0	0	0	0	0	0	250	0	0	0	0	0	0	0
tokio	plain	listener	shared-pool:4	per-connection	all	on	on	8	retain	16777216	33554432	33554432	33554432	33554432	0-2	off									3					3	3	0-2	3-5	200	200	0	50	0	none	8000000	input-relative:25		8000000	25	stage-a-v1-no-unvalidated-margin	revision=stage-a-v1-no-unvalidated-margin;window=0.00000000000000000;recovery=0.00000000000000000;socket=0.00000000000000000;host=1.00000000000000000;nic=1.00000000000000000;control=none;waves=none	conditional	expected_rtt_unknown,rtt_variance_unknown,effective_socket_buffer_unknown,host_pps_capacity_unknown,nic_capacity_unknown	3	450d5ed4325f693c90f6bbf4e6e97591-75	200	0	2542843	2542843	0	0	1.460	30.032	27189.8	21995.5	26624	30	0	0	50	0	0	0	0	1000	759	0	0	250	0	0	0	0	0	0	0	0	3767648	589356	6.393	1024	8192	32768	72271	250	4	9487	37948	0	0	0	0
mio	plain	caller	shared-pool:4	per-connection	all	on	on	8	retain	16777216	33554432	33554432	33554432	33554432	3-5	off									3					3	3	0-2	3-5	600	600	600	50	50	none	8000000	input-relative:25		8000000	25	stage-a-v1-no-unvalidated-margin	revision=stage-a-v1-no-unvalidated-margin;window=0.00000000000000000;recovery=0.00000000000000000;socket=0.00000000000000000;host=1.00000000000000000;nic=1.00000000000000000;control=none;waves=none	conditional	expected_rtt_unknown,rtt_variance_unknown,effective_socket_buffer_unknown,host_pps_capacity_unknown	3	450d5ed4325f693c90f6bbf4e6e97591-76	600	0	6552270	6552270	0	0	0.000	30.198	24908.0	64481.2	38956	30	0	0	57	13677860	6552270	6660279	6550822	1000	759	759	6671372	250	0	0	0	0	0	0	0	0	0	0	0	0	0	0	0	250	0	0	0	0	0	0	0
mio	plain	listener	shared-pool:4	per-connection	all	on	on	8	retain	16777216	33554432	33554432	33554432	33554432	0-2	off									3					3	3	0-2	3-5	600	600	0	50	0	none	8000000	input-relative:25		8000000	25	stage-a-v1-no-unvalidated-margin	revision=stage-a-v1-no-unvalidated-margin;window=0.00000000000000000;recovery=0.00000000000000000;socket=0.00000000000000000;host=1.00000000000000000;nic=1.00000000000000000;control=none;waves=none	conditional	expected_rtt_unknown,rtt_variance_unknown,effective_socket_buffer_unknown,host_pps_capacity_unknown,nic_capacity_unknown	3	450d5ed4325f693c90f6bbf4e6e97591-76	600	0	9331208	6552270	0	0	6.280	30.210	38266.4	36631.3	87508	30	0	0	70	0	0	0	0	1000	759	0	0	250	0	0	0	0	0	0	0	0	0	0	0	0	0	0	0	250	0	0	0	0	0	0	0
tokio	plain	caller	shared-pool:4	per-connection	all	on	on	8	retain	16777216	33554432	33554432	33554432	33554432	3-5	off									3					3	3	0-2	3-5	600	600	600	50	50	none	8000000	input-relative:25		8000000	25	stage-a-v1-no-unvalidated-margin	revision=stage-a-v1-no-unvalidated-margin;window=0.00000000000000000;recovery=0.00000000000000000;socket=0.00000000000000000;host=1.00000000000000000;nic=1.00000000000000000;control=none;waves=none	conditional	expected_rtt_unknown,rtt_variance_unknown,effective_socket_buffer_unknown,host_pps_capacity_unknown	3	450d5ed4325f693c90f6bbf4e6e97591-77	600	0	4644644	4644644	0	0	0.000	30.119	31764.7	57495.2	32892	30	0	0	355	13677509	4644644	4676612	4643891	1000	759	759	8578027	250	0	0	0	0	0	0	0	0	0	0	0	0	0	0	0	250	0	0	0	0	0	0	0
tokio	plain	listener	shared-pool:4	per-connection	all	on	on	8	retain	16777216	33554432	33554432	33554432	33554432	0-2	off									3					3	3	0-2	3-5	600	600	0	50	0	none	8000000	input-relative:25		8000000	25	stage-a-v1-no-unvalidated-margin	revision=stage-a-v1-no-unvalidated-margin;window=0.00000000000000000;recovery=0.00000000000000000;socket=0.00000000000000000;host=1.00000000000000000;nic=1.00000000000000000;control=none;waves=none	conditional	expected_rtt_unknown,rtt_variance_unknown,effective_socket_buffer_unknown,host_pps_capacity_unknown,nic_capacity_unknown	3	450d5ed4325f693c90f6bbf4e6e97591-77	600	0	4644644	4644644	0	0	5.083	30.127	37179.7	34650.1	48268	30	0	0	355	0	0	0	0	1000	759	0	0	250	0	0	0	0	0	0	0	0	8060547	669839	12.034	4096	65536	262144	693025	250	4	28462	113848	0	0	0	0
mio	plain	caller	shared-pool:4	per-connection	all	on	on	8	retain	16777216	33554432	33554432	33554432	33554432	3-5	off									3					3	3	0-2	3-5	1200	1200	1200	50	50	none	8000000	input-relative:25		8000000	25	stage-a-v1-no-unvalidated-margin	revision=stage-a-v1-no-unvalidated-margin;window=0.00000000000000000;recovery=0.00000000000000000;socket=0.00000000000000000;host=1.00000000000000000;nic=1.00000000000000000;control=none;waves=none	conditional	expected_rtt_unknown,rtt_variance_unknown,effective_socket_buffer_unknown,host_pps_capacity_unknown	3	450d5ed4325f693c90f6bbf4e6e97591-78	1200	0	4538291	4538291	0	0	0.000	30.596	25245.7	64577.1	38000	30	0	0	391	27354543	4538291	4566141	4536436	1000	759	759	21906674	250	0	0	0	0	0	0	0	0	0	0	0	0	0	0	0	250	0	0	0	0	0	0	0
mio	plain	listener	shared-pool:4	per-connection	all	on	on	8	retain	16777216	33554432	33554432	33554432	33554432	0-2	off									3					3	3	0-2	3-5	1200	1200	0	50	0	none	8000000	input-relative:25		8000000	25	stage-a-v1-no-unvalidated-margin	revision=stage-a-v1-no-unvalidated-margin;window=0.00000000000000000;recovery=0.00000000000000000;socket=0.00000000000000000;host=1.00000000000000000;nic=1.00000000000000000;control=none;waves=none	conditional	expected_rtt_unknown,rtt_variance_unknown,effective_socket_buffer_unknown,host_pps_capacity_unknown,nic_capacity_unknown	3	450d5ed4325f693c90f6bbf4e6e97591-78	1200	0	9175520	4538291	0	0	11.389	30.606	34860.9	46329.8	70964	30	0	0	391	0	0	0	0	1000	759	0	0	250	0	0	0	0	0	0	0	0	0	0	0	0	0	0	0	250	0	0	0	0	0	0	0
tokio	plain	caller	shared-pool:4	per-connection	all	on	on	8	retain	16777216	33554432	33554432	33554432	33554432	3-5	off									3					3	3	0-2	3-5	1200	1200	1200	50	50	none	8000000	input-relative:25		8000000	25	stage-a-v1-no-unvalidated-margin	revision=stage-a-v1-no-unvalidated-margin;window=0.00000000000000000;recovery=0.00000000000000000;socket=0.00000000000000000;host=1.00000000000000000;nic=1.00000000000000000;control=none;waves=none	conditional	expected_rtt_unknown,rtt_variance_unknown,effective_socket_buffer_unknown,host_pps_capacity_unknown	3	450d5ed4325f693c90f6bbf4e6e97591-79	1200	0	2915286	2915286	0	0	0.000	30.643	28999.8	61087.3	43448	30	0	0	883	27353656	2915286	2919748	2913928	1000	759	759	23528750	250	0	0	0	0	0	0	0	0	0	0	0	0	0	0	0	250	0	0	0	0	0	0	0
tokio	plain	listener	shared-pool:4	per-connection	all	on	on	8	retain	16777216	33554432	33554432	33554432	33554432	0-2	off									3					3	3	0-2	3-5	1200	1200	0	50	0	none	8000000	input-relative:25		8000000	25	stage-a-v1-no-unvalidated-margin	revision=stage-a-v1-no-unvalidated-margin;window=0.00000000000000000;recovery=0.00000000000000000;socket=0.00000000000000000;host=1.00000000000000000;nic=1.00000000000000000;control=none;waves=none	conditional	expected_rtt_unknown,rtt_variance_unknown,effective_socket_buffer_unknown,host_pps_capacity_unknown,nic_capacity_unknown	3	450d5ed4325f693c90f6bbf4e6e97591-79	1200	0	2915286	2915286	0	0	6.902	30.653	31877.5	45981.8	43668	30	0	0	883	0	0	0	0	1000	759	0	0	250	0	0	0	0	0	0	0	0	8404536	576915	14.568	16384	262144	524288	611251	250	4	56925	227700	0	0	0	0
mio	plain	listener	shared-pool:4	per-connection	all	on	on	8	retain	16777216	33554432	33554432	33554432	33554432	0-2	off									3					3	3	0-2	3-5	30	30	0	50	0	none	1000000	fixed:100000000	100000000		25	stage-a-v1-no-unvalidated-margin	revision=stage-a-v1-no-unvalidated-margin;window=0.00000000000000000;recovery=0.00000000000000000;socket=0.00000000000000000;host=1.00000000000000000;nic=1.00000000000000000;control=none;waves=none	conditional	expected_rtt_unknown,rtt_variance_unknown,effective_socket_buffer_unknown,host_pps_capacity_unknown,nic_capacity_unknown	3	450d5ed4325f693c90f6bbf4e6e97591-80	30	0	268238	85500	0	0	0.365	30.011	1458.9	6027.5	6144	30	0	0	7	0	0	0	0	1000	94	0	0	250	0	0	0	0	0	0	0	0	0	0	0	0	0	0	0	250	0	0	0	0	0	0	0
mio	plain	caller	shared-pool:4	per-connection	all	on	on	8	retain	16777216	33554432	33554432	33554432	33554432	3-5	off									3					3	3	0-2	3-5	30	30	30	50	30	none	1000000	fixed:100000000	100000000		25	stage-a-v1-no-unvalidated-margin	revision=stage-a-v1-no-unvalidated-margin;window=0.00000000000000000;recovery=0.00000000000000000;socket=0.00000000000000000;host=1.00000000000000000;nic=1.00000000000000000;control=none;waves=none	conditional	expected_rtt_unknown,rtt_variance_unknown,effective_socket_buffer_unknown,host_pps_capacity_unknown	3	450d5ed4325f693c90f6bbf4e6e97591-80	30	0	85500	85500	0	0	0.000	30.008	1501.1	7715.0	5632	30	0	0	7	85500	85500	185	185	1000	94	3	0	250	0	0	0	0	0	0	0	0	0	0	0	0	0	0	0	250	0	0	0	0	0	0	0
tokio	plain	caller	shared-pool:4	per-connection	all	on	on	8	retain	16777216	33554432	33554432	33554432	33554432	3-5	off									3					3	3	0-2	3-5	30	30	30	50	30	none	1000000	fixed:100000000	100000000		25	stage-a-v1-no-unvalidated-margin	revision=stage-a-v1-no-unvalidated-margin;window=0.00000000000000000;recovery=0.00000000000000000;socket=0.00000000000000000;host=1.00000000000000000;nic=1.00000000000000000;control=none;waves=none	conditional	expected_rtt_unknown,rtt_variance_unknown,effective_socket_buffer_unknown,host_pps_capacity_unknown	3	450d5ed4325f693c90f6bbf4e6e97591-81	30	0	85500	85500	0	0	0.000	30.011	2780.5	5686.3	6128	30	0	0	15	85500	85500	257	186	1000	94	4	0	250	0	0	0	0	0	0	0	0	0	0	0	0	0	0	0	250	0	0	0	0	0	0	0
tokio	plain	listener	shared-pool:4	per-connection	all	on	on	8	retain	16777216	33554432	33554432	33554432	33554432	0-2	off									3					3	3	0-2	3-5	30	30	0	50	0	none	1000000	fixed:100000000	100000000		25	stage-a-v1-no-unvalidated-margin	revision=stage-a-v1-no-unvalidated-margin;window=0.00000000000000000;recovery=0.00000000000000000;socket=0.00000000000000000;host=1.00000000000000000;nic=1.00000000000000000;control=none;waves=none	conditional	expected_rtt_unknown,rtt_variance_unknown,effective_socket_buffer_unknown,host_pps_capacity_unknown,nic_capacity_unknown	3	450d5ed4325f693c90f6bbf4e6e97591-81	30	0	85500	85500	0	0	0.768	30.015	2856.6	4687.1	7936	30	0	0	15	0	0	0	0	1000	94	0	0	250	0	0	0	0	0	0	0	0	280229	55583	5.042	2048	2048	4096	17324	250	4	188	752	0	0	0	0
mio	plain	caller	shared-pool:4	per-connection	all	on	on	8	retain	16777216	33554432	33554432	33554432	33554432	3-5	off									3					3	3	0-2	3-5	200	200	200	50	50	none	1000000	fixed:100000000	100000000		25	stage-a-v1-no-unvalidated-margin	revision=stage-a-v1-no-unvalidated-margin;window=0.00000000000000000;recovery=0.00000000000000000;socket=0.00000000000000000;host=1.00000000000000000;nic=1.00000000000000000;control=none;waves=none	conditional	expected_rtt_unknown,rtt_variance_unknown,effective_socket_buffer_unknown,host_pps_capacity_unknown	3	450d5ed4325f693c90f6bbf4e6e97591-82	200	0	570000	570000	0	0	0.000	30.030	8312.1	18586.1	8192	30	0	0	0	570000	570000	812	812	1000	94	4	0	250	0	0	0	0	0	0	0	0	0	0	0	0	0	0	0	250	0	0	0	0	0	0	0
mio	plain	listener	shared-pool:4	per-connection	all	on	on	8	retain	16777216	33554432	33554432	33554432	33554432	0-2	off									3					3	3	0-2	3-5	200	200	0	50	0	none	1000000	fixed:100000000	100000000		25	stage-a-v1-no-unvalidated-margin	revision=stage-a-v1-no-unvalidated-margin;window=0.00000000000000000;recovery=0.00000000000000000;socket=0.00000000000000000;host=1.00000000000000000;nic=1.00000000000000000;control=none;waves=none	conditional	expected_rtt_unknown,rtt_variance_unknown,effective_socket_buffer_unknown,host_pps_capacity_unknown,nic_capacity_unknown	3	450d5ed4325f693c90f6bbf4e6e97591-82	200	0	1703505	570000	0	0	0.890	30.034	7088.0	15179.8	11264	30	0	0	0	0	0	0	0	1000	94	0	0	250	0	0	0	0	0	0	0	0	0	0	0	0	0	0	0	250	0	0	0	0	0	0	0
tokio	plain	caller	shared-pool:4	per-connection	all	on	on	8	retain	16777216	33554432	33554432	33554432	33554432	3-5	off									3					3	3	0-2	3-5	200	200	200	50	50	none	1000000	fixed:100000000	100000000		25	stage-a-v1-no-unvalidated-margin	revision=stage-a-v1-no-unvalidated-margin;window=0.00000000000000000;recovery=0.00000000000000000;socket=0.00000000000000000;host=1.00000000000000000;nic=1.00000000000000000;control=none;waves=none	conditional	expected_rtt_unknown,rtt_variance_unknown,effective_socket_buffer_unknown,host_pps_capacity_unknown	3	450d5ed4325f693c90f6bbf4e6e97591-83	200	0	570000	570000	0	0	0.000	30.033	14346.8	16312.3	9856	30	0	0	146	570000	570000	617	614	1000	94	2	0	250	0	0	0	0	0	0	0	0	0	0	0	0	0	0	0	250	0	0	0	0	0	0	0
tokio	plain	listener	shared-pool:4	per-connection	all	on	on	8	retain	16777216	33554432	33554432	33554432	33554432	0-2	off									3					3	3	0-2	3-5	200	200	0	50	0	none	1000000	fixed:100000000	100000000		25	stage-a-v1-no-unvalidated-margin	revision=stage-a-v1-no-unvalidated-margin;window=0.00000000000000000;recovery=0.00000000000000000;socket=0.00000000000000000;host=1.00000000000000000;nic=1.00000000000000000;control=none;waves=none	conditional	expected_rtt_unknown,rtt_variance_unknown,effective_socket_buffer_unknown,host_pps_capacity_unknown,nic_capacity_unknown	3	450d5ed4325f693c90f6bbf4e6e97591-83	200	0	570000	570000	0	0	1.085	30.038	11176.4	13515.0	12544	30	0	0	150	0	0	0	0	1000	94	0	0	250	0	0	0	0	0	0	0	0	1666455	367968	4.529	1024	2048	4096	36451	250	4	1175	4700	0	0	0	0
mio	plain	caller	shared-pool:4	per-connection	all	on	on	8	retain	16777216	33554432	33554432	33554432	33554432	3-5	off									3					3	3	0-2	3-5	600	600	600	50	50	none	1000000	fixed:100000000	100000000		25	stage-a-v1-no-unvalidated-margin	revision=stage-a-v1-no-unvalidated-margin;window=0.00000000000000000;recovery=0.00000000000000000;socket=0.00000000000000000;host=1.00000000000000000;nic=1.00000000000000000;control=none;waves=none	conditional	expected_rtt_unknown,rtt_variance_unknown,effective_socket_buffer_unknown,host_pps_capacity_unknown	3	450d5ed4325f693c90f6bbf4e6e97591-84	600	0	1710000	1710000	0	0	0.000	30.105	25334.8	45031.6	13800	30	0	0	94	1710000	1710000	3722	3722	1000	94	4	0	250	0	0	0	0	0	0	0	0	0	0	0	0	0	0	0	250	0	0	0	0	0	0	0
mio	plain	listener	shared-pool:4	per-connection	all	on	on	8	retain	16777216	33554432	33554432	33554432	33554432	0-2	off									3					3	3	0-2	3-5	600	600	0	50	0	none	1000000	fixed:100000000	100000000		25	stage-a-v1-no-unvalidated-margin	revision=stage-a-v1-no-unvalidated-margin;window=0.00000000000000000;recovery=0.00000000000000000;socket=0.00000000000000000;host=1.00000000000000000;nic=1.00000000000000000;control=none;waves=none	conditional	expected_rtt_unknown,rtt_variance_unknown,effective_socket_buffer_unknown,host_pps_capacity_unknown,nic_capacity_unknown	3	450d5ed4325f693c90f6bbf4e6e97591-84	600	0	5026085	1710000	0	0	2.713	30.110	20353.5	34716.8	23876	30	0	0	94	0	0	0	0	1000	94	0	0	250	0	0	0	0	0	0	0	0	0	0	0	0	0	0	0	250	0	0	0	0	0	0	0
tokio	plain	caller	shared-pool:4	per-connection	all	on	on	8	retain	16777216	33554432	33554432	33554432	33554432	3-5	off									3					3	3	0-2	3-5	600	600	600	50	50	none	1000000	fixed:100000000	100000000		25	stage-a-v1-no-unvalidated-margin	revision=stage-a-v1-no-unvalidated-margin;window=0.00000000000000000;recovery=0.00000000000000000;socket=0.00000000000000000;host=1.00000000000000000;nic=1.00000000000000000;control=none;waves=none	conditional	expected_rtt_unknown,rtt_variance_unknown,effective_socket_buffer_unknown,host_pps_capacity_unknown	3	450d5ed4325f693c90f6bbf4e6e97591-85	600	0	1709757	1709757	0	0	0.000	30.127	33345.9	43944.5	30056	30	0	0	419	1709910	1709757	256884	156689	1000	94	26	0	250	0	0	0	0	0	0	0	0	0	0	0	0	0	0	0	250	0	0	0	0	0	0	0
tokio	plain	listener	shared-pool:4	per-connection	all	on	on	8	retain	16777216	33554432	33554432	33554432	33554432	0-2	off									3					3	3	0-2	3-5	600	600	0	50	0	none	1000000	fixed:100000000	100000000		25	stage-a-v1-no-unvalidated-margin	revision=stage-a-v1-no-unvalidated-margin;window=0.00000000000000000;recovery=0.00000000000000000;socket=0.00000000000000000;host=1.00000000000000000;nic=1.00000000000000000;control=none;waves=none	conditional	expected_rtt_unknown,rtt_variance_unknown,effective_socket_buffer_unknown,host_pps_capacity_unknown,nic_capacity_unknown	3	450d5ed4325f693c90f6bbf4e6e97591-85	600	0	1709757	1709757	0	0	12.665	30.140	25275.5	32569.4	30080	30	0	0	419	0	0	0	0	1000	94	0	0	250	0	0	0	0	0	0	0	0	4818949	568186	8.481	2048	16384	65536	238214	250	4	3525	14100	0	0	0	0
mio	plain	caller	shared-pool:4	per-connection	all	on	on	8	retain	16777216	33554432	33554432	33554432	33554432	3-5	off									3					3	3	0-2	3-5	1200	1200	1200	50	50	none	1000000	fixed:100000000	100000000		25	stage-a-v1-no-unvalidated-margin	revision=stage-a-v1-no-unvalidated-margin;window=0.00000000000000000;recovery=0.00000000000000000;socket=0.00000000000000000;host=1.00000000000000000;nic=1.00000000000000000;control=none;waves=none	conditional	expected_rtt_unknown,rtt_variance_unknown,effective_socket_buffer_unknown,host_pps_capacity_unknown	3	450d5ed4325f693c90f6bbf4e6e97591-86	1200	0	3419486	3419486	0	0	0.000	30.497	26773.2	62684.9	28240	30	0	0	444	3419989	3419486	463715	463715	1000	94	25	0	250	0	0	0	0	0	0	0	0	0	0	0	0	0	0	0	250	0	0	0	0	0	0	0
mio	plain	listener	shared-pool:4	per-connection	all	on	on	8	retain	16777216	33554432	33554432	33554432	33554432	0-2	off									3					3	3	0-2	3-5	1200	1200	0	50	0	none	1000000	fixed:100000000	100000000		25	stage-a-v1-no-unvalidated-margin	revision=stage-a-v1-no-unvalidated-margin;window=0.00000000000000000;recovery=0.00000000000000000;socket=0.00000000000000000;host=1.00000000000000000;nic=1.00000000000000000;control=none;waves=none	conditional	expected_rtt_unknown,rtt_variance_unknown,effective_socket_buffer_unknown,host_pps_capacity_unknown,nic_capacity_unknown	3	450d5ed4325f693c90f6bbf4e6e97591-86	1200	0	8526937	3419486	0	0	7.513	30.503	31341.8	48044.0	51076	30	0	0	444	0	0	0	0	1000	94	0	0	250	0	0	0	0	0	0	0	0	0	0	0	0	0	0	0	250	0	0	0	0	0	0	0
tokio	plain	caller	shared-pool:4	per-connection	all	on	on	8	retain	16777216	33554432	33554432	33554432	33554432	3-5	off									3					3	3	0-2	3-5	1200	1200	1200	50	50	none	1000000	fixed:100000000	100000000		25	stage-a-v1-no-unvalidated-margin	revision=stage-a-v1-no-unvalidated-margin;window=0.00000000000000000;recovery=0.00000000000000000;socket=0.00000000000000000;host=1.00000000000000000;nic=1.00000000000000000;control=none;waves=none	conditional	expected_rtt_unknown,rtt_variance_unknown,effective_socket_buffer_unknown,host_pps_capacity_unknown	3	450d5ed4325f693c90f6bbf4e6e97591-87	1200	0	2920732	2920732	0	0	0.000	30.791	29094.9	60587.9	40308	30	0	0	2894	3419741	2920732	5820474	2912513	1000	94	94	416779	250	0	0	0	0	0	0	0	0	0	0	0	0	0	0	0	250	0	0	0	0	0	0	0
tokio	plain	listener	shared-pool:4	per-connection	all	on	on	8	retain	16777216	33554432	33554432	33554432	33554432	0-2	off									3					3	3	0-2	3-5	1200	1200	0	50	0	none	1000000	fixed:100000000	100000000		25	stage-a-v1-no-unvalidated-margin	revision=stage-a-v1-no-unvalidated-margin;window=0.00000000000000000;recovery=0.00000000000000000;socket=0.00000000000000000;host=1.00000000000000000;nic=1.00000000000000000;control=none;waves=none	conditional	expected_rtt_unknown,rtt_variance_unknown,effective_socket_buffer_unknown,host_pps_capacity_unknown,nic_capacity_unknown	3	450d5ed4325f693c90f6bbf4e6e97591-87	1200	0	2920732	2920732	0	0	14.578	30.799	31322.3	45521.5	45556	30	0	0	2894	0	0	0	0	1000	94	0	0	250	0	0	0	0	0	0	0	0	8467466	649198	13.043	16384	262144	262144	524830	250	4	7050	28200	0	0	0	0
mio	plain	caller	shared-pool:4	per-connection	all	on	on	8	retain	16777216	33554432	33554432	33554432	33554432	3-5	off									3					3	3	0-2	3-5	30	30	30	50	30	none	8000000	fixed:100000000	100000000		25	stage-a-v1-no-unvalidated-margin	revision=stage-a-v1-no-unvalidated-margin;window=0.00000000000000000;recovery=0.00000000000000000;socket=0.00000000000000000;host=1.00000000000000000;nic=1.00000000000000000;control=none;waves=none	conditional	expected_rtt_unknown,rtt_variance_unknown,effective_socket_buffer_unknown,host_pps_capacity_unknown	3	450d5ed4325f693c90f6bbf4e6e97591-88	30	0	683910	683910	0	0	0.000	30.003	3814.2	12034.6	5888	30	0	0	0	683910	683910	22877	18436	1000	759	19	0	250	0	0	0	0	0	0	0	0	0	0	0	0	0	0	0	250	0	0	0	0	0	0	0
mio	plain	listener	shared-pool:4	per-connection	all	on	on	8	retain	16777216	33554432	33554432	33554432	33554432	0-2	off									3					3	3	0-2	3-5	30	30	0	50	0	none	8000000	fixed:100000000	100000000		25	stage-a-v1-no-unvalidated-margin	revision=stage-a-v1-no-unvalidated-margin;window=0.00000000000000000;recovery=0.00000000000000000;socket=0.00000000000000000;host=1.00000000000000000;nic=1.00000000000000000;control=none;waves=none	conditional	expected_rtt_unknown,rtt_variance_unknown,effective_socket_buffer_unknown,host_pps_capacity_unknown,nic_capacity_unknown	3	450d5ed4325f693c90f6bbf4e6e97591-88	30	0	881867	683910	0	0	0.247	30.007	5915.4	8015.7	9728	30	0	0	0	0	0	0	0	1000	759	0	0	250	0	0	0	0	0	0	0	0	0	0	0	0	0	0	0	250	0	0	0	0	0	0	0
tokio	plain	caller	shared-pool:4	per-connection	all	on	on	8	retain	16777216	33554432	33554432	33554432	33554432	3-5	off									3					3	3	0-2	3-5	30	30	30	50	30	none	8000000	fixed:100000000	100000000		25	stage-a-v1-no-unvalidated-margin	revision=stage-a-v1-no-unvalidated-margin;window=0.00000000000000000;recovery=0.00000000000000000;socket=0.00000000000000000;host=1.00000000000000000;nic=1.00000000000000000;control=none;waves=none	conditional	expected_rtt_unknown,rtt_variance_unknown,effective_socket_buffer_unknown,host_pps_capacity_unknown	3	450d5ed4325f693c90f6bbf4e6e97591-89	30	0	683878	683878	0	0	0.000	30.004	9953.6	16486.6	6400	30	0	0	2	683889	683878	936748	500852	1000	759	151	0	250	0	0	0	0	0	0	0	0	0	0	0	0	0	0	0	250	0	0	0	0	0	0	0
tokio	plain	listener	shared-pool:4	per-connection	all	on	on	8	retain	16777216	33554432	33554432	33554432	33554432	0-2	off									3					3	3	0-2	3-5	30	30	0	50	0	none	8000000	fixed:100000000	100000000		25	stage-a-v1-no-unvalidated-margin	revision=stage-a-v1-no-unvalidated-margin;window=0.00000000000000000;recovery=0.00000000000000000;socket=0.00000000000000000;host=1.00000000000000000;nic=1.00000000000000000;control=none;waves=none	conditional	expected_rtt_unknown,rtt_variance_unknown,effective_socket_buffer_unknown,host_pps_capacity_unknown,nic_capacity_unknown	3	450d5ed4325f693c90f6bbf4e6e97591-89	30	0	683878	683878	0	0	0.237	30.007	12344.0	10134.5	11392	30	0	0	2	0	0	0	0	1000	759	0	0	250	0	0	0	0	0	0	0	0	883460	335134	2.636	1024	2048	4096	22819	250	4	1518	6072	0	0	0	0
mio	plain	caller	shared-pool:4	per-connection	all	on	on	8	retain	16777216	33554432	33554432	33554432	33554432	3-5	off									3					3	3	0-2	3-5	200	200	200	50	50	none	8000000	fixed:100000000	100000000		25	stage-a-v1-no-unvalidated-margin	revision=stage-a-v1-no-unvalidated-margin;window=0.00000000000000000;recovery=0.00000000000000000;socket=0.00000000000000000;host=1.00000000000000000;nic=1.00000000000000000;control=none;waves=none	conditional	expected_rtt_unknown,rtt_variance_unknown,effective_socket_buffer_unknown,host_pps_capacity_unknown	3	450d5ed4325f693c90f6bbf4e6e97591-90	200	0	4559391	4559391	0	0	0.000	30.028	16296.0	45143.7	15080	30	0	0	11	4559391	4559391	797005	796836	1000	759	32	0	250	0	0	0	0	0	0	0	0	0	0	0	0	0	0	0	250	0	0	0	0	0	0	0
mio	plain	listener	shared-pool:4	per-connection	all	on	on	8	retain	16777216	33554432	33554432	33554432	33554432	0-2	off									3					3	3	0-2	3-5	200	200	0	50	0	none	8000000	fixed:100000000	100000000		25	stage-a-v1-no-unvalidated-margin	revision=stage-a-v1-no-unvalidated-margin;window=0.00000000000000000;recovery=0.00000000000000000;socket=0.00000000000000000;host=1.00000000000000000;nic=1.00000000000000000;control=none;waves=none	conditional	expected_rtt_unknown,rtt_variance_unknown,effective_socket_buffer_unknown,host_pps_capacity_unknown,nic_capacity_unknown	3	450d5ed4325f693c90f6bbf4e6e97591-90	200	0	5745910	4559391	0	0	1.162	30.035	29161.8	25823.6	40824	30	0	0	16	0	0	0	0	1000	759	0	0	250	0	0	0	0	0	0	0	0	0	0	0	0	0	0	0	250	0	0	0	0	0	0	0
tokio	plain	caller	shared-pool:4	per-connection	all	on	on	8	retain	16777216	33554432	33554432	33554432	33554432	3-5	off									3					3	3	0-2	3-5	200	200	200	50	50	none	8000000	fixed:100000000	100000000		25	stage-a-v1-no-unvalidated-margin	revision=stage-a-v1-no-unvalidated-margin;window=0.00000000000000000;recovery=0.00000000000000000;socket=0.00000000000000000;host=1.00000000000000000;nic=1.00000000000000000;control=none;waves=none	conditional	expected_rtt_unknown,rtt_variance_unknown,effective_socket_buffer_unknown,host_pps_capacity_unknown	3	450d5ed4325f693c90f6bbf4e6e97591-91	200	0	4164609	4164609	0	0	0.000	30.026	24747.1	40037.4	12388	30	0	0	44	4559213	4164609	8313394	4159061	1000	759	759	243370	250	0	0	0	0	0	0	0	0	0	0	0	0	0	0	0	250	0	0	0	0	0	0	0
tokio	plain	listener	shared-pool:4	per-connection	all	on	on	8	retain	16777216	33554432	33554432	33554432	33554432	0-2	off									3					3	3	0-2	3-5	200	200	0	50	0	none	8000000	fixed:100000000	100000000		25	stage-a-v1-no-unvalidated-margin	revision=stage-a-v1-no-unvalidated-margin;window=0.00000000000000000;recovery=0.00000000000000000;socket=0.00000000000000000;host=1.00000000000000000;nic=1.00000000000000000;control=none;waves=none	conditional	expected_rtt_unknown,rtt_variance_unknown,effective_socket_buffer_unknown,host_pps_capacity_unknown,nic_capacity_unknown	3	450d5ed4325f693c90f6bbf4e6e97591-91	200	0	4164609	4164609	0	0	1.307	30.031	35103.6	22024.9	35712	30	0	0	44	0	0	0	0	1000	759	0	0	250	0	0	0	0	0	0	0	0	5416185	952779	5.685	1024	4096	8192	41435	250	4	9487	37948	0	0	0	0
mio	plain	caller	shared-pool:4	per-connection	all	on	on	8	retain	16777216	33554432	33554432	33554432	33554432	3-5	off									3					3	3	0-2	3-5	600	600	600	50	50	none	8000000	fixed:100000000	100000000		25	stage-a-v1-no-unvalidated-margin	revision=stage-a-v1-no-unvalidated-margin;window=0.00000000000000000;recovery=0.00000000000000000;socket=0.00000000000000000;host=1.00000000000000000;nic=1.00000000000000000;control=none;waves=none	conditional	expected_rtt_unknown,rtt_variance_unknown,effective_socket_buffer_unknown,host_pps_capacity_unknown	3	450d5ed4325f693c90f6bbf4e6e97591-92	600	0	6736824	6736824	0	0	0.000	30.156	24810.6	64390.3	32492	30	0	0	442	13677763	6736824	6738516	6734694	1000	759	759	6494952	250	0	0	0	0	0	0	0	0	0	0	0	0	0	0	0	250	0	0	0	0	0	0	0
mio	plain	listener	shared-pool:4	per-connection	all	on	on	8	retain	16777216	33554432	33554432	33554432	33554432	0-2	off									3					3	3	0-2	3-5	600	600	0	50	0	none	8000000	fixed:100000000	100000000		25	stage-a-v1-no-unvalidated-margin	revision=stage-a-v1-no-unvalidated-margin;window=0.00000000000000000;recovery=0.00000000000000000;socket=0.00000000000000000;host=1.00000000000000000;nic=1.00000000000000000;control=none;waves=none	conditional	expected_rtt_unknown,rtt_variance_unknown,effective_socket_buffer_unknown,host_pps_capacity_unknown,nic_capacity_unknown	3	450d5ed4325f693c90f6bbf4e6e97591-92	600	0	9577539	6736824	0	0	7.045	30.183	37854.5	36401.7	72296	30	0	0	743	0	0	0	0	1000	759	0	0	250	0	0	0	0	0	0	0	0	0	0	0	0	0	0	0	250	0	0	0	0	0	0	0
tokio	plain	caller	shared-pool:4	per-connection	all	on	on	8	retain	16777216	33554432	33554432	33554432	33554432	3-5	off									3					3	3	0-2	3-5	600	600	600	50	50	none	8000000	fixed:100000000	100000000		25	stage-a-v1-no-unvalidated-margin	revision=stage-a-v1-no-unvalidated-margin;window=0.00000000000000000;recovery=0.00000000000000000;socket=0.00000000000000000;host=1.00000000000000000;nic=1.00000000000000000;control=none;waves=none	conditional	expected_rtt_unknown,rtt_variance_unknown,effective_socket_buffer_unknown,host_pps_capacity_unknown	3	450d5ed4325f693c90f6bbf4e6e97591-93	600	0	4741188	4741188	0	0	0.000	30.128	33384.4	56250.9	33000	30	0	0	209	13677408	4741188	9476258	4740962	1000	759	759	8481563	250	0	0	0	0	0	0	0	0	0	0	0	0	0	0	0	250	0	0	0	0	0	0	0
tokio	plain	listener	shared-pool:4	per-connection	all	on	on	8	retain	16777216	33554432	33554432	33554432	33554432	0-2	off									3					3	3	0-2	3-5	600	600	0	50	0	none	8000000	fixed:100000000	100000000		25	stage-a-v1-no-unvalidated-margin	revision=stage-a-v1-no-unvalidated-margin;window=0.00000000000000000;recovery=0.00000000000000000;socket=0.00000000000000000;host=1.00000000000000000;nic=1.00000000000000000;control=none;waves=none	conditional	expected_rtt_unknown,rtt_variance_unknown,effective_socket_buffer_unknown,host_pps_capacity_unknown,nic_capacity_unknown	3	450d5ed4325f693c90f6bbf4e6e97591-93	600	0	4741188	4741188	0	0	5.081	30.136	37471.3	34040.8	47920	30	0	0	209	0	0	0	0	1000	759	0	0	250	0	0	0	0	0	0	0	0	8201461	805621	10.180	4096	32768	131072	324900	250	4	28462	113848	0	0	0	0
mio	plain	caller	shared-pool:4	per-connection	all	on	on	8	retain	16777216	33554432	33554432	33554432	33554432	3-5	off									3					3	3	0-2	3-5	1200	1200	1200	50	50	none	8000000	fixed:100000000	100000000		25	stage-a-v1-no-unvalidated-margin	revision=stage-a-v1-no-unvalidated-margin;window=0.00000000000000000;recovery=0.00000000000000000;socket=0.00000000000000000;host=1.00000000000000000;nic=1.00000000000000000;control=none;waves=none	conditional	expected_rtt_unknown,rtt_variance_unknown,effective_socket_buffer_unknown,host_pps_capacity_unknown	3	450d5ed4325f693c90f6bbf4e6e97591-94	1200	0	4906353	4906353	0	0	0.000	30.649	25754.8	64909.2	43612	30	0	0	283	27353888	4906353	4903891	4903445	1000	759	759	21543264	250	0	0	0	0	0	0	0	0	0	0	0	0	0	0	0	250	0	0	0	0	0	0	0
mio	plain	listener	shared-pool:4	per-connection	all	on	on	8	retain	16777216	33554432	33554432	33554432	33554432	0-2	off									3					3	3	0-2	3-5	1200	1200	0	50	0	none	8000000	fixed:100000000	100000000		25	stage-a-v1-no-unvalidated-margin	revision=stage-a-v1-no-unvalidated-margin;window=0.00000000000000000;recovery=0.00000000000000000;socket=0.00000000000000000;host=1.00000000000000000;nic=1.00000000000000000;control=none;waves=none	conditional	expected_rtt_unknown,rtt_variance_unknown,effective_socket_buffer_unknown,host_pps_capacity_unknown,nic_capacity_unknown	3	450d5ed4325f693c90f6bbf4e6e97591-94	1200	0	9612779	4906353	0	0	6.849	30.659	35284.9	45206.0	75928	30	0	0	283	0	0	0	0	1000	759	0	0	250	0	0	0	0	0	0	0	0	0	0	0	0	0	0	0	250	0	0	0	0	0	0	0
tokio	plain	caller	shared-pool:4	per-connection	all	on	on	8	retain	16777216	33554432	33554432	33554432	33554432	3-5	off									3					3	3	0-2	3-5	1200	1200	1200	50	50	none	8000000	fixed:100000000	100000000		25	stage-a-v1-no-unvalidated-margin	revision=stage-a-v1-no-unvalidated-margin;window=0.00000000000000000;recovery=0.00000000000000000;socket=0.00000000000000000;host=1.00000000000000000;nic=1.00000000000000000;control=none;waves=none	conditional	expected_rtt_unknown,rtt_variance_unknown,effective_socket_buffer_unknown,host_pps_capacity_unknown	3	450d5ed4325f693c90f6bbf4e6e97591-95	1200	0	2805294	2805294	0	0	0.000	30.644	28989.0	60700.5	37172	30	0	0	1722	27352202	2805294	5605466	2805048	1000	759	759	23637582	250	0	0	0	0	0	0	0	0	0	0	0	0	0	0	0	250	0	0	0	0	0	0	0
tokio	plain	listener	shared-pool:4	per-connection	all	on	on	8	retain	16777216	33554432	33554432	33554432	33554432	0-2	off									3					3	3	0-2	3-5	1200	1200	0	50	0	none	8000000	fixed:100000000	100000000		25	stage-a-v1-no-unvalidated-margin	revision=stage-a-v1-no-unvalidated-margin;window=0.00000000000000000;recovery=0.00000000000000000;socket=0.00000000000000000;host=1.00000000000000000;nic=1.00000000000000000;control=none;waves=none	conditional	expected_rtt_unknown,rtt_variance_unknown,effective_socket_buffer_unknown,host_pps_capacity_unknown,nic_capacity_unknown	3	450d5ed4325f693c90f6bbf4e6e97591-95	1200	0	2805294	2805294	0	0	11.160	30.654	31126.7	45843.1	43796	30	0	0	1722	0	0	0	0	1000	759	0	0	250	0	0	0	0	0	0	0	0	8411921	599471	14.032	16384	131072	262144	275078	250	4	56925	227700	0	0	0	0
