runtime	encryption	role	ingress	egress	promotion	cookie	batch	recv_rounds	would_block_policy	sock_buf_requested_bytes	sock_rcvbuf_effective_min_bytes	sock_rcvbuf_effective_max_bytes	sock_sndbuf_effective_min_bytes	sock_sndbuf_effective_max_bytes	cpus	pin	link_delay	link_jitter	link_loss	link_rate	link_reorder	link_duplicate	link_corrupt	link_limit	workers	recv_runtime	send_runtime	recv_ingress	send_ingress	recv_workers	send_workers	recv_cpus	send_cpus	conns	logical_streams	source_streams	connect_cc	cc_peak	bond	source_bps	srt_bw_mode	srt_maxbw_bps	srt_inputbw_bps	srt_oheadbw_pct	model_policy_rev	model_policy_fingerprint	model_class_pre	model_reasons_pre	rep	attempt	established	torn_down	pkt_sent	core_total	sec_a	sec_b	rtt_ms	elapsed_s	cpu_user_ms	cpu_sys_ms	peak_rss_kb	secs	udp_rcvbuf_err	udp_in_err	udp_no_ports	src_generated	src_accepted	src_refusal_polls	src_blocked_streaks	source_backlog_ms	src_backlog_cap	src_backlog_hwm	src_overflow	datapath_q_horizon_ms	datapath_q_count	datapath_q_cap_per_queue	datapath_q_total_cap	datapath_q_peak_depth_max	datapath_q_peak_depth_sum	datapath_q_full	datapath_q_dropped	datapath_q_disconnected	recv_packets	recv_syscalls	datagrams_per_syscall	timer_late_p50_bucket_us	timer_late_p95_bucket_us	timer_late_p99_bucket_us	timer_late_max_us	retry_horizon_ms	retry_count	retry_cap_per_queue	retry_total_cap	retry_peak_depth_max	would_block	retry_overflow	local_dropped
tokio	plain	caller	shared-pool:4	per-connection	all	on	on	8	retain	16777216	33554432	33554432	33554432	33554432	3-5	off									3	mio	tokio			1	3	0-2	3-5	30	30	30	50	30	none	1000000	fixed:100000000	100000000		25	stage-a-v1-no-unvalidated-margin	revision=stage-a-v1-no-unvalidated-margin;window=0.00000000000000000;recovery=0.00000000000000000;socket=0.00000000000000000;host=1.00000000000000000;nic=1.00000000000000000;control=none;waves=none	conditional	expected_rtt_unknown,rtt_variance_unknown,effective_socket_buffer_unknown,host_pps_capacity_unknown	1	5df908ee607fe40716a9857bed43d1e8-0	30	0	85500	85500	0	0	0.000	30.008	2056.6	4017.0	6220	30	0	0	30	85500	85500	31	31	1000	94	2	0	250	0	0	0	0	0	0	0	0	0	0	0	0	0	0	0	250	0	0	0	0	0	0	0
mio	plain	listener	shared-pool:4	per-connection	all	on	on	8	retain	16777216	33554432	33554432	33554432	33554432	0-2	off									1	mio	tokio			1	3	0-2	3-5	30	30	0	50	0	none	1000000	fixed:100000000	100000000		25	stage-a-v1-no-unvalidated-margin	revision=stage-a-v1-no-unvalidated-margin;window=0.00000000000000000;recovery=0.00000000000000000;socket=0.00000000000000000;host=1.00000000000000000;nic=1.00000000000000000;control=none;waves=none	conditional	expected_rtt_unknown,rtt_variance_unknown,effective_socket_buffer_unknown,host_pps_capacity_unknown,nic_capacity_unknown	1	5df908ee607fe40716a9857bed43d1e8-0	30	0	267295	85500	0	0	0.542	30.010	837.3	2685.1	5940	30	0	0	30	0	0	0	0	1000	94	0	0	250	0	0	0	0	0	0	0	0	0	0	0	0	0	0	0	250	0	0	0	0	0	0	0
tokio	plain	caller	shared-pool:4	per-connection	all	on	on	8	retain	16777216	33554432	33554432	33554432	33554432	3-5	off									3	tokio	tokio			1	3	0-2	3-5	30	30	30	50	30	none	1000000	fixed:100000000	100000000		25	stage-a-v1-no-unvalidated-margin	revision=stage-a-v1-no-unvalidated-margin;window=0.00000000000000000;recovery=0.00000000000000000;socket=0.00000000000000000;host=1.00000000000000000;nic=1.00000000000000000;control=none;waves=none	conditional	expected_rtt_unknown,rtt_variance_unknown,effective_socket_buffer_unknown,host_pps_capacity_unknown	1	5df908ee607fe40716a9857bed43d1e8-1	30	0	85500	85500	0	0	0.000	30.009	2322.6	4499.0	6328	30	0	0	25	85500	85500	10	10	1000	94	2	0	250	0	0	0	0	0	0	0	0	0	0	0	0	0	0	0	250	0	0	0	0	0	0	0
tokio	plain	listener	shared-pool:4	per-connection	all	on	on	8	retain	16777216	33554432	33554432	33554432	33554432	0-2	off									1	tokio	tokio			1	3	0-2	3-5	30	30	0	50	0	none	1000000	fixed:100000000	100000000		25	stage-a-v1-no-unvalidated-margin	revision=stage-a-v1-no-unvalidated-margin;window=0.00000000000000000;recovery=0.00000000000000000;socket=0.00000000000000000;host=1.00000000000000000;nic=1.00000000000000000;control=none;waves=none	conditional	expected_rtt_unknown,rtt_variance_unknown,effective_socket_buffer_unknown,host_pps_capacity_unknown,nic_capacity_unknown	1	5df908ee607fe40716a9857bed43d1e8-1	30	0	85500	85500	0	0	0.371	30.012	2056.7	3223.0	7424	30	0	0	28	0	0	0	0	1000	94	0	0	250	0	0	0	0	0	0	0	0	293309	44931	6.528	2048	2048	4096	11488	250	4	188	752	0	0	0	0
tokio	plain	caller	shared-pool:4	per-connection	all	on	on	8	retain	16777216	33554432	33554432	33554432	33554432	3-5	off									3	mio	tokio			2	3	0-2	3-5	30	30	30	50	30	none	1000000	fixed:100000000	100000000		25	stage-a-v1-no-unvalidated-margin	revision=stage-a-v1-no-unvalidated-margin;window=0.00000000000000000;recovery=0.00000000000000000;socket=0.00000000000000000;host=1.00000000000000000;nic=1.00000000000000000;control=none;waves=none	conditional	expected_rtt_unknown,rtt_variance_unknown,effective_socket_buffer_unknown,host_pps_capacity_unknown	1	5df908ee607fe40716a9857bed43d1e8-2	30	0	85500	85500	0	0	0.000	30.009	1944.3	4257.4	6268	30	0	0	29	85500	85500	0	0	1000	94	1	0	250	0	0	0	0	0	0	0	0	0	0	0	0	0	0	0	250	0	0	0	0	0	0	0
mio	plain	listener	shared-pool:4	per-connection	all	on	on	8	retain	16777216	33554432	33554432	33554432	33554432	0-2	off									2	mio	tokio			2	3	0-2	3-5	30	30	0	50	0	none	1000000	fixed:100000000	100000000		25	stage-a-v1-no-unvalidated-margin	revision=stage-a-v1-no-unvalidated-margin;window=0.00000000000000000;recovery=0.00000000000000000;socket=0.00000000000000000;host=1.00000000000000000;nic=1.00000000000000000;control=none;waves=none	conditional	expected_rtt_unknown,rtt_variance_unknown,effective_socket_buffer_unknown,host_pps_capacity_unknown,nic_capacity_unknown	1	5df908ee607fe40716a9857bed43d1e8-2	30	0	267487	85500	0	0	0.405	30.012	1034.7	3277.5	6016	30	0	0	29	0	0	0	0	1000	94	0	0	250	0	0	0	0	0	0	0	0	0	0	0	0	0	0	0	250	0	0	0	0	0	0	0
tokio	plain	caller	shared-pool:4	per-connection	all	on	on	8	retain	16777216	33554432	33554432	33554432	33554432	3-5	off									3	tokio	tokio			2	3	0-2	3-5	30	30	30	50	30	none	1000000	fixed:100000000	100000000		25	stage-a-v1-no-unvalidated-margin	revision=stage-a-v1-no-unvalidated-margin;window=0.00000000000000000;recovery=0.00000000000000000;socket=0.00000000000000000;host=1.00000000000000000;nic=1.00000000000000000;control=none;waves=none	conditional	expected_rtt_unknown,rtt_variance_unknown,effective_socket_buffer_unknown,host_pps_capacity_unknown	1	5df908ee607fe40716a9857bed43d1e8-3	30	0	85500	85500	0	0	0.000	30.009	2108.5	4652.2	6016	30	0	0	20	85500	85500	0	0	1000	94	1	0	250	0	0	0	0	0	0	0	0	0	0	0	0	0	0	0	250	0	0	0	0	0	0	0
tokio	plain	listener	shared-pool:4	per-connection	all	on	on	8	retain	16777216	33554432	33554432	33554432	33554432	0-2	off									2	tokio	tokio			2	3	0-2	3-5	30	30	0	50	0	none	1000000	fixed:100000000	100000000		25	stage-a-v1-no-unvalidated-margin	revision=stage-a-v1-no-unvalidated-margin;window=0.00000000000000000;recovery=0.00000000000000000;socket=0.00000000000000000;host=1.00000000000000000;nic=1.00000000000000000;control=none;waves=none	conditional	expected_rtt_unknown,rtt_variance_unknown,effective_socket_buffer_unknown,host_pps_capacity_unknown,nic_capacity_unknown	1	5df908ee607fe40716a9857bed43d1e8-3	30	0	85500	85500	0	0	0.298	30.012	2586.4	3713.5	7296	30	0	0	33	0	0	0	0	1000	94	0	0	250	0	0	0	0	0	0	0	0	278898	51775	5.387	1024	2048	4096	9332	250	4	188	752	0	0	0	0
tokio	plain	caller	shared-pool:4	per-connection	all	on	on	8	retain	16777216	33554432	33554432	33554432	33554432	3-5	off									3	mio	tokio			3	3	0-2	3-5	30	30	30	50	24	none	1000000	fixed:100000000	100000000		25	stage-a-v1-no-unvalidated-margin	revision=stage-a-v1-no-unvalidated-margin;window=0.00000000000000000;recovery=0.00000000000000000;socket=0.00000000000000000;host=1.00000000000000000;nic=1.00000000000000000;control=none;waves=none	conditional	expected_rtt_unknown,rtt_variance_unknown,effective_socket_buffer_unknown,host_pps_capacity_unknown	1	5df908ee607fe40716a9857bed43d1e8-4	30	0	85500	85500	0	0	0.000	30.008	1993.9	4886.4	6024	30	0	0	30	85500	85500	346	258	1000	94	4	0	250	0	0	0	0	0	0	0	0	0	0	0	0	0	0	0	250	0	0	0	0	0	0	0
mio	plain	listener	shared-pool:4	per-connection	all	on	on	8	retain	16777216	33554432	33554432	33554432	33554432	0-2	off									3	mio	tokio			3	3	0-2	3-5	30	30	0	50	0	none	1000000	fixed:100000000	100000000		25	stage-a-v1-no-unvalidated-margin	revision=stage-a-v1-no-unvalidated-margin;window=0.00000000000000000;recovery=0.00000000000000000;socket=0.00000000000000000;host=1.00000000000000000;nic=1.00000000000000000;control=none;waves=none	conditional	expected_rtt_unknown,rtt_variance_unknown,effective_socket_buffer_unknown,host_pps_capacity_unknown,nic_capacity_unknown	1	5df908ee607fe40716a9857bed43d1e8-4	30	0	269084	85500	0	0	0.299	30.010	1273.4	3976.9	6144	30	0	0	30	0	0	0	0	1000	94	0	0	250	0	0	0	0	0	0	0	0	0	0	0	0	0	0	0	250	0	0	0	0	0	0	0
tokio	plain	caller	shared-pool:4	per-connection	all	on	on	8	retain	16777216	33554432	33554432	33554432	33554432	3-5	off									3	tokio	tokio			3	3	0-2	3-5	30	30	30	50	24	none	1000000	fixed:100000000	100000000		25	stage-a-v1-no-unvalidated-margin	revision=stage-a-v1-no-unvalidated-margin;window=0.00000000000000000;recovery=0.00000000000000000;socket=0.00000000000000000;host=1.00000000000000000;nic=1.00000000000000000;control=none;waves=none	conditional	expected_rtt_unknown,rtt_variance_unknown,effective_socket_buffer_unknown,host_pps_capacity_unknown	1	5df908ee607fe40716a9857bed43d1e8-5	30	0	85500	85500	0	0	0.000	30.009	2593.7	4677.2	6284	30	0	0	24	85500	85500	12	12	1000	94	2	0	250	0	0	0	0	0	0	0	0	0	0	0	0	0	0	0	250	0	0	0	0	0	0	0
tokio	plain	listener	shared-pool:4	per-connection	all	on	on	8	retain	16777216	33554432	33554432	33554432	33554432	0-2	off									3	tokio	tokio			3	3	0-2	3-5	30	30	0	50	0	none	1000000	fixed:100000000	100000000		25	stage-a-v1-no-unvalidated-margin	revision=stage-a-v1-no-unvalidated-margin;window=0.00000000000000000;recovery=0.00000000000000000;socket=0.00000000000000000;host=1.00000000000000000;nic=1.00000000000000000;control=none;waves=none	conditional	expected_rtt_unknown,rtt_variance_unknown,effective_socket_buffer_unknown,host_pps_capacity_unknown,nic_capacity_unknown	1	5df908ee607fe40716a9857bed43d1e8-5	30	0	85500	85500	0	0	0.336	30.012	2879.7	4019.6	7552	30	0	0	24	0	0	0	0	1000	94	0	0	250	0	0	0	0	0	0	0	0	281183	63069	4.458	2048	2048	2048	9227	250	4	188	752	0	0	0	0
tokio	plain	caller	shared-pool:4	per-connection	all	on	on	8	retain	16777216	33554432	33554432	33554432	33554432	3-5	off									3	mio	tokio			1	3	0-2	3-5	200	200	200	50	50	none	1000000	fixed:100000000	100000000		25	stage-a-v1-no-unvalidated-margin	revision=stage-a-v1-no-unvalidated-margin;window=0.00000000000000000;recovery=0.00000000000000000;socket=0.00000000000000000;host=1.00000000000000000;nic=1.00000000000000000;control=none;waves=none	conditional	expected_rtt_unknown,rtt_variance_unknown,effective_socket_buffer_unknown,host_pps_capacity_unknown	1	5df908ee607fe40716a9857bed43d1e8-6	200	0	570000	570000	0	0	0.000	30.038	14353.2	16697.3	9984	30	0	0	160	570000	570000	316	268	1000	94	3	0	250	0	0	0	0	0	0	0	0	0	0	0	0	0	0	0	250	0	0	0	0	0	0	0
mio	plain	listener	shared-pool:4	per-connection	all	on	on	8	retain	16777216	33554432	33554432	33554432	33554432	0-2	off									1	mio	tokio			1	3	0-2	3-5	200	200	0	50	0	none	1000000	fixed:100000000	100000000		25	stage-a-v1-no-unvalidated-margin	revision=stage-a-v1-no-unvalidated-margin;window=0.00000000000000000;recovery=0.00000000000000000;socket=0.00000000000000000;host=1.00000000000000000;nic=1.00000000000000000;control=none;waves=none	conditional	expected_rtt_unknown,rtt_variance_unknown,effective_socket_buffer_unknown,host_pps_capacity_unknown,nic_capacity_unknown	1	5df908ee607fe40716a9857bed43d1e8-6	200	0	1669782	570000	0	0	2.677	30.041	5753.6	11532.6	10512	30	0	0	160	0	0	0	0	1000	94	0	0	250	0	0	0	0	0	0	0	0	0	0	0	0	0	0	0	250	0	0	0	0	0	0	0
tokio	plain	listener	shared-pool:4	per-connection	all	on	on	8	retain	16777216	33554432	33554432	33554432	33554432	0-2	off									1	tokio	tokio			1	3	0-2	3-5	200	200	0	50	0	none	1000000	fixed:100000000	100000000		25	stage-a-v1-no-unvalidated-margin	revision=stage-a-v1-no-unvalidated-margin;window=0.00000000000000000;recovery=0.00000000000000000;socket=0.00000000000000000;host=1.00000000000000000;nic=1.00000000000000000;control=none;waves=none	conditional	expected_rtt_unknown,rtt_variance_unknown,effective_socket_buffer_unknown,host_pps_capacity_unknown,nic_capacity_unknown	1	5df908ee607fe40716a9857bed43d1e8-7	200	0	570000	570000	0	0	0.983	30.045	7661.1	11536.2	12416	30	0	0	114	0	0	0	0	1000	94	0	0	250	0	0	0	0	0	0	0	0	1716332	148985	11.520	2048	8192	16384	42270	250	4	1175	4700	0	0	0	0
tokio	plain	caller	shared-pool:4	per-connection	all	on	on	8	retain	16777216	33554432	33554432	33554432	33554432	3-5	off									3	tokio	tokio			1	3	0-2	3-5	200	200	200	50	50	none	1000000	fixed:100000000	100000000		25	stage-a-v1-no-unvalidated-margin	revision=stage-a-v1-no-unvalidated-margin;window=0.00000000000000000;recovery=0.00000000000000000;socket=0.00000000000000000;host=1.00000000000000000;nic=1.00000000000000000;control=none;waves=none	conditional	expected_rtt_unknown,rtt_variance_unknown,effective_socket_buffer_unknown,host_pps_capacity_unknown	1	5df908ee607fe40716a9857bed43d1e8-7	200	0	570000	570000	0	0	0.000	30.043	13852.2	18640.5	10240	30	0	0	114	570000	570000	1463	1223	1000	94	3	0	250	0	0	0	0	0	0	0	0	0	0	0	0	0	0	0	250	0	0	0	0	0	0	0
tokio	plain	caller	shared-pool:4	per-connection	all	on	on	8	retain	16777216	33554432	33554432	33554432	33554432	3-5	off									3	mio	tokio			2	3	0-2	3-5	200	200	200	50	50	none	1000000	fixed:100000000	100000000		25	stage-a-v1-no-unvalidated-margin	revision=stage-a-v1-no-unvalidated-margin;window=0.00000000000000000;recovery=0.00000000000000000;socket=0.00000000000000000;host=1.00000000000000000;nic=1.00000000000000000;control=none;waves=none	conditional	expected_rtt_unknown,rtt_variance_unknown,effective_socket_buffer_unknown,host_pps_capacity_unknown	1	5df908ee607fe40716a9857bed43d1e8-8	200	0	569879	569879	0	0	0.000	30.038	16394.4	18868.5	10624	30	0	0	159	569879	569879	4651	3624	1000	94	8	0	250	0	0	0	0	0	0	0	0	0	0	0	0	0	0	0	250	0	0	0	0	0	0	0
mio	plain	listener	shared-pool:4	per-connection	all	on	on	8	retain	16777216	33554432	33554432	33554432	33554432	0-2	off									2	mio	tokio			2	3	0-2	3-5	200	200	0	50	0	none	1000000	fixed:100000000	100000000		25	stage-a-v1-no-unvalidated-margin	revision=stage-a-v1-no-unvalidated-margin;window=0.00000000000000000;recovery=0.00000000000000000;socket=0.00000000000000000;host=1.00000000000000000;nic=1.00000000000000000;control=none;waves=none	conditional	expected_rtt_unknown,rtt_variance_unknown,effective_socket_buffer_unknown,host_pps_capacity_unknown,nic_capacity_unknown	1	5df908ee607fe40716a9857bed43d1e8-8	200	0	1646362	569879	0	0	3.776	30.040	7153.4	15021.4	11008	30	0	0	159	0	0	0	0	1000	94	0	0	250	0	0	0	0	0	0	0	0	0	0	0	0	0	0	0	250	0	0	0	0	0	0	0
tokio	plain	caller	shared-pool:4	per-connection	all	on	on	8	retain	16777216	33554432	33554432	33554432	33554432	3-5	off									3	tokio	tokio			2	3	0-2	3-5	200	200	200	50	50	none	1000000	fixed:100000000	100000000		25	stage-a-v1-no-unvalidated-margin	revision=stage-a-v1-no-unvalidated-margin;window=0.00000000000000000;recovery=0.00000000000000000;socket=0.00000000000000000;host=1.00000000000000000;nic=1.00000000000000000;control=none;waves=none	conditional	expected_rtt_unknown,rtt_variance_unknown,effective_socket_buffer_unknown,host_pps_capacity_unknown	1	5df908ee607fe40716a9857bed43d1e8-9	200	0	569995	569995	0	0	0.000	30.038	15890.5	22967.4	11240	30	0	0	143	569995	569995	48813	32215	1000	94	26	0	250	0	0	0	0	0	0	0	0	0	0	0	0	0	0	0	250	0	0	0	0	0	0	0
tokio	plain	listener	shared-pool:4	per-connection	all	on	on	8	retain	16777216	33554432	33554432	33554432	33554432	0-2	off									2	tokio	tokio			2	3	0-2	3-5	200	200	0	50	0	none	1000000	fixed:100000000	100000000		25	stage-a-v1-no-unvalidated-margin	revision=stage-a-v1-no-unvalidated-margin;window=0.00000000000000000;recovery=0.00000000000000000;socket=0.00000000000000000;host=1.00000000000000000;nic=1.00000000000000000;control=none;waves=none	conditional	expected_rtt_unknown,rtt_variance_unknown,effective_socket_buffer_unknown,host_pps_capacity_unknown,nic_capacity_unknown	1	5df908ee607fe40716a9857bed43d1e8-9	200	0	569995	569995	0	0	2.370	30.045	11489.6	16934.7	17664	30	0	0	148	0	0	0	0	1000	94	0	0	250	0	0	0	0	0	0	0	0	1634245	218653	7.474	2048	16384	65536	123991	250	4	1175	4700	0	0	0	0
tokio	plain	caller	shared-pool:4	per-connection	all	on	on	8	retain	16777216	33554432	33554432	33554432	33554432	3-5	off									3	mio	tokio			3	3	0-2	3-5	200	200	200	50	50	none	1000000	fixed:100000000	100000000		25	stage-a-v1-no-unvalidated-margin	revision=stage-a-v1-no-unvalidated-margin;window=0.00000000000000000;recovery=0.00000000000000000;socket=0.00000000000000000;host=1.00000000000000000;nic=1.00000000000000000;control=none;waves=none	conditional	expected_rtt_unknown,rtt_variance_unknown,effective_socket_buffer_unknown,host_pps_capacity_unknown	1	5df908ee607fe40716a9857bed43d1e8-10	200	0	570000	570000	0	0	0.000	30.053	16223.7	20789.3	10368	30	0	0	113	570000	570000	18284	12358	1000	94	9	0	250	0	0	0	0	0	0	0	0	0	0	0	0	0	0	0	250	0	0	0	0	0	0	0
mio	plain	listener	shared-pool:4	per-connection	all	on	on	8	retain	16777216	33554432	33554432	33554432	33554432	0-2	off									3	mio	tokio			3	3	0-2	3-5	200	200	0	50	0	none	1000000	fixed:100000000	100000000		25	stage-a-v1-no-unvalidated-margin	revision=stage-a-v1-no-unvalidated-margin;window=0.00000000000000000;recovery=0.00000000000000000;socket=0.00000000000000000;host=1.00000000000000000;nic=1.00000000000000000;control=none;waves=none	conditional	expected_rtt_unknown,rtt_variance_unknown,effective_socket_buffer_unknown,host_pps_capacity_unknown,nic_capacity_unknown	1	5df908ee607fe40716a9857bed43d1e8-10	200	0	1654632	570000	0	0	1.175	30.057	7989.1	17546.8	12032	30	0	0	113	0	0	0	0	1000	94	0	0	250	0	0	0	0	0	0	0	0	0	0	0	0	0	0	0	250	0	0	0	0	0	0	0
tokio	plain	caller	shared-pool:4	per-connection	all	on	on	8	retain	16777216	33554432	33554432	33554432	33554432	3-5	off									3	tokio	tokio			3	3	0-2	3-5	200	200	200	50	50	none	1000000	fixed:100000000	100000000		25	stage-a-v1-no-unvalidated-margin	revision=stage-a-v1-no-unvalidated-margin;window=0.00000000000000000;recovery=0.00000000000000000;socket=0.00000000000000000;host=1.00000000000000000;nic=1.00000000000000000;control=none;waves=none	conditional	expected_rtt_unknown,rtt_variance_unknown,effective_socket_buffer_unknown,host_pps_capacity_unknown	1	5df908ee607fe40716a9857bed43d1e8-11	200	0	570000	570000	0	0	0.000	30.034	13675.0	20623.3	10112	30	0	0	151	570000	570000	6116	5180	1000	94	5	0	250	0	0	0	0	0	0	0	0	0	0	0	0	0	0	0	250	0	0	0	0	0	0	0
tokio	plain	listener	shared-pool:4	per-connection	all	on	on	8	retain	16777216	33554432	33554432	33554432	33554432	0-2	off									3	tokio	tokio			3	3	0-2	3-5	200	200	0	50	0	none	1000000	fixed:100000000	100000000		25	stage-a-v1-no-unvalidated-margin	revision=stage-a-v1-no-unvalidated-margin;window=0.00000000000000000;recovery=0.00000000000000000;socket=0.00000000000000000;host=1.00000000000000000;nic=1.00000000000000000;control=none;waves=none	conditional	expected_rtt_unknown,rtt_variance_unknown,effective_socket_buffer_unknown,host_pps_capacity_unknown,nic_capacity_unknown	1	5df908ee607fe40716a9857bed43d1e8-11	200	0	570000	570000	0	0	4.646	30.037	12121.3	15958.1	13056	30	0	0	151	0	0	0	0	1000	94	0	0	250	0	0	0	0	0	0	0	0	1669462	289654	5.764	1024	4096	8192	77711	250	4	1175	4700	0	0	0	0
tokio	plain	caller	shared-pool:4	per-connection	all	on	on	8	retain	16777216	33554432	33554432	33554432	33554432	3-5	off									3	mio	tokio			1	3	0-2	3-5	600	600	600	50	50	none	1000000	fixed:100000000	100000000		25	stage-a-v1-no-unvalidated-margin	revision=stage-a-v1-no-unvalidated-margin;window=0.00000000000000000;recovery=0.00000000000000000;socket=0.00000000000000000;host=1.00000000000000000;nic=1.00000000000000000;control=none;waves=none	conditional	expected_rtt_unknown,rtt_variance_unknown,effective_socket_buffer_unknown,host_pps_capacity_unknown	1	5df908ee607fe40716a9857bed43d1e8-12	600	0	1709999	1709999	0	0	0.000	30.175	21739.4	33723.3	28392	30	0	0	2890	1709999	1709999	28316	20804	1000	94	6	0	250	0	0	0	0	0	0	0	0	0	0	0	0	0	0	0	250	0	0	0	0	0	0	0
mio	plain	listener	shared-pool:4	per-connection	all	on	on	8	retain	16777216	33554432	33554432	33554432	33554432	0-2	off									1	mio	tokio			1	3	0-2	3-5	600	600	0	50	0	none	1000000	fixed:100000000	100000000		25	stage-a-v1-no-unvalidated-margin	revision=stage-a-v1-no-unvalidated-margin;window=0.00000000000000000;recovery=0.00000000000000000;socket=0.00000000000000000;host=1.00000000000000000;nic=1.00000000000000000;control=none;waves=none	conditional	expected_rtt_unknown,rtt_variance_unknown,effective_socket_buffer_unknown,host_pps_capacity_unknown,nic_capacity_unknown	1	5df908ee607fe40716a9857bed43d1e8-12	600	0	3943052	1709999	0	0	33.057	30.179	10767.1	19322.4	27784	30	0	0	2890	0	0	0	0	1000	94	0	0	250	0	0	0	0	0	0	0	0	0	0	0	0	0	0	0	250	0	0	0	0	0	0	0
tokio	plain	listener	shared-pool:4	per-connection	all	on	on	8	retain	16777216	33554432	33554432	33554432	33554432	0-2	off									1	tokio	tokio			1	3	0-2	3-5	600	600	0	50	0	none	1000000	fixed:100000000	100000000		25	stage-a-v1-no-unvalidated-margin	revision=stage-a-v1-no-unvalidated-margin;window=0.00000000000000000;recovery=0.00000000000000000;socket=0.00000000000000000;host=1.00000000000000000;nic=1.00000000000000000;control=none;waves=none	conditional	expected_rtt_unknown,rtt_variance_unknown,effective_socket_buffer_unknown,host_pps_capacity_unknown,nic_capacity_unknown	1	5df908ee607fe40716a9857bed43d1e8-13	600	0	1710000	1710000	0	0	5.419	30.130	11532.7	18537.6	24064	30	0	0	921	0	0	0	0	1000	94	0	0	250	0	0	0	0	0	0	0	0	4135951	136728	30.249	32768	131072	131072	179081	250	4	3525	14100	0	0	0	0
tokio	plain	caller	shared-pool:4	per-connection	all	on	on	8	retain	16777216	33554432	33554432	33554432	33554432	3-5	off									3	tokio	tokio			1	3	0-2	3-5	600	600	600	50	50	none	1000000	fixed:100000000	100000000		25	stage-a-v1-no-unvalidated-margin	revision=stage-a-v1-no-unvalidated-margin;window=0.00000000000000000;recovery=0.00000000000000000;socket=0.00000000000000000;host=1.00000000000000000;nic=1.00000000000000000;control=none;waves=none	conditional	expected_rtt_unknown,rtt_variance_unknown,effective_socket_buffer_unknown,host_pps_capacity_unknown	1	5df908ee607fe40716a9857bed43d1e8-13	600	0	1710000	1710000	0	0	0.000	30.127	28680.2	33003.2	25628	30	0	0	921	1710000	1710000	14017	9932	1000	94	7	0	250	0	0	0	0	0	0	0	0	0	0	0	0	0	0	0	250	0	0	0	0	0	0	0
tokio	plain	caller	shared-pool:4	per-connection	all	on	on	8	retain	16777216	33554432	33554432	33554432	33554432	3-5	off									3	mio	tokio			2	3	0-2	3-5	600	600	600	50	50	none	1000000	fixed:100000000	100000000		25	stage-a-v1-no-unvalidated-margin	revision=stage-a-v1-no-unvalidated-margin;window=0.00000000000000000;recovery=0.00000000000000000;socket=0.00000000000000000;host=1.00000000000000000;nic=1.00000000000000000;control=none;waves=none	conditional	expected_rtt_unknown,rtt_variance_unknown,effective_socket_buffer_unknown,host_pps_capacity_unknown	1	5df908ee607fe40716a9857bed43d1e8-14	600	0	1710000	1710000	0	0	0.000	30.111	37174.9	40256.6	20528	30	0	0	358	1710000	1710000	67747	45833	1000	94	7	0	250	0	0	0	0	0	0	0	0	0	0	0	0	0	0	0	250	0	0	0	0	0	0	0
mio	plain	listener	shared-pool:4	per-connection	all	on	on	8	retain	16777216	33554432	33554432	33554432	33554432	0-2	off									2	mio	tokio			2	3	0-2	3-5	600	600	0	50	0	none	1000000	fixed:100000000	100000000		25	stage-a-v1-no-unvalidated-margin	revision=stage-a-v1-no-unvalidated-margin;window=0.00000000000000000;recovery=0.00000000000000000;socket=0.00000000000000000;host=1.00000000000000000;nic=1.00000000000000000;control=none;waves=none	conditional	expected_rtt_unknown,rtt_variance_unknown,effective_socket_buffer_unknown,host_pps_capacity_unknown,nic_capacity_unknown	1	5df908ee607fe40716a9857bed43d1e8-14	600	0	4887583	1710000	0	0	3.232	30.115	18743.2	30610.5	24540	30	0	0	358	0	0	0	0	1000	94	0	0	250	0	0	0	0	0	0	0	0	0	0	0	0	0	0	0	250	0	0	0	0	0	0	0
tokio	plain	caller	shared-pool:4	per-connection	all	on	on	8	retain	16777216	33554432	33554432	33554432	33554432	3-5	off									3	tokio	tokio			2	3	0-2	3-5	600	600	600	50	50	none	1000000	fixed:100000000	100000000		25	stage-a-v1-no-unvalidated-margin	revision=stage-a-v1-no-unvalidated-margin;window=0.00000000000000000;recovery=0.00000000000000000;socket=0.00000000000000000;host=1.00000000000000000;nic=1.00000000000000000;control=none;waves=none	conditional	expected_rtt_unknown,rtt_variance_unknown,effective_socket_buffer_unknown,host_pps_capacity_unknown	1	5df908ee607fe40716a9857bed43d1e8-15	600	0	1710000	1710000	0	0	0.000	30.084	33940.7	41714.1	21504	30	0	0	371	1710000	1710000	58243	40625	1000	94	9	0	250	0	0	0	0	0	0	0	0	0	0	0	0	0	0	0	250	0	0	0	0	0	0	0
tokio	plain	listener	shared-pool:4	per-connection	all	on	on	8	retain	16777216	33554432	33554432	33554432	33554432	0-2	off									2	tokio	tokio			2	3	0-2	3-5	600	600	0	50	0	none	1000000	fixed:100000000	100000000		25	stage-a-v1-no-unvalidated-margin	revision=stage-a-v1-no-unvalidated-margin;window=0.00000000000000000;recovery=0.00000000000000000;socket=0.00000000000000000;host=1.00000000000000000;nic=1.00000000000000000;control=none;waves=none	conditional	expected_rtt_unknown,rtt_variance_unknown,effective_socket_buffer_unknown,host_pps_capacity_unknown,nic_capacity_unknown	1	5df908ee607fe40716a9857bed43d1e8-15	600	0	1710000	1710000	0	0	2.043	30.088	22163.2	28325.1	25600	30	0	0	371	0	0	0	0	1000	94	0	0	250	0	0	0	0	0	0	0	0	4911707	469496	10.462	2048	16384	32768	111847	250	4	3525	14100	0	0	0	0
tokio	plain	caller	shared-pool:4	per-connection	all	on	on	8	retain	16777216	33554432	33554432	33554432	33554432	3-5	off									3	mio	tokio			3	3	0-2	3-5	600	600	600	50	50	none	1000000	fixed:100000000	100000000		25	stage-a-v1-no-unvalidated-margin	revision=stage-a-v1-no-unvalidated-margin;window=0.00000000000000000;recovery=0.00000000000000000;socket=0.00000000000000000;host=1.00000000000000000;nic=1.00000000000000000;control=none;waves=none	conditional	expected_rtt_unknown,rtt_variance_unknown,effective_socket_buffer_unknown,host_pps_capacity_unknown	1	5df908ee607fe40716a9857bed43d1e8-16	600	0	1710000	1710000	0	0	0.000	30.195	37909.7	40449.8	19596	30	0	0	361	1710000	1710000	63009	41680	1000	94	8	0	250	0	0	0	0	0	0	0	0	0	0	0	0	0	0	0	250	0	0	0	0	0	0	0
mio	plain	listener	shared-pool:4	per-connection	all	on	on	8	retain	16777216	33554432	33554432	33554432	33554432	0-2	off									3	mio	tokio			3	3	0-2	3-5	600	600	0	50	0	none	1000000	fixed:100000000	100000000		25	stage-a-v1-no-unvalidated-margin	revision=stage-a-v1-no-unvalidated-margin;window=0.00000000000000000;recovery=0.00000000000000000;socket=0.00000000000000000;host=1.00000000000000000;nic=1.00000000000000000;control=none;waves=none	conditional	expected_rtt_unknown,rtt_variance_unknown,effective_socket_buffer_unknown,host_pps_capacity_unknown,nic_capacity_unknown	1	5df908ee607fe40716a9857bed43d1e8-16	600	0	4889035	1710000	0	0	2.409	30.201	19736.8	33781.4	23700	30	0	0	361	0	0	0	0	1000	94	0	0	250	0	0	0	0	0	0	0	0	0	0	0	0	0	0	0	250	0	0	0	0	0	0	0
tokio	plain	caller	shared-pool:4	per-connection	all	on	on	8	retain	16777216	33554432	33554432	33554432	33554432	3-5	off									3	tokio	tokio			3	3	0-2	3-5	600	600	600	50	50	none	1000000	fixed:100000000	100000000		25	stage-a-v1-no-unvalidated-margin	revision=stage-a-v1-no-unvalidated-margin;window=0.00000000000000000;recovery=0.00000000000000000;socket=0.00000000000000000;host=1.00000000000000000;nic=1.00000000000000000;control=none;waves=none	conditional	expected_rtt_unknown,rtt_variance_unknown,effective_socket_buffer_unknown,host_pps_capacity_unknown	1	5df908ee607fe40716a9857bed43d1e8-17	600	0	1710000	1710000	0	0	0.000	30.095	32749.4	41296.3	19872	30	0	0	303	1710000	1710000	75050	47332	1000	94	11	0	250	0	0	0	0	0	0	0	0	0	0	0	0	0	0	0	250	0	0	0	0	0	0	0
tokio	plain	listener	shared-pool:4	per-connection	all	on	on	8	retain	16777216	33554432	33554432	33554432	33554432	0-2	off									3	tokio	tokio			3	3	0-2	3-5	600	600	0	50	0	none	1000000	fixed:100000000	100000000		25	stage-a-v1-no-unvalidated-margin	revision=stage-a-v1-no-unvalidated-margin;window=0.00000000000000000;recovery=0.00000000000000000;socket=0.00000000000000000;host=1.00000000000000000;nic=1.00000000000000000;control=none;waves=none	conditional	expected_rtt_unknown,rtt_variance_unknown,effective_socket_buffer_unknown,host_pps_capacity_unknown,nic_capacity_unknown	1	5df908ee607fe40716a9857bed43d1e8-17	600	0	1710000	1710000	0	0	2.077	30.100	24110.0	30482.2	25728	30	0	0	303	0	0	0	0	1000	94	0	0	250	0	0	0	0	0	0	0	0	4904547	642146	7.638	1024	8192	16384	105367	250	4	3525	14100	0	0	0	0
tokio	plain	caller	shared-pool:4	per-connection	all	on	on	8	retain	16777216	33554432	33554432	33554432	33554432	3-5	off									3	mio	tokio			1	3	0-2	3-5	1200	1200	1200	50	50	none	1000000	fixed:100000000	100000000		25	stage-a-v1-no-unvalidated-margin	revision=stage-a-v1-no-unvalidated-margin;window=0.00000000000000000;recovery=0.00000000000000000;socket=0.00000000000000000;host=1.00000000000000000;nic=1.00000000000000000;control=none;waves=none	conditional	expected_rtt_unknown,rtt_variance_unknown,effective_socket_buffer_unknown,host_pps_capacity_unknown	1	5df908ee607fe40716a9857bed43d1e8-18	1200	0	3418608	3418608	2720096	0	0.000	33.823	36058.1	53290.3	181344	30	3366694	3366694	63906	3419785	3418608	5465091	2759710	1000	94	34	0	250	0	0	0	0	0	0	0	0	0	0	0	0	0	0	0	250	0	0	0	0	0	0	0
mio	plain	listener	shared-pool:4	per-connection	all	on	on	8	retain	16777216	33554432	33554432	33554432	33554432	0-2	off									1	mio	tokio			1	3	0-2	3-5	1200	1200	0	50	0	none	1000000	fixed:100000000	100000000		25	stage-a-v1-no-unvalidated-margin	revision=stage-a-v1-no-unvalidated-margin;window=0.00000000000000000;recovery=0.00000000000000000;socket=0.00000000000000000;host=1.00000000000000000;nic=1.00000000000000000;control=none;waves=none	conditional	expected_rtt_unknown,rtt_variance_unknown,effective_socket_buffer_unknown,host_pps_capacity_unknown,nic_capacity_unknown	1	5df908ee607fe40716a9857bed43d1e8-18	1200	141	6135265	3144156	1204894	672728	252.866	35.474	13736.0	18572.1	107872	30	3366694	3366694	78691	0	0	0	0	1000	94	0	0	250	0	0	0	0	0	0	0	0	0	0	0	0	0	0	0	250	0	0	0	0	0	0	0
tokio	plain	caller	shared-pool:4	per-connection	all	on	on	8	retain	16777216	33554432	33554432	33554432	33554432	3-5	off									3	tokio	tokio			1	3	0-2	3-5	1200	1200	1200	50	50	none	1000000	fixed:100000000	100000000		25	stage-a-v1-no-unvalidated-margin	revision=stage-a-v1-no-unvalidated-margin;window=0.00000000000000000;recovery=0.00000000000000000;socket=0.00000000000000000;host=1.00000000000000000;nic=1.00000000000000000;control=none;waves=none	conditional	expected_rtt_unknown,rtt_variance_unknown,effective_socket_buffer_unknown,host_pps_capacity_unknown	1	5df908ee607fe40716a9857bed43d1e8-19	1199	0	2821795	2821795	2137180	0	0.000	34.638	33478.6	59897.9	256144	30	5003532	5003532	189812	3416749	2821795	5389834	2673033	1000	94	94	518222	250	0	0	0	0	0	0	0	0	0	0	0	0	0	0	0	250	0	0	0	0	0	0	0
tokio	plain	listener	shared-pool:4	per-connection	all	on	on	8	retain	16777216	33554432	33554432	33554432	33554432	0-2	off									1	tokio	tokio			1	3	0-2	3-5	1200	1200	0	50	0	none	1000000	fixed:100000000	100000000		25	stage-a-v1-no-unvalidated-margin	revision=stage-a-v1-no-unvalidated-margin;window=0.00000000000000000;recovery=0.00000000000000000;socket=0.00000000000000000;host=1.00000000000000000;nic=1.00000000000000000;control=none;waves=none	conditional	expected_rtt_unknown,rtt_variance_unknown,effective_socket_buffer_unknown,host_pps_capacity_unknown,nic_capacity_unknown	1	5df908ee607fe40716a9857bed43d1e8-19	1200	1	2718702	2726351	1614106	79510	58.423	35.161	13903.4	19868.4	71476	30	5003532	5003532	205696	0	0	0	0	1000	94	0	0	250	0	0	0	0	0	0	0	0	5500889	176727	31.126	2097152	2097152	2821613	2821613	250	4	7050	28200	0	0	0	0
tokio	plain	caller	shared-pool:4	per-connection	all	on	on	8	retain	16777216	33554432	33554432	33554432	33554432	3-5	off									3	mio	tokio			2	3	0-2	3-5	1200	1200	1200	50	50	none	1000000	fixed:100000000	100000000		25	stage-a-v1-no-unvalidated-margin	revision=stage-a-v1-no-unvalidated-margin;window=0.00000000000000000;recovery=0.00000000000000000;socket=0.00000000000000000;host=1.00000000000000000;nic=1.00000000000000000;control=none;waves=none	conditional	expected_rtt_unknown,rtt_variance_unknown,effective_socket_buffer_unknown,host_pps_capacity_unknown	1	5df908ee607fe40716a9857bed43d1e8-20	1200	0	3419387	3419387	0	0	0.000	30.685	35751.6	54664.7	42508	30	0	0	3153	3419845	3419387	6073428	3165289	1000	94	11	0	250	0	0	0	0	0	0	0	0	0	0	0	0	0	0	0	250	0	0	0	0	0	0	0
mio	plain	listener	shared-pool:4	per-connection	all	on	on	8	retain	16777216	33554432	33554432	33554432	33554432	0-2	off									2	mio	tokio			2	3	0-2	3-5	1200	1200	0	50	0	none	1000000	fixed:100000000	100000000		25	stage-a-v1-no-unvalidated-margin	revision=stage-a-v1-no-unvalidated-margin;window=0.00000000000000000;recovery=0.00000000000000000;socket=0.00000000000000000;host=1.00000000000000000;nic=1.00000000000000000;control=none;waves=none	conditional	expected_rtt_unknown,rtt_variance_unknown,effective_socket_buffer_unknown,host_pps_capacity_unknown,nic_capacity_unknown	1	5df908ee607fe40716a9857bed43d1e8-20	1200	0	8057603	3419387	0	0	21.409	30.696	23021.2	37280.9	48008	30	0	0	3153	0	0	0	0	1000	94	0	0	250	0	0	0	0	0	0	0	0	0	0	0	0	0	0	0	250	0	0	0	0	0	0	0
tokio	plain	caller	shared-pool:4	per-connection	all	on	on	8	retain	16777216	33554432	33554432	33554432	33554432	3-5	off									3	tokio	tokio			2	3	0-2	3-5	1200	1200	1200	50	50	none	1000000	fixed:100000000	100000000		25	stage-a-v1-no-unvalidated-margin	revision=stage-a-v1-no-unvalidated-margin;window=0.00000000000000000;recovery=0.00000000000000000;socket=0.00000000000000000;host=1.00000000000000000;nic=1.00000000000000000;control=none;waves=none	conditional	expected_rtt_unknown,rtt_variance_unknown,effective_socket_buffer_unknown,host_pps_capacity_unknown	1	5df908ee607fe40716a9857bed43d1e8-21	1200	0	3419135	3419135	27342	0	0.000	30.465	32690.4	57599.9	62724	30	49788	49788	3754	3419764	3419135	6645447	3346137	1000	94	33	0	250	0	0	0	0	0	0	0	0	0	0	0	0	0	0	0	250	0	0	0	0	0	0	0
tokio	plain	listener	shared-pool:4	per-connection	all	on	on	8	retain	16777216	33554432	33554432	33554432	33554432	0-2	off									2	tokio	tokio			2	3	0-2	3-5	1200	1200	0	50	0	none	1000000	fixed:100000000	100000000		25	stage-a-v1-no-unvalidated-margin	revision=stage-a-v1-no-unvalidated-margin;window=0.00000000000000000;recovery=0.00000000000000000;socket=0.00000000000000000;host=1.00000000000000000;nic=1.00000000000000000;control=none;waves=none	conditional	expected_rtt_unknown,rtt_variance_unknown,effective_socket_buffer_unknown,host_pps_capacity_unknown,nic_capacity_unknown	1	5df908ee607fe40716a9857bed43d1e8-21	1200	0	3419135	3419135	17742	9600	19.269	30.472	22955.9	37166.4	47740	30	49788	49788	3754	0	0	0	0	1000	94	0	0	250	0	0	0	0	0	0	0	0	8244377	266711	30.911	131072	1048576	1048576	1074348	250	4	7050	28200	0	0	0	0
tokio	plain	caller	shared-pool:4	per-connection	all	on	on	8	retain	16777216	33554432	33554432	33554432	33554432	3-5	off									3	mio	tokio			3	3	0-2	3-5	1200	1200	1200	50	50	none	1000000	fixed:100000000	100000000		25	stage-a-v1-no-unvalidated-margin	revision=stage-a-v1-no-unvalidated-margin;window=0.00000000000000000;recovery=0.00000000000000000;socket=0.00000000000000000;host=1.00000000000000000;nic=1.00000000000000000;control=none;waves=none	conditional	expected_rtt_unknown,rtt_variance_unknown,effective_socket_buffer_unknown,host_pps_capacity_unknown	1	5df908ee607fe40716a9857bed43d1e8-22	1200	0	3081178	3081178	272	0	0.000	30.658	30000.2	60316.2	71800	30	309	309	1941	3419669	3081178	6134006	3069843	1000	94	94	256761	250	0	0	0	0	0	0	0	0	0	0	0	0	0	0	0	250	0	0	0	0	0	0	0
mio	plain	listener	shared-pool:4	per-connection	all	on	on	8	retain	16777216	33554432	33554432	33554432	33554432	0-2	off									3	mio	tokio			3	3	0-2	3-5	1200	1200	0	50	0	none	1000000	fixed:100000000	100000000		25	stage-a-v1-no-unvalidated-margin	revision=stage-a-v1-no-unvalidated-margin;window=0.00000000000000000;recovery=0.00000000000000000;socket=0.00000000000000000;host=1.00000000000000000;nic=1.00000000000000000;control=none;waves=none	conditional	expected_rtt_unknown,rtt_variance_unknown,effective_socket_buffer_unknown,host_pps_capacity_unknown,nic_capacity_unknown	1	5df908ee607fe40716a9857bed43d1e8-22	1200	0	8482218	3081178	136	136	13.145	30.669	28896.5	47533.4	76952	30	309	309	1941	0	0	0	0	1000	94	0	0	250	0	0	0	0	0	0	0	0	0	0	0	0	0	0	0	250	0	0	0	0	0	0	0
tokio	plain	caller	shared-pool:4	per-connection	all	on	on	8	retain	16777216	33554432	33554432	33554432	33554432	3-5	off									3	tokio	tokio			3	3	0-2	3-5	1200	1200	1200	50	50	none	1000000	fixed:100000000	100000000		25	stage-a-v1-no-unvalidated-margin	revision=stage-a-v1-no-unvalidated-margin;window=0.00000000000000000;recovery=0.00000000000000000;socket=0.00000000000000000;host=1.00000000000000000;nic=1.00000000000000000;control=none;waves=none	conditional	expected_rtt_unknown,rtt_variance_unknown,effective_socket_buffer_unknown,host_pps_capacity_unknown	1	5df908ee607fe40716a9857bed43d1e8-23	1200	0	2964756	2964756	0	0	0.000	30.448	29280.5	60376.5	38404	30	0	0	1736	3419646	2964756	5908426	2956461	1000	94	94	360218	250	0	0	0	0	0	0	0	0	0	0	0	0	0	0	0	250	0	0	0	0	0	0	0
tokio	plain	listener	shared-pool:4	per-connection	all	on	on	8	retain	16777216	33554432	33554432	33554432	33554432	0-2	off									3	tokio	tokio			3	3	0-2	3-5	1200	1200	0	50	0	none	1000000	fixed:100000000	100000000		25	stage-a-v1-no-unvalidated-margin	revision=stage-a-v1-no-unvalidated-margin;window=0.00000000000000000;recovery=0.00000000000000000;socket=0.00000000000000000;host=1.00000000000000000;nic=1.00000000000000000;control=none;waves=none	conditional	expected_rtt_unknown,rtt_variance_unknown,effective_socket_buffer_unknown,host_pps_capacity_unknown,nic_capacity_unknown	1	5df908ee607fe40716a9857bed43d1e8-23	1200	0	2964756	2964756	0	0	11.987	30.456	31501.8	44886.8	42616	30	0	0	1736	0	0	0	0	1000	94	0	0	250	0	0	0	0	0	0	0	0	8553817	642609	13.311	16384	131072	262144	329611	250	4	7050	28200	0	0	0	0
tokio	plain	caller	shared-pool:4	per-connection	all	on	on	8	retain	16777216	33554432	33554432	33554432	33554432	3-5	off									3	mio	tokio			1	3	0-2	3-5	30	30	30	50	30	none	8000000	fixed:100000000	100000000		25	stage-a-v1-no-unvalidated-margin	revision=stage-a-v1-no-unvalidated-margin;window=0.00000000000000000;recovery=0.00000000000000000;socket=0.00000000000000000;host=1.00000000000000000;nic=1.00000000000000000;control=none;waves=none	conditional	expected_rtt_unknown,rtt_variance_unknown,effective_socket_buffer_unknown,host_pps_capacity_unknown	1	5df908ee607fe40716a9857bed43d1e8-24	30	0	683894	683894	0	0	0.000	30.005	9643.7	13949.2	6528	30	0	0	2	683903	683894	1035561	555734	1000	759	180	0	250	0	0	0	0	0	0	0	0	0	0	0	0	0	0	0	250	0	0	0	0	0	0	0
mio	plain	listener	shared-pool:4	per-connection	all	on	on	8	retain	16777216	33554432	33554432	33554432	33554432	0-2	off									1	mio	tokio			1	3	0-2	3-5	30	30	0	50	0	none	8000000	fixed:100000000	100000000		25	stage-a-v1-no-unvalidated-margin	revision=stage-a-v1-no-unvalidated-margin;window=0.00000000000000000;recovery=0.00000000000000000;socket=0.00000000000000000;host=1.00000000000000000;nic=1.00000000000000000;control=none;waves=none	conditional	expected_rtt_unknown,rtt_variance_unknown,effective_socket_buffer_unknown,host_pps_capacity_unknown,nic_capacity_unknown	1	5df908ee607fe40716a9857bed43d1e8-24	30	0	873043	683894	0	0	0.512	30.008	5418.4	7338.3	9652	30	0	0	2	0	0	0	0	1000	759	0	0	250	0	0	0	0	0	0	0	0	0	0	0	0	0	0	0	250	0	0	0	0	0	0	0
tokio	plain	listener	shared-pool:4	per-connection	all	on	on	8	retain	16777216	33554432	33554432	33554432	33554432	0-2	off									1	tokio	tokio			1	3	0-2	3-5	30	30	0	50	0	none	8000000	fixed:100000000	100000000		25	stage-a-v1-no-unvalidated-margin	revision=stage-a-v1-no-unvalidated-margin;window=0.00000000000000000;recovery=0.00000000000000000;socket=0.00000000000000000;host=1.00000000000000000;nic=1.00000000000000000;control=none;waves=none	conditional	expected_rtt_unknown,rtt_variance_unknown,effective_socket_buffer_unknown,host_pps_capacity_unknown,nic_capacity_unknown	1	5df908ee607fe40716a9857bed43d1e8-25	30	0	683878	683878	0	0	0.321	30.007	9553.1	5668.4	11264	30	0	0	6	0	0	0	0	1000	759	0	0	250	0	0	0	0	0	0	0	0	887995	300795	2.952	1024	2048	4096	16207	250	4	1518	6072	0	0	0	0
tokio	plain	caller	shared-pool:4	per-connection	all	on	on	8	retain	16777216	33554432	33554432	33554432	33554432	3-5	off									3	tokio	tokio			1	3	0-2	3-5	30	30	30	50	30	none	8000000	fixed:100000000	100000000		25	stage-a-v1-no-unvalidated-margin	revision=stage-a-v1-no-unvalidated-margin;window=0.00000000000000000;recovery=0.00000000000000000;socket=0.00000000000000000;host=1.00000000000000000;nic=1.00000000000000000;control=none;waves=none	conditional	expected_rtt_unknown,rtt_variance_unknown,effective_socket_buffer_unknown,host_pps_capacity_unknown	1	5df908ee607fe40716a9857bed43d1e8-25	30	0	683878	683878	0	0	0.000	30.005	17458.2	10119.1	6400	30	0	0	6	683896	683878	736565	414337	1000	759	20	0	250	0	0	0	0	0	0	0	0	0	0	0	0	0	0	0	250	0	0	0	0	0	0	0
tokio	plain	caller	shared-pool:4	per-connection	all	on	on	8	retain	16777216	33554432	33554432	33554432	33554432	3-5	off									3	mio	tokio			2	3	0-2	3-5	30	30	30	50	30	none	8000000	fixed:100000000	100000000		25	stage-a-v1-no-unvalidated-margin	revision=stage-a-v1-no-unvalidated-margin;window=0.00000000000000000;recovery=0.00000000000000000;socket=0.00000000000000000;host=1.00000000000000000;nic=1.00000000000000000;control=none;waves=none	conditional	expected_rtt_unknown,rtt_variance_unknown,effective_socket_buffer_unknown,host_pps_capacity_unknown	1	5df908ee607fe40716a9857bed43d1e8-26	30	0	683446	683446	0	0	0.000	30.003	10540.0	17254.7	6528	30	0	0	5	683880	683446	1002921	534751	1000	759	146	0	250	0	0	0	0	0	0	0	0	0	0	0	0	0	0	0	250	0	0	0	0	0	0	0
mio	plain	listener	shared-pool:4	per-connection	all	on	on	8	retain	16777216	33554432	33554432	33554432	33554432	0-2	off									2	mio	tokio			2	3	0-2	3-5	30	30	0	50	0	none	8000000	fixed:100000000	100000000		25	stage-a-v1-no-unvalidated-margin	revision=stage-a-v1-no-unvalidated-margin;window=0.00000000000000000;recovery=0.00000000000000000;socket=0.00000000000000000;host=1.00000000000000000;nic=1.00000000000000000;control=none;waves=none	conditional	expected_rtt_unknown,rtt_variance_unknown,effective_socket_buffer_unknown,host_pps_capacity_unknown,nic_capacity_unknown	1	5df908ee607fe40716a9857bed43d1e8-26	30	0	877314	683446	0	0	0.847	30.006	6296.9	10098.4	9600	30	0	0	5	0	0	0	0	1000	759	0	0	250	0	0	0	0	0	0	0	0	0	0	0	0	0	0	0	250	0	0	0	0	0	0	0
tokio	plain	caller	shared-pool:4	per-connection	all	on	on	8	retain	16777216	33554432	33554432	33554432	33554432	3-5	off									3	tokio	tokio			2	3	0-2	3-5	30	30	30	50	30	none	8000000	fixed:100000000	100000000		25	stage-a-v1-no-unvalidated-margin	revision=stage-a-v1-no-unvalidated-margin;window=0.00000000000000000;recovery=0.00000000000000000;socket=0.00000000000000000;host=1.00000000000000000;nic=1.00000000000000000;control=none;waves=none	conditional	expected_rtt_unknown,rtt_variance_unknown,effective_socket_buffer_unknown,host_pps_capacity_unknown	1	5df908ee607fe40716a9857bed43d1e8-27	30	0	683881	683881	0	0	0.000	30.006	11096.6	13694.5	6784	30	0	0	7	683901	683881	858545	474392	1000	759	90	0	250	0	0	0	0	0	0	0	0	0	0	0	0	0	0	0	250	0	0	0	0	0	0	0
tokio	plain	listener	shared-pool:4	per-connection	all	on	on	8	retain	16777216	33554432	33554432	33554432	33554432	0-2	off									2	tokio	tokio			2	3	0-2	3-5	30	30	0	50	0	none	8000000	fixed:100000000	100000000		25	stage-a-v1-no-unvalidated-margin	revision=stage-a-v1-no-unvalidated-margin;window=0.00000000000000000;recovery=0.00000000000000000;socket=0.00000000000000000;host=1.00000000000000000;nic=1.00000000000000000;control=none;waves=none	conditional	expected_rtt_unknown,rtt_variance_unknown,effective_socket_buffer_unknown,host_pps_capacity_unknown,nic_capacity_unknown	1	5df908ee607fe40716a9857bed43d1e8-27	30	0	683881	683881	0	0	0.320	30.010	11627.4	8432.2	11392	30	0	0	7	0	0	0	0	1000	759	0	0	250	0	0	0	0	0	0	0	0	884950	330937	2.674	1024	2048	4096	27474	250	4	1518	6072	0	0	0	0
mio	plain	listener	shared-pool:4	per-connection	all	on	on	8	retain	16777216	33554432	33554432	33554432	33554432	0-2	off									3	mio	tokio			3	3	0-2	3-5	30	30	0	50	0	none	8000000	fixed:100000000	100000000		25	stage-a-v1-no-unvalidated-margin	revision=stage-a-v1-no-unvalidated-margin;window=0.00000000000000000;recovery=0.00000000000000000;socket=0.00000000000000000;host=1.00000000000000000;nic=1.00000000000000000;control=none;waves=none	conditional	expected_rtt_unknown,rtt_variance_unknown,effective_socket_buffer_unknown,host_pps_capacity_unknown,nic_capacity_unknown	1	5df908ee607fe40716a9857bed43d1e8-28	30	0	866956	671404	0	0	0.446	30.008	6600.4	12002.6	9984	30	0	0	7	0	0	0	0	1000	759	0	0	250	0	0	0	0	0	0	0	0	0	0	0	0	0	0	0	250	0	0	0	0	0	0	0
tokio	plain	caller	shared-pool:4	per-connection	all	on	on	8	retain	16777216	33554432	33554432	33554432	33554432	3-5	off									3	mio	tokio			3	3	0-2	3-5	30	30	30	50	30	none	8000000	fixed:100000000	100000000		25	stage-a-v1-no-unvalidated-margin	revision=stage-a-v1-no-unvalidated-margin;window=0.00000000000000000;recovery=0.00000000000000000;socket=0.00000000000000000;host=1.00000000000000000;nic=1.00000000000000000;control=none;waves=none	conditional	expected_rtt_unknown,rtt_variance_unknown,effective_socket_buffer_unknown,host_pps_capacity_unknown	1	5df908ee607fe40716a9857bed43d1e8-28	30	0	671404	671404	0	0	0.000	30.005	9891.9	19417.0	6272	30	0	0	7	683877	671404	983851	527256	1000	759	627	0	250	0	0	0	0	0	0	0	0	0	0	0	0	0	0	0	250	0	0	0	0	0	0	0
tokio	plain	caller	shared-pool:4	per-connection	all	on	on	8	retain	16777216	33554432	33554432	33554432	33554432	3-5	off									3	tokio	tokio			3	3	0-2	3-5	30	30	30	50	30	none	8000000	fixed:100000000	100000000		25	stage-a-v1-no-unvalidated-margin	revision=stage-a-v1-no-unvalidated-margin;window=0.00000000000000000;recovery=0.00000000000000000;socket=0.00000000000000000;host=1.00000000000000000;nic=1.00000000000000000;control=none;waves=none	conditional	expected_rtt_unknown,rtt_variance_unknown,effective_socket_buffer_unknown,host_pps_capacity_unknown	1	5df908ee607fe40716a9857bed43d1e8-29	30	0	683768	683768	0	0	0.000	30.006	10023.9	20016.5	6400	30	0	0	0	683890	683768	1197965	610526	1000	759	384	0	250	0	0	0	0	0	0	0	0	0	0	0	0	0	0	0	250	0	0	0	0	0	0	0
tokio	plain	listener	shared-pool:4	per-connection	all	on	on	8	retain	16777216	33554432	33554432	33554432	33554432	0-2	off									3	tokio	tokio			3	3	0-2	3-5	30	30	0	50	0	none	8000000	fixed:100000000	100000000		25	stage-a-v1-no-unvalidated-margin	revision=stage-a-v1-no-unvalidated-margin;window=0.00000000000000000;recovery=0.00000000000000000;socket=0.00000000000000000;host=1.00000000000000000;nic=1.00000000000000000;control=none;waves=none	conditional	expected_rtt_unknown,rtt_variance_unknown,effective_socket_buffer_unknown,host_pps_capacity_unknown,nic_capacity_unknown	1	5df908ee607fe40716a9857bed43d1e8-29	30	0	683768	683768	0	0	0.445	30.012	13227.2	12299.1	11776	30	0	0	0	0	0	0	0	1000	759	0	0	250	0	0	0	0	0	0	0	0	884429	311500	2.839	1024	2048	4096	39425	250	4	1518	6072	0	0	0	0
tokio	plain	caller	shared-pool:4	per-connection	all	on	on	8	retain	16777216	33554432	33554432	33554432	33554432	3-5	off									3	mio	tokio			1	3	0-2	3-5	200	200	200	50	50	none	8000000	fixed:100000000	100000000		25	stage-a-v1-no-unvalidated-margin	revision=stage-a-v1-no-unvalidated-margin;window=0.00000000000000000;recovery=0.00000000000000000;socket=0.00000000000000000;host=1.00000000000000000;nic=1.00000000000000000;control=none;waves=none	conditional	expected_rtt_unknown,rtt_variance_unknown,effective_socket_buffer_unknown,host_pps_capacity_unknown	1	5df908ee607fe40716a9857bed43d1e8-30	200	0	4108563	4108563	0	0	0.000	30.039	24489.7	36407.5	22480	30	0	0	277	4559210	4108563	8215054	4107984	1000	759	759	299377	250	0	0	0	0	0	0	0	0	0	0	0	0	0	0	0	250	0	0	0	0	0	0	0
mio	plain	listener	shared-pool:4	per-connection	all	on	on	8	retain	16777216	33554432	33554432	33554432	33554432	0-2	off									1	mio	tokio			1	3	0-2	3-5	200	200	0	50	0	none	8000000	fixed:100000000	100000000		25	stage-a-v1-no-unvalidated-margin	revision=stage-a-v1-no-unvalidated-margin;window=0.00000000000000000;recovery=0.00000000000000000;socket=0.00000000000000000;host=1.00000000000000000;nic=1.00000000000000000;control=none;waves=none	conditional	expected_rtt_unknown,rtt_variance_unknown,effective_socket_buffer_unknown,host_pps_capacity_unknown,nic_capacity_unknown	1	5df908ee607fe40716a9857bed43d1e8-30	200	0	5242694	4108563	0	0	7.570	30.047	15567.5	14449.2	35128	30	0	0	359	0	0	0	0	1000	759	0	0	250	0	0	0	0	0	0	0	0	0	0	0	0	0	0	0	250	0	0	0	0	0	0	0
tokio	plain	caller	shared-pool:4	per-connection	all	on	on	8	retain	16777216	33554432	33554432	33554432	33554432	3-5	off									3	tokio	tokio			1	3	0-2	3-5	200	200	200	50	50	none	8000000	fixed:100000000	100000000		25	stage-a-v1-no-unvalidated-margin	revision=stage-a-v1-no-unvalidated-margin;window=0.00000000000000000;recovery=0.00000000000000000;socket=0.00000000000000000;host=1.00000000000000000;nic=1.00000000000000000;control=none;waves=none	conditional	expected_rtt_unknown,rtt_variance_unknown,effective_socket_buffer_unknown,host_pps_capacity_unknown	1	5df908ee607fe40716a9857bed43d1e8-31	200	0	4385791	4385791	0	0	0.000	30.048	26682.5	36920.0	22860	30	0	0	407	4559262	4385791	8770574	4383206	1000	759	759	32121	250	0	0	0	0	0	0	0	0	0	0	0	0	0	0	0	250	0	0	0	0	0	0	0
tokio	plain	listener	shared-pool:4	per-connection	all	on	on	8	retain	16777216	33554432	33554432	33554432	33554432	0-2	off									1	tokio	tokio			1	3	0-2	3-5	200	200	0	50	0	none	8000000	fixed:100000000	100000000		25	stage-a-v1-no-unvalidated-margin	revision=stage-a-v1-no-unvalidated-margin;window=0.00000000000000000;recovery=0.00000000000000000;socket=0.00000000000000000;host=1.00000000000000000;nic=1.00000000000000000;control=none;waves=none	conditional	expected_rtt_unknown,rtt_variance_unknown,effective_socket_buffer_unknown,host_pps_capacity_unknown,nic_capacity_unknown	1	5df908ee607fe40716a9857bed43d1e8-31	200	0	4385791	4385791	0	0	4.529	30.052	16481.4	13542.1	38052	30	0	0	414	0	0	0	0	1000	759	0	0	250	0	0	0	0	0	0	0	0	5419544	187363	28.925	16384	65536	65536	145703	250	4	9487	37948	0	0	0	0
tokio	plain	caller	shared-pool:4	per-connection	all	on	on	8	retain	16777216	33554432	33554432	33554432	33554432	3-5	off									3	mio	tokio			2	3	0-2	3-5	200	200	200	50	50	none	8000000	fixed:100000000	100000000		25	stage-a-v1-no-unvalidated-margin	revision=stage-a-v1-no-unvalidated-margin;window=0.00000000000000000;recovery=0.00000000000000000;socket=0.00000000000000000;host=1.00000000000000000;nic=1.00000000000000000;control=none;waves=none	conditional	expected_rtt_unknown,rtt_variance_unknown,effective_socket_buffer_unknown,host_pps_capacity_unknown	1	5df908ee607fe40716a9857bed43d1e8-32	200	0	4003632	4003632	0	0	0.000	30.032	25776.0	41961.4	17812	30	0	0	86	4559215	4003632	8002294	4002576	1000	759	759	407021	250	0	0	0	0	0	0	0	0	0	0	0	0	0	0	0	250	0	0	0	0	0	0	0
mio	plain	listener	shared-pool:4	per-connection	all	on	on	8	retain	16777216	33554432	33554432	33554432	33554432	0-2	off									2	mio	tokio			2	3	0-2	3-5	200	200	0	50	0	none	8000000	fixed:100000000	100000000		25	stage-a-v1-no-unvalidated-margin	revision=stage-a-v1-no-unvalidated-margin;window=0.00000000000000000;recovery=0.00000000000000000;socket=0.00000000000000000;host=1.00000000000000000;nic=1.00000000000000000;control=none;waves=none	conditional	expected_rtt_unknown,rtt_variance_unknown,effective_socket_buffer_unknown,host_pps_capacity_unknown,nic_capacity_unknown	1	5df908ee607fe40716a9857bed43d1e8-32	200	0	5195103	4003632	0	0	1.941	30.037	26606.3	21451.4	35468	30	0	0	86	0	0	0	0	1000	759	0	0	250	0	0	0	0	0	0	0	0	0	0	0	0	0	0	0	250	0	0	0	0	0	0	0
tokio	plain	caller	shared-pool:4	per-connection	all	on	on	8	retain	16777216	33554432	33554432	33554432	33554432	3-5	off									3	tokio	tokio			2	3	0-2	3-5	200	200	200	50	50	none	8000000	fixed:100000000	100000000		25	stage-a-v1-no-unvalidated-margin	revision=stage-a-v1-no-unvalidated-margin;window=0.00000000000000000;recovery=0.00000000000000000;socket=0.00000000000000000;host=1.00000000000000000;nic=1.00000000000000000;control=none;waves=none	conditional	expected_rtt_unknown,rtt_variance_unknown,effective_socket_buffer_unknown,host_pps_capacity_unknown	1	5df908ee607fe40716a9857bed43d1e8-33	200	0	4125014	4125014	0	0	0.000	30.030	25861.2	41453.7	16780	30	0	0	74	4559268	4125014	8247681	4124711	1000	759	759	282938	250	0	0	0	0	0	0	0	0	0	0	0	0	0	0	0	250	0	0	0	0	0	0	0
tokio	plain	listener	shared-pool:4	per-connection	all	on	on	8	retain	16777216	33554432	33554432	33554432	33554432	0-2	off									2	tokio	tokio			2	3	0-2	3-5	200	200	0	50	0	none	8000000	fixed:100000000	100000000		25	stage-a-v1-no-unvalidated-margin	revision=stage-a-v1-no-unvalidated-margin;window=0.00000000000000000;recovery=0.00000000000000000;socket=0.00000000000000000;host=1.00000000000000000;nic=1.00000000000000000;control=none;waves=none	conditional	expected_rtt_unknown,rtt_variance_unknown,effective_socket_buffer_unknown,host_pps_capacity_unknown,nic_capacity_unknown	1	5df908ee607fe40716a9857bed43d1e8-33	200	0	4125014	4125014	0	0	1.606	30.038	31925.5	19682.6	36636	30	0	0	74	0	0	0	0	1000	759	0	0	250	0	0	0	0	0	0	0	0	5413566	622245	8.700	2048	8192	32768	117768	250	4	9487	37948	0	0	0	0
tokio	plain	caller	shared-pool:4	per-connection	all	on	on	8	retain	16777216	33554432	33554432	33554432	33554432	3-5	off									3	mio	tokio			3	3	0-2	3-5	200	200	200	50	50	none	8000000	fixed:100000000	100000000		25	stage-a-v1-no-unvalidated-margin	revision=stage-a-v1-no-unvalidated-margin;window=0.00000000000000000;recovery=0.00000000000000000;socket=0.00000000000000000;host=1.00000000000000000;nic=1.00000000000000000;control=none;waves=none	conditional	expected_rtt_unknown,rtt_variance_unknown,effective_socket_buffer_unknown,host_pps_capacity_unknown	1	5df908ee607fe40716a9857bed43d1e8-34	200	0	3864027	3864027	0	0	0.000	30.033	24935.6	45630.6	13676	30	0	0	42	4559266	3864027	7713034	3862531	1000	759	759	544101	250	0	0	0	0	0	0	0	0	0	0	0	0	0	0	0	250	0	0	0	0	0	0	0
mio	plain	listener	shared-pool:4	per-connection	all	on	on	8	retain	16777216	33554432	33554432	33554432	33554432	0-2	off									3	mio	tokio			3	3	0-2	3-5	200	200	0	50	0	none	8000000	fixed:100000000	100000000		25	stage-a-v1-no-unvalidated-margin	revision=stage-a-v1-no-unvalidated-margin;window=0.00000000000000000;recovery=0.00000000000000000;socket=0.00000000000000000;host=1.00000000000000000;nic=1.00000000000000000;control=none;waves=none	conditional	expected_rtt_unknown,rtt_variance_unknown,effective_socket_buffer_unknown,host_pps_capacity_unknown,nic_capacity_unknown	1	5df908ee607fe40716a9857bed43d1e8-34	200	0	5068829	3864027	0	0	1.599	30.038	28377.1	25358.9	35272	30	0	0	42	0	0	0	0	1000	759	0	0	250	0	0	0	0	0	0	0	0	0	0	0	0	0	0	0	250	0	0	0	0	0	0	0
tokio	plain	caller	shared-pool:4	per-connection	all	on	on	8	retain	16777216	33554432	33554432	33554432	33554432	3-5	off									3	tokio	tokio			3	3	0-2	3-5	200	200	200	50	50	none	8000000	fixed:100000000	100000000		25	stage-a-v1-no-unvalidated-margin	revision=stage-a-v1-no-unvalidated-margin;window=0.00000000000000000;recovery=0.00000000000000000;socket=0.00000000000000000;host=1.00000000000000000;nic=1.00000000000000000;control=none;waves=none	conditional	expected_rtt_unknown,rtt_variance_unknown,effective_socket_buffer_unknown,host_pps_capacity_unknown	1	5df908ee607fe40716a9857bed43d1e8-35	200	0	3693847	3693847	0	0	0.000	30.029	25494.2	43796.6	14632	30	0	0	40	4559209	3693847	7375361	3693114	1000	759	759	713852	250	0	0	0	0	0	0	0	0	0	0	0	0	0	0	0	250	0	0	0	0	0	0	0
tokio	plain	listener	shared-pool:4	per-connection	all	on	on	8	retain	16777216	33554432	33554432	33554432	33554432	0-2	off									3	tokio	tokio			3	3	0-2	3-5	200	200	0	50	0	none	8000000	fixed:100000000	100000000		25	stage-a-v1-no-unvalidated-margin	revision=stage-a-v1-no-unvalidated-margin;window=0.00000000000000000;recovery=0.00000000000000000;socket=0.00000000000000000;host=1.00000000000000000;nic=1.00000000000000000;control=none;waves=none	conditional	expected_rtt_unknown,rtt_variance_unknown,effective_socket_buffer_unknown,host_pps_capacity_unknown,nic_capacity_unknown	1	5df908ee607fe40716a9857bed43d1e8-35	200	0	3693847	3693847	0	0	1.775	30.036	34541.4	23622.5	35576	30	0	0	40	0	0	0	0	1000	759	0	0	250	0	0	0	0	0	0	0	0	4952461	693546	7.141	1024	8192	32768	52282	250	4	9487	37948	0	0	0	0
tokio	plain	caller	shared-pool:4	per-connection	all	on	on	8	retain	16777216	33554432	33554432	33554432	33554432	3-5	off									3	mio	tokio			1	3	0-2	3-5	600	600	600	50	50	none	8000000	fixed:100000000	100000000		25	stage-a-v1-no-unvalidated-margin	revision=stage-a-v1-no-unvalidated-margin;window=0.00000000000000000;recovery=0.00000000000000000;socket=0.00000000000000000;host=1.00000000000000000;nic=1.00000000000000000;control=none;waves=none	conditional	expected_rtt_unknown,rtt_variance_unknown,effective_socket_buffer_unknown,host_pps_capacity_unknown	1	5df908ee607fe40716a9857bed43d1e8-36	600	0	3633479	3633479	2505409	0	0.000	31.351	34008.9	56893.4	272872	30	3666236	3666236	26845	13675783	3633479	7329319	3632751	1000	759	759	9588074	250	0	0	0	0	0	0	0	0	0	0	0	0	0	0	0	250	0	0	0	0	0	0	0
mio	plain	listener	shared-pool:4	per-connection	all	on	on	8	retain	16777216	33554432	33554432	33554432	33554432	0-2	off									1	mio	tokio			1	3	0-2	3-5	600	600	0	50	0	none	8000000	fixed:100000000	100000000		25	stage-a-v1-no-unvalidated-margin	revision=stage-a-v1-no-unvalidated-margin;window=0.00000000000000000;recovery=0.00000000000000000;socket=0.00000000000000000;host=1.00000000000000000;nic=1.00000000000000000;control=none;waves=none	conditional	expected_rtt_unknown,rtt_variance_unknown,effective_socket_buffer_unknown,host_pps_capacity_unknown,nic_capacity_unknown	1	5df908ee607fe40716a9857bed43d1e8-36	600	167	6684916	3866149	1230890	160007	259.355	35.374	15879.0	15720.7	153144	30	3666236	3666236	77502	0	0	0	0	1000	759	0	0	250	0	0	0	0	0	0	0	0	0	0	0	0	0	0	0	250	0	0	0	0	0	0	0
tokio	plain	caller	shared-pool:4	per-connection	all	on	on	8	retain	16777216	33554432	33554432	33554432	33554432	3-5	off									3	tokio	tokio			1	3	0-2	3-5	600	600	600	50	50	none	8000000	fixed:100000000	100000000		25	stage-a-v1-no-unvalidated-margin	revision=stage-a-v1-no-unvalidated-margin;window=0.00000000000000000;recovery=0.00000000000000000;socket=0.00000000000000000;host=1.00000000000000000;nic=1.00000000000000000;control=none;waves=none	conditional	expected_rtt_unknown,rtt_variance_unknown,effective_socket_buffer_unknown,host_pps_capacity_unknown	1	5df908ee607fe40716a9857bed43d1e8-37	600	0	3919107	3919107	2839452	0	0.000	31.664	35635.4	55307.4	193904	30	2366348	2366348	25584	13677065	3919107	7915889	3918474	1000	759	759	9303734	250	0	0	0	0	0	0	0	0	0	0	0	0	0	0	0	250	0	0	0	0	0	0	0
tokio	plain	listener	shared-pool:4	per-connection	all	on	on	8	retain	16777216	33554432	33554432	33554432	33554432	0-2	off									1	tokio	tokio			1	3	0-2	3-5	600	600	0	50	0	none	8000000	fixed:100000000	100000000		25	stage-a-v1-no-unvalidated-margin	revision=stage-a-v1-no-unvalidated-margin;window=0.00000000000000000;recovery=0.00000000000000000;socket=0.00000000000000000;host=1.00000000000000000;nic=1.00000000000000000;control=none;waves=none	conditional	expected_rtt_unknown,rtt_variance_unknown,effective_socket_buffer_unknown,host_pps_capacity_unknown,nic_capacity_unknown	1	5df908ee607fe40716a9857bed43d1e8-37	600	0	3979703	3983307	1465483	1157893	51.344	32.185	13071.1	17876.9	47592	30	2366348	2366348	29345	0	0	0	0	1000	759	0	0	250	0	0	0	0	0	0	0	0	6607851	210888	31.333	1048576	2097152	2097152	2111557	250	4	28462	113848	0	0	0	0
tokio	plain	caller	shared-pool:4	per-connection	all	on	on	8	retain	16777216	33554432	33554432	33554432	33554432	3-5	off									3	mio	tokio			2	3	0-2	3-5	600	600	600	50	50	none	8000000	fixed:100000000	100000000		25	stage-a-v1-no-unvalidated-margin	revision=stage-a-v1-no-unvalidated-margin;window=0.00000000000000000;recovery=0.00000000000000000;socket=0.00000000000000000;host=1.00000000000000000;nic=1.00000000000000000;control=none;waves=none	conditional	expected_rtt_unknown,rtt_variance_unknown,effective_socket_buffer_unknown,host_pps_capacity_unknown	1	5df908ee607fe40716a9857bed43d1e8-38	600	0	4921418	4921418	0	0	0.000	30.228	34758.5	55097.6	59664	30	0	0	630	13677435	4921418	9837545	4921217	1000	759	759	8301331	250	0	0	0	0	0	0	0	0	0	0	0	0	0	0	0	250	0	0	0	0	0	0	0
mio	plain	listener	shared-pool:4	per-connection	all	on	on	8	retain	16777216	33554432	33554432	33554432	33554432	0-2	off									2	mio	tokio			2	3	0-2	3-5	600	600	0	50	0	none	8000000	fixed:100000000	100000000		25	stage-a-v1-no-unvalidated-margin	revision=stage-a-v1-no-unvalidated-margin;window=0.00000000000000000;recovery=0.00000000000000000;socket=0.00000000000000000;host=1.00000000000000000;nic=1.00000000000000000;control=none;waves=none	conditional	expected_rtt_unknown,rtt_variance_unknown,effective_socket_buffer_unknown,host_pps_capacity_unknown,nic_capacity_unknown	1	5df908ee607fe40716a9857bed43d1e8-38	600	0	7951412	4921418	0	0	9.328	30.237	28302.5	31340.8	85412	30	0	0	630	0	0	0	0	1000	759	0	0	250	0	0	0	0	0	0	0	0	0	0	0	0	0	0	0	250	0	0	0	0	0	0	0
tokio	plain	caller	shared-pool:4	per-connection	all	on	on	8	retain	16777216	33554432	33554432	33554432	33554432	3-5	off									3	tokio	tokio			2	3	0-2	3-5	600	600	600	50	50	none	8000000	fixed:100000000	100000000		25	stage-a-v1-no-unvalidated-margin	revision=stage-a-v1-no-unvalidated-margin;window=0.00000000000000000;recovery=0.00000000000000000;socket=0.00000000000000000;host=1.00000000000000000;nic=1.00000000000000000;control=none;waves=none	conditional	expected_rtt_unknown,rtt_variance_unknown,effective_socket_buffer_unknown,host_pps_capacity_unknown	1	5df908ee607fe40716a9857bed43d1e8-39	600	0	4848696	4848696	0	0	0.000	30.150	33781.8	56132.4	34664	30	0	0	653	13677519	4848696	9692430	4848267	1000	759	759	8374241	250	0	0	0	0	0	0	0	0	0	0	0	0	0	0	0	250	0	0	0	0	0	0	0
tokio	plain	listener	shared-pool:4	per-connection	all	on	on	8	retain	16777216	33554432	33554432	33554432	33554432	0-2	off									2	tokio	tokio			2	3	0-2	3-5	600	600	0	50	0	none	8000000	fixed:100000000	100000000		25	stage-a-v1-no-unvalidated-margin	revision=stage-a-v1-no-unvalidated-margin;window=0.00000000000000000;recovery=0.00000000000000000;socket=0.00000000000000000;host=1.00000000000000000;nic=1.00000000000000000;control=none;waves=none	conditional	expected_rtt_unknown,rtt_variance_unknown,effective_socket_buffer_unknown,host_pps_capacity_unknown,nic_capacity_unknown	1	5df908ee607fe40716a9857bed43d1e8-39	600	0	4848696	4848696	0	0	6.507	30.163	29682.0	29900.2	51264	30	0	0	653	0	0	0	0	1000	759	0	0	250	0	0	0	0	0	0	0	0	8148080	310189	26.268	16384	131072	262144	277226	250	4	28462	113848	0	0	0	0
tokio	plain	caller	shared-pool:4	per-connection	all	on	on	8	retain	16777216	33554432	33554432	33554432	33554432	3-5	off									3	mio	tokio			3	3	0-2	3-5	600	600	600	50	50	none	8000000	fixed:100000000	100000000		25	stage-a-v1-no-unvalidated-margin	revision=stage-a-v1-no-unvalidated-margin;window=0.00000000000000000;recovery=0.00000000000000000;socket=0.00000000000000000;host=1.00000000000000000;nic=1.00000000000000000;control=none;waves=none	conditional	expected_rtt_unknown,rtt_variance_unknown,effective_socket_buffer_unknown,host_pps_capacity_unknown	1	5df908ee607fe40716a9857bed43d1e8-40	600	0	4415245	4415245	0	0	0.000	30.148	32613.2	57138.3	26836	30	0	0	389	13677384	4415245	8822722	4415013	1000	759	759	8807548	250	0	0	0	0	0	0	0	0	0	0	0	0	0	0	0	250	0	0	0	0	0	0	0
mio	plain	listener	shared-pool:4	per-connection	all	on	on	8	retain	16777216	33554432	33554432	33554432	33554432	0-2	off									3	mio	tokio			3	3	0-2	3-5	600	600	0	50	0	none	8000000	fixed:100000000	100000000		25	stage-a-v1-no-unvalidated-margin	revision=stage-a-v1-no-unvalidated-margin;window=0.00000000000000000;recovery=0.00000000000000000;socket=0.00000000000000000;host=1.00000000000000000;nic=1.00000000000000000;control=none;waves=none	conditional	expected_rtt_unknown,rtt_variance_unknown,effective_socket_buffer_unknown,host_pps_capacity_unknown,nic_capacity_unknown	1	5df908ee607fe40716a9857bed43d1e8-40	600	0	7746615	4415245	0	0	5.243	30.154	32160.7	37961.7	48928	30	0	0	389	0	0	0	0	1000	759	0	0	250	0	0	0	0	0	0	0	0	0	0	0	0	0	0	0	250	0	0	0	0	0	0	0
tokio	plain	caller	shared-pool:4	per-connection	all	on	on	8	retain	16777216	33554432	33554432	33554432	33554432	3-5	off									3	tokio	tokio			3	3	0-2	3-5	600	600	600	50	50	none	8000000	fixed:100000000	100000000		25	stage-a-v1-no-unvalidated-margin	revision=stage-a-v1-no-unvalidated-margin;window=0.00000000000000000;recovery=0.00000000000000000;socket=0.00000000000000000;host=1.00000000000000000;nic=1.00000000000000000;control=none;waves=none	conditional	expected_rtt_unknown,rtt_variance_unknown,effective_socket_buffer_unknown,host_pps_capacity_unknown	1	5df908ee607fe40716a9857bed43d1e8-41	600	0	4624069	4624069	0	0	0.000	30.135	32983.9	56645.0	28144	30	0	0	410	13677457	4624069	9241396	4623812	1000	759	759	8598787	250	0	0	0	0	0	0	0	0	0	0	0	0	0	0	0	250	0	0	0	0	0	0	0
tokio	plain	listener	shared-pool:4	per-connection	all	on	on	8	retain	16777216	33554432	33554432	33554432	33554432	0-2	off									3	tokio	tokio			3	3	0-2	3-5	600	600	0	50	0	none	8000000	fixed:100000000	100000000		25	stage-a-v1-no-unvalidated-margin	revision=stage-a-v1-no-unvalidated-margin;window=0.00000000000000000;recovery=0.00000000000000000;socket=0.00000000000000000;host=1.00000000000000000;nic=1.00000000000000000;control=none;waves=none	conditional	expected_rtt_unknown,rtt_variance_unknown,effective_socket_buffer_unknown,host_pps_capacity_unknown,nic_capacity_unknown	1	5df908ee607fe40716a9857bed43d1e8-41	600	0	4624069	4624069	0	0	4.667	30.141	37076.5	34798.4	48236	30	0	0	410	0	0	0	0	1000	759	0	0	250	0	0	0	0	0	0	0	0	8062142	760987	10.594	4096	65536	131072	218133	250	4	28462	113848	0	0	0	0
tokio	plain	caller	shared-pool:4	per-connection	all	on	on	8	retain	16777216	33554432	33554432	33554432	33554432	3-5	off									3	mio	tokio			1	3	0-2	3-5	1200	1200	1200	50	50	none	8000000	fixed:100000000	100000000		25	stage-a-v1-no-unvalidated-margin	revision=stage-a-v1-no-unvalidated-margin;window=0.00000000000000000;recovery=0.00000000000000000;socket=0.00000000000000000;host=1.00000000000000000;nic=1.00000000000000000;control=none;waves=none	conditional	expected_rtt_unknown,rtt_variance_unknown,effective_socket_buffer_unknown,host_pps_capacity_unknown	1	5df908ee607fe40716a9857bed43d1e8-42	1200	0	3914902	3914902	3186327	0	0.000	39.555	37845.9	59972.8	202788	30	4273569	4273569	141623	27353741	3914902	7896892	3914099	1000	759	759	22530594	250	0	0	0	0	0	0	0	0	0	0	0	0	0	0	0	250	0	0	0	0	0	0	0
mio	plain	listener	shared-pool:4	per-connection	all	on	on	8	retain	16777216	33554432	33554432	33554432	33554432	0-2	off									1	mio	tokio			1	3	0-2	3-5	1200	1200	0	50	0	none	8000000	fixed:100000000	100000000		25	stage-a-v1-no-unvalidated-margin	revision=stage-a-v1-no-unvalidated-margin;window=0.00000000000000000;recovery=0.00000000000000000;socket=0.00000000000000000;host=1.00000000000000000;nic=1.00000000000000000;control=none;waves=none	conditional	expected_rtt_unknown,rtt_variance_unknown,effective_socket_buffer_unknown,host_pps_capacity_unknown,nic_capacity_unknown	1	5df908ee607fe40716a9857bed43d1e8-42	1200	372	6724940	3466228	1466217	693608	234.841	39.568	17629.5	19929.8	128400	30	4273569	4273569	141623	0	0	0	0	1000	759	0	0	250	0	0	0	0	0	0	0	0	0	0	0	0	0	0	0	250	0	0	0	0	0	0	0
tokio	plain	caller	shared-pool:4	per-connection	all	on	on	8	retain	16777216	33554432	33554432	33554432	33554432	3-5	off									3	tokio	tokio			1	3	0-2	3-5	1200	1200	1200	50	50	none	8000000	fixed:100000000	100000000		25	stage-a-v1-no-unvalidated-margin	revision=stage-a-v1-no-unvalidated-margin;window=0.00000000000000000;recovery=0.00000000000000000;socket=0.00000000000000000;host=1.00000000000000000;nic=1.00000000000000000;control=none;waves=none	conditional	expected_rtt_unknown,rtt_variance_unknown,effective_socket_buffer_unknown,host_pps_capacity_unknown	1	5df908ee607fe40716a9857bed43d1e8-43	1200	0	3133183	3133183	2394756	0	0.000	35.754	33379.0	61238.3	224672	30	4911225	4911225	212022	27348486	3133183	6329413	3132553	1000	759	759	23306007	250	0	0	0	0	0	0	0	0	0	0	0	0	0	0	0	250	0	0	0	0	0	0	0
tokio	plain	listener	shared-pool:4	per-connection	all	on	on	8	retain	16777216	33554432	33554432	33554432	33554432	0-2	off									1	tokio	tokio			1	3	0-2	3-5	1200	1200	0	50	0	none	8000000	fixed:100000000	100000000		25	stage-a-v1-no-unvalidated-margin	revision=stage-a-v1-no-unvalidated-margin;window=0.00000000000000000;recovery=0.00000000000000000;socket=0.00000000000000000;host=1.00000000000000000;nic=1.00000000000000000;control=none;waves=none	conditional	expected_rtt_unknown,rtt_variance_unknown,effective_socket_buffer_unknown,host_pps_capacity_unknown,nic_capacity_unknown	1	5df908ee607fe40716a9857bed43d1e8-43	1200	463	3119862	3135766	1585609	172350	70.121	35.936	14353.1	20645.7	71756	30	4911225	4911225	212662	0	0	0	0	1000	759	0	0	250	0	0	0	0	0	0	0	0	6240179	210240	29.681	1048576	2097152	2694606	2694606	250	4	56925	227700	0	0	0	0
tokio	plain	caller	shared-pool:4	per-connection	all	on	on	8	retain	16777216	33554432	33554432	33554432	33554432	3-5	off									3	mio	tokio			2	3	0-2	3-5	1200	1200	1200	50	50	none	8000000	fixed:100000000	100000000		25	stage-a-v1-no-unvalidated-margin	revision=stage-a-v1-no-unvalidated-margin;window=0.00000000000000000;recovery=0.00000000000000000;socket=0.00000000000000000;host=1.00000000000000000;nic=1.00000000000000000;control=none;waves=none	conditional	expected_rtt_unknown,rtt_variance_unknown,effective_socket_buffer_unknown,host_pps_capacity_unknown	1	5df908ee607fe40716a9857bed43d1e8-44	1200	0	4452461	4452461	0	0	0.000	30.842	34231.3	56248.7	52724	30	0	0	2556	27353765	4452461	8900913	4452226	1000	759	759	21992058	250	0	0	0	0	0	0	0	0	0	0	0	0	0	0	0	250	0	0	0	0	0	0	0
mio	plain	listener	shared-pool:4	per-connection	all	on	on	8	retain	16777216	33554432	33554432	33554432	33554432	0-2	off									2	mio	tokio			2	3	0-2	3-5	1200	1200	0	50	0	none	8000000	fixed:100000000	100000000		25	stage-a-v1-no-unvalidated-margin	revision=stage-a-v1-no-unvalidated-margin;window=0.00000000000000000;recovery=0.00000000000000000;socket=0.00000000000000000;host=1.00000000000000000;nic=1.00000000000000000;control=none;waves=none	conditional	expected_rtt_unknown,rtt_variance_unknown,effective_socket_buffer_unknown,host_pps_capacity_unknown,nic_capacity_unknown	1	5df908ee607fe40716a9857bed43d1e8-44	1200	0	8640007	4452461	0	0	18.306	30.851	25378.1	35357.0	60396	30	0	0	2556	0	0	0	0	1000	759	0	0	250	0	0	0	0	0	0	0	0	0	0	0	0	0	0	0	250	0	0	0	0	0	0	0
tokio	plain	caller	shared-pool:4	per-connection	all	on	on	8	retain	16777216	33554432	33554432	33554432	33554432	3-5	off									3	tokio	tokio			2	3	0-2	3-5	1200	1200	1200	50	50	none	8000000	fixed:100000000	100000000		25	stage-a-v1-no-unvalidated-margin	revision=stage-a-v1-no-unvalidated-margin;window=0.00000000000000000;recovery=0.00000000000000000;socket=0.00000000000000000;host=1.00000000000000000;nic=1.00000000000000000;control=none;waves=none	conditional	expected_rtt_unknown,rtt_variance_unknown,effective_socket_buffer_unknown,host_pps_capacity_unknown	1	5df908ee607fe40716a9857bed43d1e8-45	1200	0	3585690	3585690	6709	0	0.000	30.558	32234.7	58764.5	61496	30	11083	11083	11216	27353624	3585690	7166627	3585231	1000	759	759	22859461	250	0	0	0	0	0	0	0	0	0	0	0	0	0	0	0	250	0	0	0	0	0	0	0
tokio	plain	listener	shared-pool:4	per-connection	all	on	on	8	retain	16777216	33554432	33554432	33554432	33554432	0-2	off									2	tokio	tokio			2	3	0-2	3-5	1200	1200	0	50	0	none	8000000	fixed:100000000	100000000		25	stage-a-v1-no-unvalidated-margin	revision=stage-a-v1-no-unvalidated-margin;window=0.00000000000000000;recovery=0.00000000000000000;socket=0.00000000000000000;host=1.00000000000000000;nic=1.00000000000000000;control=none;waves=none	conditional	expected_rtt_unknown,rtt_variance_unknown,effective_socket_buffer_unknown,host_pps_capacity_unknown,nic_capacity_unknown	1	5df908ee607fe40716a9857bed43d1e8-45	1200	0	3585690	3585690	4314	2395	34.888	30.567	23684.9	37100.9	49644	30	11083	11083	11216	0	0	0	0	1000	759	0	0	250	0	0	0	0	0	0	0	0	8374962	270438	30.968	131072	524288	1048576	1089155	250	4	56925	227700	0	0	0	0
tokio	plain	caller	shared-pool:4	per-connection	all	on	on	8	retain	16777216	33554432	33554432	33554432	33554432	3-5	off									3	mio	tokio			3	3	0-2	3-5	1200	1200	1200	50	50	none	8000000	fixed:100000000	100000000		25	stage-a-v1-no-unvalidated-margin	revision=stage-a-v1-no-unvalidated-margin;window=0.00000000000000000;recovery=0.00000000000000000;socket=0.00000000000000000;host=1.00000000000000000;nic=1.00000000000000000;control=none;waves=none	conditional	expected_rtt_unknown,rtt_variance_unknown,effective_socket_buffer_unknown,host_pps_capacity_unknown	1	5df908ee607fe40716a9857bed43d1e8-46	1200	0	3138433	3138433	0	0	0.000	30.736	29867.4	60894.7	44492	30	0	0	1284	27353943	3138433	6271198	3137823	1000	759	759	23306587	250	0	0	0	0	0	0	0	0	0	0	0	0	0	0	0	250	0	0	0	0	0	0	0
mio	plain	listener	shared-pool:4	per-connection	all	on	on	8	retain	16777216	33554432	33554432	33554432	33554432	0-2	off									3	mio	tokio			3	3	0-2	3-5	1200	1200	0	50	0	none	8000000	fixed:100000000	100000000		25	stage-a-v1-no-unvalidated-margin	revision=stage-a-v1-no-unvalidated-margin;window=0.00000000000000000;recovery=0.00000000000000000;socket=0.00000000000000000;host=1.00000000000000000;nic=1.00000000000000000;control=none;waves=none	conditional	expected_rtt_unknown,rtt_variance_unknown,effective_socket_buffer_unknown,host_pps_capacity_unknown,nic_capacity_unknown	1	5df908ee607fe40716a9857bed43d1e8-46	1200	0	8658101	3138433	0	0	9.412	30.746	28677.2	47787.0	53848	30	0	0	1284	0	0	0	0	1000	759	0	0	250	0	0	0	0	0	0	0	0	0	0	0	0	0	0	0	250	0	0	0	0	0	0	0
tokio	plain	caller	shared-pool:4	per-connection	all	on	on	8	retain	16777216	33554432	33554432	33554432	33554432	3-5	off									3	tokio	tokio			3	3	0-2	3-5	1200	1200	1200	50	50	none	8000000	fixed:100000000	100000000		25	stage-a-v1-no-unvalidated-margin	revision=stage-a-v1-no-unvalidated-margin;window=0.00000000000000000;recovery=0.00000000000000000;socket=0.00000000000000000;host=1.00000000000000000;nic=1.00000000000000000;control=none;waves=none	conditional	expected_rtt_unknown,rtt_variance_unknown,effective_socket_buffer_unknown,host_pps_capacity_unknown	1	5df908ee607fe40716a9857bed43d1e8-47	1200	0	2832110	2832110	0	0	0.000	30.552	29456.1	60805.2	40440	30	0	0	8578	27351710	2832110	5659097	2831833	1000	759	759	23610098	250	0	0	0	0	0	0	0	0	0	0	0	0	0	0	0	250	0	0	0	0	0	0	0
tokio	plain	listener	shared-pool:4	per-connection	all	on	on	8	retain	16777216	33554432	33554432	33554432	33554432	0-2	off									3	tokio	tokio			3	3	0-2	3-5	1200	1200	0	50	0	none	8000000	fixed:100000000	100000000		25	stage-a-v1-no-unvalidated-margin	revision=stage-a-v1-no-unvalidated-margin;window=0.00000000000000000;recovery=0.00000000000000000;socket=0.00000000000000000;host=1.00000000000000000;nic=1.00000000000000000;control=none;waves=none	conditional	expected_rtt_unknown,rtt_variance_unknown,effective_socket_buffer_unknown,host_pps_capacity_unknown,nic_capacity_unknown	1	5df908ee607fe40716a9857bed43d1e8-47	1200	0	2832110	2832110	0	0	28.850	30.564	31592.7	45771.6	41776	30	0	0	8578	0	0	0	0	1000	759	0	0	250	0	0	0	0	0	0	0	0	8301868	578406	14.353	16384	262144	262144	439804	250	4	56925	227700	0	0	0	0
tokio	plain	caller	shared-pool:4	per-connection	all	on	on	8	retain	16777216	33554432	33554432	33554432	33554432	3-5	off									3	mio	tokio			1	3	0-2	3-5	30	30	30	50	30	none	1000000	fixed:100000000	100000000		25	stage-a-v1-no-unvalidated-margin	revision=stage-a-v1-no-unvalidated-margin;window=0.00000000000000000;recovery=0.00000000000000000;socket=0.00000000000000000;host=1.00000000000000000;nic=1.00000000000000000;control=none;waves=none	conditional	expected_rtt_unknown,rtt_variance_unknown,effective_socket_buffer_unknown,host_pps_capacity_unknown	2	5df908ee607fe40716a9857bed43d1e8-48	30	0	85500	85500	0	0	0.000	30.009	2271.7	5737.9	6016	30	0	0	30	85500	85500	198	177	1000	94	3	0	250	0	0	0	0	0	0	0	0	0	0	0	0	0	0	0	250	0	0	0	0	0	0	0
mio	plain	listener	shared-pool:4	per-connection	all	on	on	8	retain	16777216	33554432	33554432	33554432	33554432	0-2	off									1	mio	tokio			1	3	0-2	3-5	30	30	0	50	0	none	1000000	fixed:100000000	100000000		25	stage-a-v1-no-unvalidated-margin	revision=stage-a-v1-no-unvalidated-margin;window=0.00000000000000000;recovery=0.00000000000000000;socket=0.00000000000000000;host=1.00000000000000000;nic=1.00000000000000000;control=none;waves=none	conditional	expected_rtt_unknown,rtt_variance_unknown,effective_socket_buffer_unknown,host_pps_capacity_unknown,nic_capacity_unknown	2	5df908ee607fe40716a9857bed43d1e8-48	30	0	262927	85500	0	0	0.897	30.015	1006.1	4175.1	6008	30	0	0	30	0	0	0	0	1000	94	0	0	250	0	0	0	0	0	0	0	0	0	0	0	0	0	0	0	250	0	0	0	0	0	0	0
tokio	plain	caller	shared-pool:4	per-connection	all	on	on	8	retain	16777216	33554432	33554432	33554432	33554432	3-5	off									3	tokio	tokio			1	3	0-2	3-5	30	30	30	50	30	none	1000000	fixed:100000000	100000000		25	stage-a-v1-no-unvalidated-margin	revision=stage-a-v1-no-unvalidated-margin;window=0.00000000000000000;recovery=0.00000000000000000;socket=0.00000000000000000;host=1.00000000000000000;nic=1.00000000000000000;control=none;waves=none	conditional	expected_rtt_unknown,rtt_variance_unknown,effective_socket_buffer_unknown,host_pps_capacity_unknown	2	5df908ee607fe40716a9857bed43d1e8-49	30	0	85500	85500	0	0	0.000	30.009	2306.0	4603.2	6196	30	0	0	30	85500	85500	68	58	1000	94	3	0	250	0	0	0	0	0	0	0	0	0	0	0	0	0	0	0	250	0	0	0	0	0	0	0
tokio	plain	listener	shared-pool:4	per-connection	all	on	on	8	retain	16777216	33554432	33554432	33554432	33554432	0-2	off									1	tokio	tokio			1	3	0-2	3-5	30	30	0	50	0	none	1000000	fixed:100000000	100000000		25	stage-a-v1-no-unvalidated-margin	revision=stage-a-v1-no-unvalidated-margin;window=0.00000000000000000;recovery=0.00000000000000000;socket=0.00000000000000000;host=1.00000000000000000;nic=1.00000000000000000;control=none;waves=none	conditional	expected_rtt_unknown,rtt_variance_unknown,effective_socket_buffer_unknown,host_pps_capacity_unknown,nic_capacity_unknown	2	5df908ee607fe40716a9857bed43d1e8-49	30	0	85500	85500	0	0	0.398	30.013	2128.0	3230.3	7040	30	0	0	30	0	0	0	0	1000	94	0	0	250	0	0	0	0	0	0	0	0	290573	47048	6.176	2048	2048	8192	13640	250	4	188	752	0	0	0	0
tokio	plain	caller	shared-pool:4	per-connection	all	on	on	8	retain	16777216	33554432	33554432	33554432	33554432	3-5	off									3	mio	tokio			2	3	0-2	3-5	30	30	30	50	30	none	1000000	fixed:100000000	100000000		25	stage-a-v1-no-unvalidated-margin	revision=stage-a-v1-no-unvalidated-margin;window=0.00000000000000000;recovery=0.00000000000000000;socket=0.00000000000000000;host=1.00000000000000000;nic=1.00000000000000000;control=none;waves=none	conditional	expected_rtt_unknown,rtt_variance_unknown,effective_socket_buffer_unknown,host_pps_capacity_unknown	2	5df908ee607fe40716a9857bed43d1e8-50	30	0	85500	85500	0	0	0.000	30.009	2329.0	4024.9	6068	30	0	0	16	85500	85500	0	0	1000	94	1	0	250	0	0	0	0	0	0	0	0	0	0	0	0	0	0	0	250	0	0	0	0	0	0	0
mio	plain	listener	shared-pool:4	per-connection	all	on	on	8	retain	16777216	33554432	33554432	33554432	33554432	0-2	off									2	mio	tokio			2	3	0-2	3-5	30	30	0	50	0	none	1000000	fixed:100000000	100000000		25	stage-a-v1-no-unvalidated-margin	revision=stage-a-v1-no-unvalidated-margin;window=0.00000000000000000;recovery=0.00000000000000000;socket=0.00000000000000000;host=1.00000000000000000;nic=1.00000000000000000;control=none;waves=none	conditional	expected_rtt_unknown,rtt_variance_unknown,effective_socket_buffer_unknown,host_pps_capacity_unknown,nic_capacity_unknown	2	5df908ee607fe40716a9857bed43d1e8-50	30	0	265721	85500	0	0	0.427	30.011	995.3	3108.0	6144	30	0	0	16	0	0	0	0	1000	94	0	0	250	0	0	0	0	0	0	0	0	0	0	0	0	0	0	0	250	0	0	0	0	0	0	0
tokio	plain	caller	shared-pool:4	per-connection	all	on	on	8	retain	16777216	33554432	33554432	33554432	33554432	3-5	off									3	tokio	tokio			2	3	0-2	3-5	30	30	30	50	30	none	1000000	fixed:100000000	100000000		25	stage-a-v1-no-unvalidated-margin	revision=stage-a-v1-no-unvalidated-margin;window=0.00000000000000000;recovery=0.00000000000000000;socket=0.00000000000000000;host=1.00000000000000000;nic=1.00000000000000000;control=none;waves=none	conditional	expected_rtt_unknown,rtt_variance_unknown,effective_socket_buffer_unknown,host_pps_capacity_unknown	2	5df908ee607fe40716a9857bed43d1e8-51	30	0	85500	85500	0	0	0.000	30.009	2203.4	4621.1	6016	30	0	0	38	85500	85500	2	2	1000	94	2	0	250	0	0	0	0	0	0	0	0	0	0	0	0	0	0	0	250	0	0	0	0	0	0	0
tokio	plain	listener	shared-pool:4	per-connection	all	on	on	8	retain	16777216	33554432	33554432	33554432	33554432	0-2	off									2	tokio	tokio			2	3	0-2	3-5	30	30	0	50	0	none	1000000	fixed:100000000	100000000		25	stage-a-v1-no-unvalidated-margin	revision=stage-a-v1-no-unvalidated-margin;window=0.00000000000000000;recovery=0.00000000000000000;socket=0.00000000000000000;host=1.00000000000000000;nic=1.00000000000000000;control=none;waves=none	conditional	expected_rtt_unknown,rtt_variance_unknown,effective_socket_buffer_unknown,host_pps_capacity_unknown,nic_capacity_unknown	2	5df908ee607fe40716a9857bed43d1e8-51	30	0	85500	85500	0	0	0.332	30.013	2594.5	3651.1	7552	30	0	0	38	0	0	0	0	1000	94	0	0	250	0	0	0	0	0	0	0	0	279833	52361	5.344	2048	2048	4096	14331	250	4	188	752	0	0	0	0
mio	plain	listener	shared-pool:4	per-connection	all	on	on	8	retain	16777216	33554432	33554432	33554432	33554432	0-2	off									3	mio	tokio			3	3	0-2	3-5	30	30	0	50	0	none	1000000	fixed:100000000	100000000		25	stage-a-v1-no-unvalidated-margin	revision=stage-a-v1-no-unvalidated-margin;window=0.00000000000000000;recovery=0.00000000000000000;socket=0.00000000000000000;host=1.00000000000000000;nic=1.00000000000000000;control=none;waves=none	conditional	expected_rtt_unknown,rtt_variance_unknown,effective_socket_buffer_unknown,host_pps_capacity_unknown,nic_capacity_unknown	2	5df908ee607fe40716a9857bed43d1e8-52	30	0	265673	85500	0	0	0.485	30.013	1374.6	3854.2	6016	30	0	0	5	0	0	0	0	1000	94	0	0	250	0	0	0	0	0	0	0	0	0	0	0	0	0	0	0	250	0	0	0	0	0	0	0
tokio	plain	caller	shared-pool:4	per-connection	all	on	on	8	retain	16777216	33554432	33554432	33554432	33554432	3-5	off									3	mio	tokio			3	3	0-2	3-5	30	30	30	50	20	none	1000000	fixed:100000000	100000000		25	stage-a-v1-no-unvalidated-margin	revision=stage-a-v1-no-unvalidated-margin;window=0.00000000000000000;recovery=0.00000000000000000;socket=0.00000000000000000;host=1.00000000000000000;nic=1.00000000000000000;control=none;waves=none	conditional	expected_rtt_unknown,rtt_variance_unknown,effective_socket_buffer_unknown,host_pps_capacity_unknown	2	5df908ee607fe40716a9857bed43d1e8-52	30	0	85500	85500	0	0	0.000	30.011	2493.6	4738.6	6144	30	0	0	5	85500	85500	6	6	1000	94	2	0	250	0	0	0	0	0	0	0	0	0	0	0	0	0	0	0	250	0	0	0	0	0	0	0
tokio	plain	listener	shared-pool:4	per-connection	all	on	on	8	retain	16777216	33554432	33554432	33554432	33554432	0-2	off									3	tokio	tokio			3	3	0-2	3-5	30	30	0	50	0	none	1000000	fixed:100000000	100000000		25	stage-a-v1-no-unvalidated-margin	revision=stage-a-v1-no-unvalidated-margin;window=0.00000000000000000;recovery=0.00000000000000000;socket=0.00000000000000000;host=1.00000000000000000;nic=1.00000000000000000;control=none;waves=none	conditional	expected_rtt_unknown,rtt_variance_unknown,effective_socket_buffer_unknown,host_pps_capacity_unknown,nic_capacity_unknown	2	5df908ee607fe40716a9857bed43d1e8-53	30	0	85500	85500	0	0	0.775	30.014	3448.1	5434.0	7424	30	0	0	11	0	0	0	0	1000	94	0	0	250	0	0	0	0	0	0	0	0	271186	61075	4.440	2048	2048	4096	40926	250	4	188	752	0	0	0	0
tokio	plain	caller	shared-pool:4	per-connection	all	on	on	8	retain	16777216	33554432	33554432	33554432	33554432	3-5	off									3	tokio	tokio			3	3	0-2	3-5	30	30	30	50	30	none	1000000	fixed:100000000	100000000		25	stage-a-v1-no-unvalidated-margin	revision=stage-a-v1-no-unvalidated-margin;window=0.00000000000000000;recovery=0.00000000000000000;socket=0.00000000000000000;host=1.00000000000000000;nic=1.00000000000000000;control=none;waves=none	conditional	expected_rtt_unknown,rtt_variance_unknown,effective_socket_buffer_unknown,host_pps_capacity_unknown	2	5df908ee607fe40716a9857bed43d1e8-53	30	0	85500	85500	0	0	0.000	30.011	2848.1	6339.7	6016	30	0	0	11	85500	85500	418	336	1000	94	4	0	250	0	0	0	0	0	0	0	0	0	0	0	0	0	0	0	250	0	0	0	0	0	0	0
mio	plain	listener	shared-pool:4	per-connection	all	on	on	8	retain	16777216	33554432	33554432	33554432	33554432	0-2	off									1	mio	tokio			1	3	0-2	3-5	200	200	0	50	0	none	1000000	fixed:100000000	100000000		25	stage-a-v1-no-unvalidated-margin	revision=stage-a-v1-no-unvalidated-margin;window=0.00000000000000000;recovery=0.00000000000000000;socket=0.00000000000000000;host=1.00000000000000000;nic=1.00000000000000000;control=none;waves=none	conditional	expected_rtt_unknown,rtt_variance_unknown,effective_socket_buffer_unknown,host_pps_capacity_unknown,nic_capacity_unknown	2	5df908ee607fe40716a9857bed43d1e8-54	200	0	1662541	570000	0	0	3.114	30.038	5319.5	10724.8	10308	30	0	0	163	0	0	0	0	1000	94	0	0	250	0	0	0	0	0	0	0	0	0	0	0	0	0	0	0	250	0	0	0	0	0	0	0
tokio	plain	caller	shared-pool:4	per-connection	all	on	on	8	retain	16777216	33554432	33554432	33554432	33554432	3-5	off									3	mio	tokio			1	3	0-2	3-5	200	200	200	50	50	none	1000000	fixed:100000000	100000000		25	stage-a-v1-no-unvalidated-margin	revision=stage-a-v1-no-unvalidated-margin;window=0.00000000000000000;recovery=0.00000000000000000;socket=0.00000000000000000;host=1.00000000000000000;nic=1.00000000000000000;control=none;waves=none	conditional	expected_rtt_unknown,rtt_variance_unknown,effective_socket_buffer_unknown,host_pps_capacity_unknown	2	5df908ee607fe40716a9857bed43d1e8-54	200	0	570000	570000	0	0	0.000	30.036	13792.7	16533.4	10112	30	0	0	163	570000	570000	550	535	1000	94	2	0	250	0	0	0	0	0	0	0	0	0	0	0	0	0	0	0	250	0	0	0	0	0	0	0
tokio	plain	listener	shared-pool:4	per-connection	all	on	on	8	retain	16777216	33554432	33554432	33554432	33554432	0-2	off									1	tokio	tokio			1	3	0-2	3-5	200	200	0	50	0	none	1000000	fixed:100000000	100000000		25	stage-a-v1-no-unvalidated-margin	revision=stage-a-v1-no-unvalidated-margin;window=0.00000000000000000;recovery=0.00000000000000000;socket=0.00000000000000000;host=1.00000000000000000;nic=1.00000000000000000;control=none;waves=none	conditional	expected_rtt_unknown,rtt_variance_unknown,effective_socket_buffer_unknown,host_pps_capacity_unknown,nic_capacity_unknown	2	5df908ee607fe40716a9857bed43d1e8-55	200	0	570000	570000	0	0	0.820	30.046	7654.0	10665.8	12544	30	0	0	136	0	0	0	0	1000	94	0	0	250	0	0	0	0	0	0	0	0	1725153	163476	10.553	2048	4096	16384	27161	250	4	1175	4700	0	0	0	0
tokio	plain	caller	shared-pool:4	per-connection	all	on	on	8	retain	16777216	33554432	33554432	33554432	33554432	3-5	off									3	tokio	tokio			1	3	0-2	3-5	200	200	200	50	50	none	1000000	fixed:100000000	100000000		25	stage-a-v1-no-unvalidated-margin	revision=stage-a-v1-no-unvalidated-margin;window=0.00000000000000000;recovery=0.00000000000000000;socket=0.00000000000000000;host=1.00000000000000000;nic=1.00000000000000000;control=none;waves=none	conditional	expected_rtt_unknown,rtt_variance_unknown,effective_socket_buffer_unknown,host_pps_capacity_unknown	2	5df908ee607fe40716a9857bed43d1e8-55	200	0	570000	570000	0	0	0.000	30.042	12947.5	18138.7	9984	30	0	0	136	570000	570000	1783	1191	1000	94	5	0	250	0	0	0	0	0	0	0	0	0	0	0	0	0	0	0	250	0	0	0	0	0	0	0
tokio	plain	caller	shared-pool:4	per-connection	all	on	on	8	retain	16777216	33554432	33554432	33554432	33554432	3-5	off									3	mio	tokio			2	3	0-2	3-5	200	200	200	50	50	none	1000000	fixed:100000000	100000000		25	stage-a-v1-no-unvalidated-margin	revision=stage-a-v1-no-unvalidated-margin;window=0.00000000000000000;recovery=0.00000000000000000;socket=0.00000000000000000;host=1.00000000000000000;nic=1.00000000000000000;control=none;waves=none	conditional	expected_rtt_unknown,rtt_variance_unknown,effective_socket_buffer_unknown,host_pps_capacity_unknown	2	5df908ee607fe40716a9857bed43d1e8-56	200	0	570000	570000	0	0	0.000	30.043	12901.4	16328.8	9600	30	0	0	140	570000	570000	144	144	1000	94	2	0	250	0	0	0	0	0	0	0	0	0	0	0	0	0	0	0	250	0	0	0	0	0	0	0
mio	plain	listener	shared-pool:4	per-connection	all	on	on	8	retain	16777216	33554432	33554432	33554432	33554432	0-2	off									2	mio	tokio			2	3	0-2	3-5	200	200	0	50	0	none	1000000	fixed:100000000	100000000		25	stage-a-v1-no-unvalidated-margin	revision=stage-a-v1-no-unvalidated-margin;window=0.00000000000000000;recovery=0.00000000000000000;socket=0.00000000000000000;host=1.00000000000000000;nic=1.00000000000000000;control=none;waves=none	conditional	expected_rtt_unknown,rtt_variance_unknown,effective_socket_buffer_unknown,host_pps_capacity_unknown,nic_capacity_unknown	2	5df908ee607fe40716a9857bed43d1e8-56	200	0	1672121	570000	0	0	1.379	30.046	6327.5	12582.6	10368	30	0	0	140	0	0	0	0	1000	94	0	0	250	0	0	0	0	0	0	0	0	0	0	0	0	0	0	0	250	0	0	0	0	0	0	0
tokio	plain	listener	shared-pool:4	per-connection	all	on	on	8	retain	16777216	33554432	33554432	33554432	33554432	0-2	off									2	tokio	tokio			2	3	0-2	3-5	200	200	0	50	0	none	1000000	fixed:100000000	100000000		25	stage-a-v1-no-unvalidated-margin	revision=stage-a-v1-no-unvalidated-margin;window=0.00000000000000000;recovery=0.00000000000000000;socket=0.00000000000000000;host=1.00000000000000000;nic=1.00000000000000000;control=none;waves=none	conditional	expected_rtt_unknown,rtt_variance_unknown,effective_socket_buffer_unknown,host_pps_capacity_unknown,nic_capacity_unknown	2	5df908ee607fe40716a9857bed43d1e8-57	200	0	570000	570000	0	0	0.861	30.042	10795.4	13892.5	12672	30	0	0	106	0	0	0	0	1000	94	0	0	250	0	0	0	0	0	0	0	0	1681476	291387	5.771	1024	4096	8192	14138	250	4	1175	4700	0	0	0	0
tokio	plain	caller	shared-pool:4	per-connection	all	on	on	8	retain	16777216	33554432	33554432	33554432	33554432	3-5	off									3	tokio	tokio			2	3	0-2	3-5	200	200	200	50	50	none	1000000	fixed:100000000	100000000		25	stage-a-v1-no-unvalidated-margin	revision=stage-a-v1-no-unvalidated-margin;window=0.00000000000000000;recovery=0.00000000000000000;socket=0.00000000000000000;host=1.00000000000000000;nic=1.00000000000000000;control=none;waves=none	conditional	expected_rtt_unknown,rtt_variance_unknown,effective_socket_buffer_unknown,host_pps_capacity_unknown	2	5df908ee607fe40716a9857bed43d1e8-57	200	0	570000	570000	0	0	0.000	30.042	13555.4	18483.9	10112	30	0	0	106	570000	570000	527	498	1000	94	2	0	250	0	0	0	0	0	0	0	0	0	0	0	0	0	0	0	250	0	0	0	0	0	0	0
tokio	plain	caller	shared-pool:4	per-connection	all	on	on	8	retain	16777216	33554432	33554432	33554432	33554432	3-5	off									3	mio	tokio			3	3	0-2	3-5	200	200	200	50	50	none	1000000	fixed:100000000	100000000		25	stage-a-v1-no-unvalidated-margin	revision=stage-a-v1-no-unvalidated-margin;window=0.00000000000000000;recovery=0.00000000000000000;socket=0.00000000000000000;host=1.00000000000000000;nic=1.00000000000000000;control=none;waves=none	conditional	expected_rtt_unknown,rtt_variance_unknown,effective_socket_buffer_unknown,host_pps_capacity_unknown	2	5df908ee607fe40716a9857bed43d1e8-58	200	0	570000	570000	0	0	0.000	30.039	13973.1	18569.1	9472	30	0	0	120	570000	570000	413	409	1000	94	2	0	250	0	0	0	0	0	0	0	0	0	0	0	0	0	0	0	250	0	0	0	0	0	0	0
mio	plain	listener	shared-pool:4	per-connection	all	on	on	8	retain	16777216	33554432	33554432	33554432	33554432	0-2	off									3	mio	tokio			3	3	0-2	3-5	200	200	0	50	0	none	1000000	fixed:100000000	100000000		25	stage-a-v1-no-unvalidated-margin	revision=stage-a-v1-no-unvalidated-margin;window=0.00000000000000000;recovery=0.00000000000000000;socket=0.00000000000000000;host=1.00000000000000000;nic=1.00000000000000000;control=none;waves=none	conditional	expected_rtt_unknown,rtt_variance_unknown,effective_socket_buffer_unknown,host_pps_capacity_unknown,nic_capacity_unknown	2	5df908ee607fe40716a9857bed43d1e8-58	200	0	1677726	570000	0	0	0.902	30.042	7179.4	15081.6	10624	30	0	0	120	0	0	0	0	1000	94	0	0	250	0	0	0	0	0	0	0	0	0	0	0	0	0	0	0	250	0	0	0	0	0	0	0
tokio	plain	caller	shared-pool:4	per-connection	all	on	on	8	retain	16777216	33554432	33554432	33554432	33554432	3-5	off									3	tokio	tokio			3	3	0-2	3-5	200	200	200	50	50	none	1000000	fixed:100000000	100000000		25	stage-a-v1-no-unvalidated-margin	revision=stage-a-v1-no-unvalidated-margin;window=0.00000000000000000;recovery=0.00000000000000000;socket=0.00000000000000000;host=1.00000000000000000;nic=1.00000000000000000;control=none;waves=none	conditional	expected_rtt_unknown,rtt_variance_unknown,effective_socket_buffer_unknown,host_pps_capacity_unknown	2	5df908ee607fe40716a9857bed43d1e8-59	200	0	570000	570000	0	0	0.000	30.031	13608.0	14694.5	9728	30	0	0	118	570000	570000	81	81	1000	94	2	0	250	0	0	0	0	0	0	0	0	0	0	0	0	0	0	0	250	0	0	0	0	0	0	0
tokio	plain	listener	shared-pool:4	per-connection	all	on	on	8	retain	16777216	33554432	33554432	33554432	33554432	0-2	off									3	tokio	tokio			3	3	0-2	3-5	200	200	0	50	0	none	1000000	fixed:100000000	100000000		25	stage-a-v1-no-unvalidated-margin	revision=stage-a-v1-no-unvalidated-margin;window=0.00000000000000000;recovery=0.00000000000000000;socket=0.00000000000000000;host=1.00000000000000000;nic=1.00000000000000000;control=none;waves=none	conditional	expected_rtt_unknown,rtt_variance_unknown,effective_socket_buffer_unknown,host_pps_capacity_unknown,nic_capacity_unknown	2	5df908ee607fe40716a9857bed43d1e8-59	200	0	570000	570000	0	0	1.062	30.035	10440.4	12703.4	12928	30	0	0	118	0	0	0	0	1000	94	0	0	250	0	0	0	0	0	0	0	0	1670985	369646	4.521	1024	2048	4096	10470	250	4	1175	4700	0	0	0	0
tokio	plain	caller	shared-pool:4	per-connection	all	on	on	8	retain	16777216	33554432	33554432	33554432	33554432	3-5	off									3	mio	tokio			1	3	0-2	3-5	600	600	600	50	50	none	1000000	fixed:100000000	100000000		25	stage-a-v1-no-unvalidated-margin	revision=stage-a-v1-no-unvalidated-margin;window=0.00000000000000000;recovery=0.00000000000000000;socket=0.00000000000000000;host=1.00000000000000000;nic=1.00000000000000000;control=none;waves=none	conditional	expected_rtt_unknown,rtt_variance_unknown,effective_socket_buffer_unknown,host_pps_capacity_unknown	2	5df908ee607fe40716a9857bed43d1e8-60	600	0	1710000	1710000	0	0	0.000	30.103	20193.8	32873.9	24540	30	0	0	2123	1710000	1710000	2154	1696	1000	94	3	0	250	0	0	0	0	0	0	0	0	0	0	0	0	0	0	0	250	0	0	0	0	0	0	0
mio	plain	listener	shared-pool:4	per-connection	all	on	on	8	retain	16777216	33554432	33554432	33554432	33554432	0-2	off									1	mio	tokio			1	3	0-2	3-5	600	600	0	50	0	none	1000000	fixed:100000000	100000000		25	stage-a-v1-no-unvalidated-margin	revision=stage-a-v1-no-unvalidated-margin;window=0.00000000000000000;recovery=0.00000000000000000;socket=0.00000000000000000;host=1.00000000000000000;nic=1.00000000000000000;control=none;waves=none	conditional	expected_rtt_unknown,rtt_variance_unknown,effective_socket_buffer_unknown,host_pps_capacity_unknown,nic_capacity_unknown	2	5df908ee607fe40716a9857bed43d1e8-60	600	0	4232348	1710000	0	0	27.119	30.106	10647.5	19411.6	26572	30	0	0	2123	0	0	0	0	1000	94	0	0	250	0	0	0	0	0	0	0	0	0	0	0	0	0	0	0	250	0	0	0	0	0	0	0
tokio	plain	listener	shared-pool:4	per-connection	all	on	on	8	retain	16777216	33554432	33554432	33554432	33554432	0-2	off									1	tokio	tokio			1	3	0-2	3-5	600	600	0	50	0	none	1000000	fixed:100000000	100000000		25	stage-a-v1-no-unvalidated-margin	revision=stage-a-v1-no-unvalidated-margin;window=0.00000000000000000;recovery=0.00000000000000000;socket=0.00000000000000000;host=1.00000000000000000;nic=1.00000000000000000;control=none;waves=none	conditional	expected_rtt_unknown,rtt_variance_unknown,effective_socket_buffer_unknown,host_pps_capacity_unknown,nic_capacity_unknown	2	5df908ee607fe40716a9857bed43d1e8-61	600	0	1710000	1710000	0	0	5.543	30.130	11632.3	18435.1	24032	30	0	0	999	0	0	0	0	1000	94	0	0	250	0	0	0	0	0	0	0	0	4279084	142036	30.127	32768	65536	131072	149020	250	4	3525	14100	0	0	0	0
tokio	plain	caller	shared-pool:4	per-connection	all	on	on	8	retain	16777216	33554432	33554432	33554432	33554432	3-5	off									3	tokio	tokio			1	3	0-2	3-5	600	600	600	50	50	none	1000000	fixed:100000000	100000000		25	stage-a-v1-no-unvalidated-margin	revision=stage-a-v1-no-unvalidated-margin;window=0.00000000000000000;recovery=0.00000000000000000;socket=0.00000000000000000;host=1.00000000000000000;nic=1.00000000000000000;control=none;waves=none	conditional	expected_rtt_unknown,rtt_variance_unknown,effective_socket_buffer_unknown,host_pps_capacity_unknown	2	5df908ee607fe40716a9857bed43d1e8-61	600	0	1710000	1710000	0	0	0.000	30.128	27393.6	34165.0	24580	30	0	0	999	1710000	1710000	18157	14061	1000	94	4	0	250	0	0	0	0	0	0	0	0	0	0	0	0	0	0	0	250	0	0	0	0	0	0	0
tokio	plain	caller	shared-pool:4	per-connection	all	on	on	8	retain	16777216	33554432	33554432	33554432	33554432	3-5	off									3	mio	tokio			2	3	0-2	3-5	600	600	600	50	50	none	1000000	fixed:100000000	100000000		25	stage-a-v1-no-unvalidated-margin	revision=stage-a-v1-no-unvalidated-margin;window=0.00000000000000000;recovery=0.00000000000000000;socket=0.00000000000000000;host=1.00000000000000000;nic=1.00000000000000000;control=none;waves=none	conditional	expected_rtt_unknown,rtt_variance_unknown,effective_socket_buffer_unknown,host_pps_capacity_unknown	2	5df908ee607fe40716a9857bed43d1e8-62	600	0	1710000	1710000	0	0	0.000	30.093	34485.5	41105.7	22648	30	0	0	307	1710000	1710000	49202	32882	1000	94	9	0	250	0	0	0	0	0	0	0	0	0	0	0	0	0	0	0	250	0	0	0	0	0	0	0
mio	plain	listener	shared-pool:4	per-connection	all	on	on	8	retain	16777216	33554432	33554432	33554432	33554432	0-2	off									2	mio	tokio			2	3	0-2	3-5	600	600	0	50	0	none	1000000	fixed:100000000	100000000		25	stage-a-v1-no-unvalidated-margin	revision=stage-a-v1-no-unvalidated-margin;window=0.00000000000000000;recovery=0.00000000000000000;socket=0.00000000000000000;host=1.00000000000000000;nic=1.00000000000000000;control=none;waves=none	conditional	expected_rtt_unknown,rtt_variance_unknown,effective_socket_buffer_unknown,host_pps_capacity_unknown,nic_capacity_unknown	2	5df908ee607fe40716a9857bed43d1e8-62	600	0	4896236	1710000	0	0	3.522	30.097	18621.7	29729.4	24032	30	0	0	307	0	0	0	0	1000	94	0	0	250	0	0	0	0	0	0	0	0	0	0	0	0	0	0	0	250	0	0	0	0	0	0	0
tokio	plain	caller	shared-pool:4	per-connection	all	on	on	8	retain	16777216	33554432	33554432	33554432	33554432	3-5	off									3	tokio	tokio			2	3	0-2	3-5	600	600	600	50	50	none	1000000	fixed:100000000	100000000		25	stage-a-v1-no-unvalidated-margin	revision=stage-a-v1-no-unvalidated-margin;window=0.00000000000000000;recovery=0.00000000000000000;socket=0.00000000000000000;host=1.00000000000000000;nic=1.00000000000000000;control=none;waves=none	conditional	expected_rtt_unknown,rtt_variance_unknown,effective_socket_buffer_unknown,host_pps_capacity_unknown	2	5df908ee607fe40716a9857bed43d1e8-63	600	0	1710000	1710000	0	0	0.000	30.100	31305.6	40191.4	19004	30	0	0	355	1710000	1710000	18977	14150	1000	94	5	0	250	0	0	0	0	0	0	0	0	0	0	0	0	0	0	0	250	0	0	0	0	0	0	0
tokio	plain	listener	shared-pool:4	per-connection	all	on	on	8	retain	16777216	33554432	33554432	33554432	33554432	0-2	off									2	tokio	tokio			2	3	0-2	3-5	600	600	0	50	0	none	1000000	fixed:100000000	100000000		25	stage-a-v1-no-unvalidated-margin	revision=stage-a-v1-no-unvalidated-margin;window=0.00000000000000000;recovery=0.00000000000000000;socket=0.00000000000000000;host=1.00000000000000000;nic=1.00000000000000000;control=none;waves=none	conditional	expected_rtt_unknown,rtt_variance_unknown,effective_socket_buffer_unknown,host_pps_capacity_unknown,nic_capacity_unknown	2	5df908ee607fe40716a9857bed43d1e8-63	600	0	1710000	1710000	0	0	2.040	30.104	21649.6	26812.5	24704	30	0	0	355	0	0	0	0	1000	94	0	0	250	0	0	0	0	0	0	0	0	4940565	507880	9.728	2048	8192	16384	39918	250	4	3525	14100	0	0	0	0
tokio	plain	caller	shared-pool:4	per-connection	all	on	on	8	retain	16777216	33554432	33554432	33554432	33554432	3-5	off									3	mio	tokio			3	3	0-2	3-5	600	600	600	50	50	none	1000000	fixed:100000000	100000000		25	stage-a-v1-no-unvalidated-margin	revision=stage-a-v1-no-unvalidated-margin;window=0.00000000000000000;recovery=0.00000000000000000;socket=0.00000000000000000;host=1.00000000000000000;nic=1.00000000000000000;control=none;waves=none	conditional	expected_rtt_unknown,rtt_variance_unknown,effective_socket_buffer_unknown,host_pps_capacity_unknown	2	5df908ee607fe40716a9857bed43d1e8-64	600	0	1710000	1710000	0	0	0.000	30.092	37091.5	40652.4	19980	30	0	0	322	1710000	1710000	92707	58970	1000	94	9	0	250	0	0	0	0	0	0	0	0	0	0	0	0	0	0	0	250	0	0	0	0	0	0	0
mio	plain	listener	shared-pool:4	per-connection	all	on	on	8	retain	16777216	33554432	33554432	33554432	33554432	0-2	off									3	mio	tokio			3	3	0-2	3-5	600	600	0	50	0	none	1000000	fixed:100000000	100000000		25	stage-a-v1-no-unvalidated-margin	revision=stage-a-v1-no-unvalidated-margin;window=0.00000000000000000;recovery=0.00000000000000000;socket=0.00000000000000000;host=1.00000000000000000;nic=1.00000000000000000;control=none;waves=none	conditional	expected_rtt_unknown,rtt_variance_unknown,effective_socket_buffer_unknown,host_pps_capacity_unknown,nic_capacity_unknown	2	5df908ee607fe40716a9857bed43d1e8-64	600	0	4880245	1710000	0	0	3.094	30.096	19567.7	33592.9	26332	30	0	0	322	0	0	0	0	1000	94	0	0	250	0	0	0	0	0	0	0	0	0	0	0	0	0	0	0	250	0	0	0	0	0	0	0
tokio	plain	caller	shared-pool:4	per-connection	all	on	on	8	retain	16777216	33554432	33554432	33554432	33554432	3-5	off									3	tokio	tokio			3	3	0-2	3-5	600	600	600	50	50	none	1000000	fixed:100000000	100000000		25	stage-a-v1-no-unvalidated-margin	revision=stage-a-v1-no-unvalidated-margin;window=0.00000000000000000;recovery=0.00000000000000000;socket=0.00000000000000000;host=1.00000000000000000;nic=1.00000000000000000;control=none;waves=none	conditional	expected_rtt_unknown,rtt_variance_unknown,effective_socket_buffer_unknown,host_pps_capacity_unknown	2	5df908ee607fe40716a9857bed43d1e8-65	600	0	1710000	1710000	0	0	0.000	30.123	32846.1	42169.2	18716	30	0	0	305	1710000	1710000	39237	28781	1000	94	4	0	250	0	0	0	0	0	0	0	0	0	0	0	0	0	0	0	250	0	0	0	0	0	0	0
tokio	plain	listener	shared-pool:4	per-connection	all	on	on	8	retain	16777216	33554432	33554432	33554432	33554432	0-2	off									3	tokio	tokio			3	3	0-2	3-5	600	600	0	50	0	none	1000000	fixed:100000000	100000000		25	stage-a-v1-no-unvalidated-margin	revision=stage-a-v1-no-unvalidated-margin;window=0.00000000000000000;recovery=0.00000000000000000;socket=0.00000000000000000;host=1.00000000000000000;nic=1.00000000000000000;control=none;waves=none	conditional	expected_rtt_unknown,rtt_variance_unknown,effective_socket_buffer_unknown,host_pps_capacity_unknown,nic_capacity_unknown	2	5df908ee607fe40716a9857bed43d1e8-65	600	0	1710000	1710000	0	0	2.677	30.129	24487.1	31056.5	24876	30	0	0	305	0	0	0	0	1000	94	0	0	250	0	0	0	0	0	0	0	0	4911490	606618	8.097	2048	8192	16384	46575	250	4	3525	14100	0	0	0	0
tokio	plain	caller	shared-pool:4	per-connection	all	on	on	8	retain	16777216	33554432	33554432	33554432	33554432	3-5	off									3	mio	tokio			1	3	0-2	3-5	1200	1200	1200	50	50	none	1000000	fixed:100000000	100000000		25	stage-a-v1-no-unvalidated-margin	revision=stage-a-v1-no-unvalidated-margin;window=0.00000000000000000;recovery=0.00000000000000000;socket=0.00000000000000000;host=1.00000000000000000;nic=1.00000000000000000;control=none;waves=none	conditional	expected_rtt_unknown,rtt_variance_unknown,effective_socket_buffer_unknown,host_pps_capacity_unknown	2	5df908ee607fe40716a9857bed43d1e8-66	1200	0	3417312	3417312	2418070	0	0.000	35.935	37044.6	53088.0	168832	30	2913858	2913858	129835	3419890	3417312	4853994	2483005	1000	94	21	0	250	0	0	0	0	0	0	0	0	0	0	0	0	0	0	0	250	0	0	0	0	0	0	0
mio	plain	listener	shared-pool:4	per-connection	all	on	on	8	retain	16777216	33554432	33554432	33554432	33554432	0-2	off									1	mio	tokio			1	3	0-2	3-5	1200	1200	0	50	0	none	1000000	fixed:100000000	100000000		25	stage-a-v1-no-unvalidated-margin	revision=stage-a-v1-no-unvalidated-margin;window=0.00000000000000000;recovery=0.00000000000000000;socket=0.00000000000000000;host=1.00000000000000000;nic=1.00000000000000000;control=none;waves=none	conditional	expected_rtt_unknown,rtt_variance_unknown,effective_socket_buffer_unknown,host_pps_capacity_unknown,nic_capacity_unknown	2	5df908ee607fe40716a9857bed43d1e8-66	1200	269	6260447	3178730	1113532	676646	235.336	35.941	13460.8	20269.8	98492	30	2913858	2913858	129835	0	0	0	0	1000	94	0	0	250	0	0	0	0	0	0	0	0	0	0	0	0	0	0	0	250	0	0	0	0	0	0	0
tokio	plain	caller	shared-pool:4	per-connection	all	on	on	8	retain	16777216	33554432	33554432	33554432	33554432	3-5	off									3	tokio	tokio			1	3	0-2	3-5	1200	1200	1200	50	50	none	1000000	fixed:100000000	100000000		25	stage-a-v1-no-unvalidated-margin	revision=stage-a-v1-no-unvalidated-margin;window=0.00000000000000000;recovery=0.00000000000000000;socket=0.00000000000000000;host=1.00000000000000000;nic=1.00000000000000000;control=none;waves=none	conditional	expected_rtt_unknown,rtt_variance_unknown,effective_socket_buffer_unknown,host_pps_capacity_unknown	2	5df908ee607fe40716a9857bed43d1e8-67	1200	0	2862889	2862889	2227894	0	0.000	31.789	31425.5	58991.5	263884	30	4954228	4954228	89250	3419386	2862889	5380981	2667355	1000	94	94	460003	250	0	0	0	0	0	0	0	0	0	0	0	0	0	0	0	250	0	0	0	0	0	0	0
tokio	plain	listener	shared-pool:4	per-connection	all	on	on	8	retain	16777216	33554432	33554432	33554432	33554432	0-2	off									1	tokio	tokio			1	3	0-2	3-5	1200	1200	0	50	0	none	1000000	fixed:100000000	100000000		25	stage-a-v1-no-unvalidated-margin	revision=stage-a-v1-no-unvalidated-margin;window=0.00000000000000000;recovery=0.00000000000000000;socket=0.00000000000000000;host=1.00000000000000000;nic=1.00000000000000000;control=none;waves=none	conditional	expected_rtt_unknown,rtt_variance_unknown,effective_socket_buffer_unknown,host_pps_capacity_unknown,nic_capacity_unknown	2	5df908ee607fe40716a9857bed43d1e8-67	1200	0	2845942	2862386	1603416	100415	324.845	32.316	12921.3	18783.1	80780	30	4954228	4954228	113200	0	0	0	0	1000	94	0	0	250	0	0	0	0	0	0	0	0	5719317	181290	31.548	2097152	2097152	2615026	2615026	250	4	7050	28200	0	0	0	0
tokio	plain	caller	shared-pool:4	per-connection	all	on	on	8	retain	16777216	33554432	33554432	33554432	33554432	3-5	off									3	mio	tokio			2	3	0-2	3-5	1200	1200	1200	50	50	none	1000000	fixed:100000000	100000000		25	stage-a-v1-no-unvalidated-margin	revision=stage-a-v1-no-unvalidated-margin;window=0.00000000000000000;recovery=0.00000000000000000;socket=0.00000000000000000;host=1.00000000000000000;nic=1.00000000000000000;control=none;waves=none	conditional	expected_rtt_unknown,rtt_variance_unknown,effective_socket_buffer_unknown,host_pps_capacity_unknown	2	5df908ee607fe40716a9857bed43d1e8-68	1200	0	3418172	3418172	0	0	0.000	30.477	36078.0	53884.0	44288	30	0	0	2005	3419687	3418172	5837363	3053151	1000	94	15	0	250	0	0	0	0	0	0	0	0	0	0	0	0	0	0	0	250	0	0	0	0	0	0	0
mio	plain	listener	shared-pool:4	per-connection	all	on	on	8	retain	16777216	33554432	33554432	33554432	33554432	0-2	off									2	mio	tokio			2	3	0-2	3-5	1200	1200	0	50	0	none	1000000	fixed:100000000	100000000		25	stage-a-v1-no-unvalidated-margin	revision=stage-a-v1-no-unvalidated-margin;window=0.00000000000000000;recovery=0.00000000000000000;socket=0.00000000000000000;host=1.00000000000000000;nic=1.00000000000000000;control=none;waves=none	conditional	expected_rtt_unknown,rtt_variance_unknown,effective_socket_buffer_unknown,host_pps_capacity_unknown,nic_capacity_unknown	2	5df908ee607fe40716a9857bed43d1e8-68	1200	0	8181969	3418172	0	0	14.535	30.485	22839.0	37279.5	47664	30	0	0	2005	0	0	0	0	1000	94	0	0	250	0	0	0	0	0	0	0	0	0	0	0	0	0	0	0	250	0	0	0	0	0	0	0
tokio	plain	caller	shared-pool:4	per-connection	all	on	on	8	retain	16777216	33554432	33554432	33554432	33554432	3-5	off									3	tokio	tokio			2	3	0-2	3-5	1200	1200	1200	50	50	none	1000000	fixed:100000000	100000000		25	stage-a-v1-no-unvalidated-margin	revision=stage-a-v1-no-unvalidated-margin;window=0.00000000000000000;recovery=0.00000000000000000;socket=0.00000000000000000;host=1.00000000000000000;nic=1.00000000000000000;control=none;waves=none	conditional	expected_rtt_unknown,rtt_variance_unknown,effective_socket_buffer_unknown,host_pps_capacity_unknown	2	5df908ee607fe40716a9857bed43d1e8-69	1200	0	3417395	3417395	0	0	0.000	30.362	33442.4	56723.9	55240	30	0	0	1394	3419767	3417395	6396632	3248463	1000	94	26	0	250	0	0	0	0	0	0	0	0	0	0	0	0	0	0	0	250	0	0	0	0	0	0	0
tokio	plain	listener	shared-pool:4	per-connection	all	on	on	8	retain	16777216	33554432	33554432	33554432	33554432	0-2	off									2	tokio	tokio			2	3	0-2	3-5	1200	1200	0	50	0	none	1000000	fixed:100000000	100000000		25	stage-a-v1-no-unvalidated-margin	revision=stage-a-v1-no-unvalidated-margin;window=0.00000000000000000;recovery=0.00000000000000000;socket=0.00000000000000000;host=1.00000000000000000;nic=1.00000000000000000;control=none;waves=none	conditional	expected_rtt_unknown,rtt_variance_unknown,effective_socket_buffer_unknown,host_pps_capacity_unknown,nic_capacity_unknown	2	5df908ee607fe40716a9857bed43d1e8-69	1200	0	3417395	3417395	0	0	10.617	30.367	23503.5	36670.6	45264	30	0	0	1394	0	0	0	0	1000	94	0	0	250	0	0	0	0	0	0	0	0	8337871	273821	30.450	131072	524288	524288	752451	250	4	7050	28200	0	0	0	0
tokio	plain	caller	shared-pool:4	per-connection	all	on	on	8	retain	16777216	33554432	33554432	33554432	33554432	3-5	off									3	mio	tokio			3	3	0-2	3-5	1200	1200	1200	50	50	none	1000000	fixed:100000000	100000000		25	stage-a-v1-no-unvalidated-margin	revision=stage-a-v1-no-unvalidated-margin;window=0.00000000000000000;recovery=0.00000000000000000;socket=0.00000000000000000;host=1.00000000000000000;nic=1.00000000000000000;control=none;waves=none	conditional	expected_rtt_unknown,rtt_variance_unknown,effective_socket_buffer_unknown,host_pps_capacity_unknown	2	5df908ee607fe40716a9857bed43d1e8-70	1200	0	3199741	3199741	0	0	0.000	30.528	30054.2	60063.4	40932	30	0	0	1771	3419722	3199741	6319409	3165942	1000	94	94	135907	250	0	0	0	0	0	0	0	0	0	0	0	0	0	0	0	250	0	0	0	0	0	0	0
mio	plain	listener	shared-pool:4	per-connection	all	on	on	8	retain	16777216	33554432	33554432	33554432	33554432	0-2	off									3	mio	tokio			3	3	0-2	3-5	1200	1200	0	50	0	none	1000000	fixed:100000000	100000000		25	stage-a-v1-no-unvalidated-margin	revision=stage-a-v1-no-unvalidated-margin;window=0.00000000000000000;recovery=0.00000000000000000;socket=0.00000000000000000;host=1.00000000000000000;nic=1.00000000000000000;control=none;waves=none	conditional	expected_rtt_unknown,rtt_variance_unknown,effective_socket_buffer_unknown,host_pps_capacity_unknown,nic_capacity_unknown	2	5df908ee607fe40716a9857bed43d1e8-70	1200	0	8733851	3199741	0	0	12.262	30.536	28396.9	47173.4	47004	30	0	0	1771	0	0	0	0	1000	94	0	0	250	0	0	0	0	0	0	0	0	0	0	0	0	0	0	0	250	0	0	0	0	0	0	0
tokio	plain	caller	shared-pool:4	per-connection	all	on	on	8	retain	16777216	33554432	33554432	33554432	33554432	3-5	off									3	tokio	tokio			3	3	0-2	3-5	1200	1200	1200	50	50	none	1000000	fixed:100000000	100000000		25	stage-a-v1-no-unvalidated-margin	revision=stage-a-v1-no-unvalidated-margin;window=0.00000000000000000;recovery=0.00000000000000000;socket=0.00000000000000000;host=1.00000000000000000;nic=1.00000000000000000;control=none;waves=none	conditional	expected_rtt_unknown,rtt_variance_unknown,effective_socket_buffer_unknown,host_pps_capacity_unknown	2	5df908ee607fe40716a9857bed43d1e8-71	1200	0	2916332	2916332	0	0	0.000	30.605	29185.7	60588.6	37720	30	0	0	1380	3419672	2916332	5816337	2910253	1000	94	94	407836	250	0	0	0	0	0	0	0	0	0	0	0	0	0	0	0	250	0	0	0	0	0	0	0
tokio	plain	listener	shared-pool:4	per-connection	all	on	on	8	retain	16777216	33554432	33554432	33554432	33554432	0-2	off									3	tokio	tokio			3	3	0-2	3-5	1200	1200	0	50	0	none	1000000	fixed:100000000	100000000		25	stage-a-v1-no-unvalidated-margin	revision=stage-a-v1-no-unvalidated-margin;window=0.00000000000000000;recovery=0.00000000000000000;socket=0.00000000000000000;host=1.00000000000000000;nic=1.00000000000000000;control=none;waves=none	conditional	expected_rtt_unknown,rtt_variance_unknown,effective_socket_buffer_unknown,host_pps_capacity_unknown,nic_capacity_unknown	2	5df908ee607fe40716a9857bed43d1e8-71	1200	0	2916332	2916332	0	0	10.700	30.611	31154.5	45548.2	42528	30	0	0	1380	0	0	0	0	1000	94	0	0	250	0	0	0	0	0	0	0	0	8504615	643289	13.221	16384	131072	262144	319933	250	4	7050	28200	0	0	0	0
tokio	plain	caller	shared-pool:4	per-connection	all	on	on	8	retain	16777216	33554432	33554432	33554432	33554432	3-5	off									3	mio	tokio			1	3	0-2	3-5	30	30	30	50	30	none	8000000	fixed:100000000	100000000		25	stage-a-v1-no-unvalidated-margin	revision=stage-a-v1-no-unvalidated-margin;window=0.00000000000000000;recovery=0.00000000000000000;socket=0.00000000000000000;host=1.00000000000000000;nic=1.00000000000000000;control=none;waves=none	conditional	expected_rtt_unknown,rtt_variance_unknown,effective_socket_buffer_unknown,host_pps_capacity_unknown	2	5df908ee607fe40716a9857bed43d1e8-72	30	0	683877	683877	0	0	0.000	30.006	9906.9	10984.5	6400	30	0	0	8	683884	683877	859832	498451	1000	759	29	0	250	0	0	0	0	0	0	0	0	0	0	0	0	0	0	0	250	0	0	0	0	0	0	0
mio	plain	listener	shared-pool:4	per-connection	all	on	on	8	retain	16777216	33554432	33554432	33554432	33554432	0-2	off									1	mio	tokio			1	3	0-2	3-5	30	30	0	50	0	none	8000000	fixed:100000000	100000000		25	stage-a-v1-no-unvalidated-margin	revision=stage-a-v1-no-unvalidated-margin;window=0.00000000000000000;recovery=0.00000000000000000;socket=0.00000000000000000;host=1.00000000000000000;nic=1.00000000000000000;control=none;waves=none	conditional	expected_rtt_unknown,rtt_variance_unknown,effective_socket_buffer_unknown,host_pps_capacity_unknown,nic_capacity_unknown	2	5df908ee607fe40716a9857bed43d1e8-72	30	0	868875	683877	0	0	1.015	30.009	4871.0	5799.3	9492	30	0	0	8	0	0	0	0	1000	759	0	0	250	0	0	0	0	0	0	0	0	0	0	0	0	0	0	0	250	0	0	0	0	0	0	0
tokio	plain	caller	shared-pool:4	per-connection	all	on	on	8	retain	16777216	33554432	33554432	33554432	33554432	3-5	off									3	tokio	tokio			1	3	0-2	3-5	30	30	30	50	30	none	8000000	fixed:100000000	100000000		25	stage-a-v1-no-unvalidated-margin	revision=stage-a-v1-no-unvalidated-margin;window=0.00000000000000000;recovery=0.00000000000000000;socket=0.00000000000000000;host=1.00000000000000000;nic=1.00000000000000000;control=none;waves=none	conditional	expected_rtt_unknown,rtt_variance_unknown,effective_socket_buffer_unknown,host_pps_capacity_unknown	2	5df908ee607fe40716a9857bed43d1e8-73	30	0	683854	683854	0	0	0.000	30.004	13350.7	11427.4	6528	30	0	0	5	683890	683854	839197	469267	1000	759	46	0	250	0	0	0	0	0	0	0	0	0	0	0	0	0	0	0	250	0	0	0	0	0	0	0
tokio	plain	listener	shared-pool:4	per-connection	all	on	on	8	retain	16777216	33554432	33554432	33554432	33554432	0-2	off									1	tokio	tokio			1	3	0-2	3-5	30	30	0	50	0	none	8000000	fixed:100000000	100000000		25	stage-a-v1-no-unvalidated-margin	revision=stage-a-v1-no-unvalidated-margin;window=0.00000000000000000;recovery=0.00000000000000000;socket=0.00000000000000000;host=1.00000000000000000;nic=1.00000000000000000;control=none;waves=none	conditional	expected_rtt_unknown,rtt_variance_unknown,effective_socket_buffer_unknown,host_pps_capacity_unknown,nic_capacity_unknown	2	5df908ee607fe40716a9857bed43d1e8-73	30	0	683854	683854	0	0	0.557	30.010	9353.0	5995.7	11008	30	0	0	6	0	0	0	0	1000	759	0	0	250	0	0	0	0	0	0	0	0	890210	286864	3.103	1024	2048	4096	14269	250	4	1518	6072	0	0	0	0
tokio	plain	caller	shared-pool:4	per-connection	all	on	on	8	retain	16777216	33554432	33554432	33554432	33554432	3-5	off									3	mio	tokio			2	3	0-2	3-5	30	30	30	50	30	none	8000000	fixed:100000000	100000000		25	stage-a-v1-no-unvalidated-margin	revision=stage-a-v1-no-unvalidated-margin;window=0.00000000000000000;recovery=0.00000000000000000;socket=0.00000000000000000;host=1.00000000000000000;nic=1.00000000000000000;control=none;waves=none	conditional	expected_rtt_unknown,rtt_variance_unknown,effective_socket_buffer_unknown,host_pps_capacity_unknown	2	5df908ee607fe40716a9857bed43d1e8-74	30	0	683880	683880	0	0	0.000	30.004	9756.7	11787.4	6656	30	0	0	10	683903	683880	808010	462886	1000	759	31	0	250	0	0	0	0	0	0	0	0	0	0	0	0	0	0	0	250	0	0	0	0	0	0	0
mio	plain	listener	shared-pool:4	per-connection	all	on	on	8	retain	16777216	33554432	33554432	33554432	33554432	0-2	off									2	mio	tokio			2	3	0-2	3-5	30	30	0	50	0	none	8000000	fixed:100000000	100000000		25	stage-a-v1-no-unvalidated-margin	revision=stage-a-v1-no-unvalidated-margin;window=0.00000000000000000;recovery=0.00000000000000000;socket=0.00000000000000000;host=1.00000000000000000;nic=1.00000000000000000;control=none;waves=none	conditional	expected_rtt_unknown,rtt_variance_unknown,effective_socket_buffer_unknown,host_pps_capacity_unknown,nic_capacity_unknown	2	5df908ee607fe40716a9857bed43d1e8-74	30	0	874803	683880	0	0	0.467	30.007	5496.7	7227.2	9728	30	0	0	10	0	0	0	0	1000	759	0	0	250	0	0	0	0	0	0	0	0	0	0	0	0	0	0	0	250	0	0	0	0	0	0	0
tokio	plain	caller	shared-pool:4	per-connection	all	on	on	8	retain	16777216	33554432	33554432	33554432	33554432	3-5	off									3	tokio	tokio			2	3	0-2	3-5	30	30	30	50	30	none	8000000	fixed:100000000	100000000		25	stage-a-v1-no-unvalidated-margin	revision=stage-a-v1-no-unvalidated-margin;window=0.00000000000000000;recovery=0.00000000000000000;socket=0.00000000000000000;host=1.00000000000000000;nic=1.00000000000000000;control=none;waves=none	conditional	expected_rtt_unknown,rtt_variance_unknown,effective_socket_buffer_unknown,host_pps_capacity_unknown	2	5df908ee607fe40716a9857bed43d1e8-75	30	0	683875	683875	0	0	0.000	30.004	15505.2	12009.0	6400	30	0	0	3	683893	683875	732374	410689	1000	759	21	0	250	0	0	0	0	0	0	0	0	0	0	0	0	0	0	0	250	0	0	0	0	0	0	0
tokio	plain	listener	shared-pool:4	per-connection	all	on	on	8	retain	16777216	33554432	33554432	33554432	33554432	0-2	off									2	tokio	tokio			2	3	0-2	3-5	30	30	0	50	0	none	8000000	fixed:100000000	100000000		25	stage-a-v1-no-unvalidated-margin	revision=stage-a-v1-no-unvalidated-margin;window=0.00000000000000000;recovery=0.00000000000000000;socket=0.00000000000000000;host=1.00000000000000000;nic=1.00000000000000000;control=none;waves=none	conditional	expected_rtt_unknown,rtt_variance_unknown,effective_socket_buffer_unknown,host_pps_capacity_unknown,nic_capacity_unknown	2	5df908ee607fe40716a9857bed43d1e8-75	30	0	683875	683875	0	0	0.266	30.008	11668.8	7963.0	11008	30	0	0	3	0	0	0	0	1000	759	0	0	250	0	0	0	0	0	0	0	0	880360	387936	2.269	1024	2048	2048	7995	250	4	1518	6072	0	0	0	0
tokio	plain	caller	shared-pool:4	per-connection	all	on	on	8	retain	16777216	33554432	33554432	33554432	33554432	3-5	off									3	mio	tokio			3	3	0-2	3-5	30	30	30	50	30	none	8000000	fixed:100000000	100000000		25	stage-a-v1-no-unvalidated-margin	revision=stage-a-v1-no-unvalidated-margin;window=0.00000000000000000;recovery=0.00000000000000000;socket=0.00000000000000000;host=1.00000000000000000;nic=1.00000000000000000;control=none;waves=none	conditional	expected_rtt_unknown,rtt_variance_unknown,effective_socket_buffer_unknown,host_pps_capacity_unknown	2	5df908ee607fe40716a9857bed43d1e8-76	30	0	683879	683879	0	0	0.000	30.003	8940.7	12863.8	6528	30	0	0	2	683889	683879	846334	477671	1000	759	90	0	250	0	0	0	0	0	0	0	0	0	0	0	0	0	0	0	250	0	0	0	0	0	0	0
mio	plain	listener	shared-pool:4	per-connection	all	on	on	8	retain	16777216	33554432	33554432	33554432	33554432	0-2	off									3	mio	tokio			3	3	0-2	3-5	30	30	0	50	0	none	8000000	fixed:100000000	100000000		25	stage-a-v1-no-unvalidated-margin	revision=stage-a-v1-no-unvalidated-margin;window=0.00000000000000000;recovery=0.00000000000000000;socket=0.00000000000000000;host=1.00000000000000000;nic=1.00000000000000000;control=none;waves=none	conditional	expected_rtt_unknown,rtt_variance_unknown,effective_socket_buffer_unknown,host_pps_capacity_unknown,nic_capacity_unknown	2	5df908ee607fe40716a9857bed43d1e8-76	30	0	878997	683879	0	0	0.284	30.007	6211.1	8269.4	9728	30	0	0	2	0	0	0	0	1000	759	0	0	250	0	0	0	0	0	0	0	0	0	0	0	0	0	0	0	250	0	0	0	0	0	0	0
tokio	plain	caller	shared-pool:4	per-connection	all	on	on	8	retain	16777216	33554432	33554432	33554432	33554432	3-5	off									3	tokio	tokio			3	3	0-2	3-5	30	30	30	50	30	none	8000000	fixed:100000000	100000000		25	stage-a-v1-no-unvalidated-margin	revision=stage-a-v1-no-unvalidated-margin;window=0.00000000000000000;recovery=0.00000000000000000;socket=0.00000000000000000;host=1.00000000000000000;nic=1.00000000000000000;control=none;waves=none	conditional	expected_rtt_unknown,rtt_variance_unknown,effective_socket_buffer_unknown,host_pps_capacity_unknown	2	5df908ee607fe40716a9857bed43d1e8-77	30	0	683853	683853	0	0	0.000	30.004	9921.3	18005.8	6784	30	0	0	2	683895	683853	1098731	572535	1000	759	236	0	250	0	0	0	0	0	0	0	0	0	0	0	0	0	0	0	250	0	0	0	0	0	0	0
tokio	plain	listener	shared-pool:4	per-connection	all	on	on	8	retain	16777216	33554432	33554432	33554432	33554432	0-2	off									3	tokio	tokio			3	3	0-2	3-5	30	30	0	50	0	none	8000000	fixed:100000000	100000000		25	stage-a-v1-no-unvalidated-margin	revision=stage-a-v1-no-unvalidated-margin;window=0.00000000000000000;recovery=0.00000000000000000;socket=0.00000000000000000;host=1.00000000000000000;nic=1.00000000000000000;control=none;waves=none	conditional	expected_rtt_unknown,rtt_variance_unknown,effective_socket_buffer_unknown,host_pps_capacity_unknown,nic_capacity_unknown	2	5df908ee607fe40716a9857bed43d1e8-77	30	0	683853	683853	0	0	0.334	30.006	12633.4	11195.6	11648	30	0	0	2	0	0	0	0	1000	759	0	0	250	0	0	0	0	0	0	0	0	885146	316020	2.801	1024	2048	4096	16685	250	4	1518	6072	0	0	0	0
tokio	plain	caller	shared-pool:4	per-connection	all	on	on	8	retain	16777216	33554432	33554432	33554432	33554432	3-5	off									3	mio	tokio			1	3	0-2	3-5	200	200	200	50	50	none	8000000	fixed:100000000	100000000		25	stage-a-v1-no-unvalidated-margin	revision=stage-a-v1-no-unvalidated-margin;window=0.00000000000000000;recovery=0.00000000000000000;socket=0.00000000000000000;host=1.00000000000000000;nic=1.00000000000000000;control=none;waves=none	conditional	expected_rtt_unknown,rtt_variance_unknown,effective_socket_buffer_unknown,host_pps_capacity_unknown	2	5df908ee607fe40716a9857bed43d1e8-78	200	0	4243801	4243801	0	0	0.000	30.041	23964.0	35628.7	16128	30	0	0	330	4559268	4243801	8487697	4243197	1000	759	759	164347	250	0	0	0	0	0	0	0	0	0	0	0	0	0	0	0	250	0	0	0	0	0	0	0
mio	plain	listener	shared-pool:4	per-connection	all	on	on	8	retain	16777216	33554432	33554432	33554432	33554432	0-2	off									1	mio	tokio			1	3	0-2	3-5	200	200	0	50	0	none	8000000	fixed:100000000	100000000		25	stage-a-v1-no-unvalidated-margin	revision=stage-a-v1-no-unvalidated-margin;window=0.00000000000000000;recovery=0.00000000000000000;socket=0.00000000000000000;host=1.00000000000000000;nic=1.00000000000000000;control=none;waves=none	conditional	expected_rtt_unknown,rtt_variance_unknown,effective_socket_buffer_unknown,host_pps_capacity_unknown,nic_capacity_unknown	2	5df908ee607fe40716a9857bed43d1e8-78	200	0	5416497	4243801	0	0	7.872	30.046	15907.2	14119.0	35716	30	0	0	356	0	0	0	0	1000	759	0	0	250	0	0	0	0	0	0	0	0	0	0	0	0	0	0	0	250	0	0	0	0	0	0	0
tokio	plain	caller	shared-pool:4	per-connection	all	on	on	8	retain	16777216	33554432	33554432	33554432	33554432	3-5	off									3	tokio	tokio			1	3	0-2	3-5	200	200	200	50	50	none	8000000	fixed:100000000	100000000		25	stage-a-v1-no-unvalidated-margin	revision=stage-a-v1-no-unvalidated-margin;window=0.00000000000000000;recovery=0.00000000000000000;socket=0.00000000000000000;host=1.00000000000000000;nic=1.00000000000000000;control=none;waves=none	conditional	expected_rtt_unknown,rtt_variance_unknown,effective_socket_buffer_unknown,host_pps_capacity_unknown	2	5df908ee607fe40716a9857bed43d1e8-79	200	0	4491955	4491955	0	0	0.000	30.033	27588.6	37704.7	20576	30	0	0	182	4559264	4491955	8830152	4426082	1000	759	433	0	250	0	0	0	0	0	0	0	0	0	0	0	0	0	0	0	250	0	0	0	0	0	0	0
tokio	plain	listener	shared-pool:4	per-connection	all	on	on	8	retain	16777216	33554432	33554432	33554432	33554432	0-2	off									1	tokio	tokio			1	3	0-2	3-5	200	200	0	50	0	none	8000000	fixed:100000000	100000000		25	stage-a-v1-no-unvalidated-margin	revision=stage-a-v1-no-unvalidated-margin;window=0.00000000000000000;recovery=0.00000000000000000;socket=0.00000000000000000;host=1.00000000000000000;nic=1.00000000000000000;control=none;waves=none	conditional	expected_rtt_unknown,rtt_variance_unknown,effective_socket_buffer_unknown,host_pps_capacity_unknown,nic_capacity_unknown	2	5df908ee607fe40716a9857bed43d1e8-79	200	0	4491955	4491955	0	0	4.027	30.044	16598.7	13430.5	38776	30	0	0	301	0	0	0	0	1000	759	0	0	250	0	0	0	0	0	0	0	0	5634872	203541	27.684	16384	32768	65536	148365	250	4	9487	37948	0	0	0	0
tokio	plain	caller	shared-pool:4	per-connection	all	on	on	8	retain	16777216	33554432	33554432	33554432	33554432	3-5	off									3	mio	tokio			2	3	0-2	3-5	200	200	200	50	50	none	8000000	fixed:100000000	100000000		25	stage-a-v1-no-unvalidated-margin	revision=stage-a-v1-no-unvalidated-margin;window=0.00000000000000000;recovery=0.00000000000000000;socket=0.00000000000000000;host=1.00000000000000000;nic=1.00000000000000000;control=none;waves=none	conditional	expected_rtt_unknown,rtt_variance_unknown,effective_socket_buffer_unknown,host_pps_capacity_unknown	2	5df908ee607fe40716a9857bed43d1e8-80	200	0	4518185	4518185	0	0	0.000	30.034	26974.8	38746.8	12448	30	0	0	62	4559205	4518185	8896204	4460815	1000	759	629	0	250	0	0	0	0	0	0	0	0	0	0	0	0	0	0	0	250	0	0	0	0	0	0	0
mio	plain	listener	shared-pool:4	per-connection	all	on	on	8	retain	16777216	33554432	33554432	33554432	33554432	0-2	off									2	mio	tokio			2	3	0-2	3-5	200	200	0	50	0	none	8000000	fixed:100000000	100000000		25	stage-a-v1-no-unvalidated-margin	revision=stage-a-v1-no-unvalidated-margin;window=0.00000000000000000;recovery=0.00000000000000000;socket=0.00000000000000000;host=1.00000000000000000;nic=1.00000000000000000;control=none;waves=none	conditional	expected_rtt_unknown,rtt_variance_unknown,effective_socket_buffer_unknown,host_pps_capacity_unknown,nic_capacity_unknown	2	5df908ee607fe40716a9857bed43d1e8-80	200	0	5713569	4518185	0	0	1.627	30.041	26053.4	19670.5	35072	30	0	0	62	0	0	0	0	1000	759	0	0	250	0	0	0	0	0	0	0	0	0	0	0	0	0	0	0	250	0	0	0	0	0	0	0
tokio	plain	caller	shared-pool:4	per-connection	all	on	on	8	retain	16777216	33554432	33554432	33554432	33554432	3-5	off									3	tokio	tokio			2	3	0-2	3-5	200	200	200	50	50	none	8000000	fixed:100000000	100000000		25	stage-a-v1-no-unvalidated-margin	revision=stage-a-v1-no-unvalidated-margin;window=0.00000000000000000;recovery=0.00000000000000000;socket=0.00000000000000000;host=1.00000000000000000;nic=1.00000000000000000;control=none;waves=none	conditional	expected_rtt_unknown,rtt_variance_unknown,effective_socket_buffer_unknown,host_pps_capacity_unknown	2	5df908ee607fe40716a9857bed43d1e8-81	200	0	4015464	4015464	0	0	0.000	30.038	25431.6	41574.5	18852	30	0	0	103	4559255	4015464	8007039	4006780	1000	759	759	394268	250	0	0	0	0	0	0	0	0	0	0	0	0	0	0	0	250	0	0	0	0	0	0	0
tokio	plain	listener	shared-pool:4	per-connection	all	on	on	8	retain	16777216	33554432	33554432	33554432	33554432	0-2	off									2	tokio	tokio			2	3	0-2	3-5	200	200	0	50	0	none	8000000	fixed:100000000	100000000		25	stage-a-v1-no-unvalidated-margin	revision=stage-a-v1-no-unvalidated-margin;window=0.00000000000000000;recovery=0.00000000000000000;socket=0.00000000000000000;host=1.00000000000000000;nic=1.00000000000000000;control=none;waves=none	conditional	expected_rtt_unknown,rtt_variance_unknown,effective_socket_buffer_unknown,host_pps_capacity_unknown,nic_capacity_unknown	2	5df908ee607fe40716a9857bed43d1e8-81	200	0	4015464	4015464	0	0	1.463	30.046	30977.4	19903.8	37292	30	0	0	103	0	0	0	0	1000	759	0	0	250	0	0	0	0	0	0	0	0	5266553	630933	8.347	2048	16384	65536	203889	250	4	9487	37948	0	0	0	0
tokio	plain	caller	shared-pool:4	per-connection	all	on	on	8	retain	16777216	33554432	33554432	33554432	33554432	3-5	off									3	mio	tokio			3	3	0-2	3-5	200	200	200	50	50	none	8000000	fixed:100000000	100000000		25	stage-a-v1-no-unvalidated-margin	revision=stage-a-v1-no-unvalidated-margin;window=0.00000000000000000;recovery=0.00000000000000000;socket=0.00000000000000000;host=1.00000000000000000;nic=1.00000000000000000;control=none;waves=none	conditional	expected_rtt_unknown,rtt_variance_unknown,effective_socket_buffer_unknown,host_pps_capacity_unknown	2	5df908ee607fe40716a9857bed43d1e8-82	200	0	4110001	4110001	0	0	0.000	30.033	25017.6	42627.4	13828	30	0	0	68	4559129	4110001	8212688	4108901	1000	759	759	297579	250	0	0	0	0	0	0	0	0	0	0	0	0	0	0	0	250	0	0	0	0	0	0	0
mio	plain	listener	shared-pool:4	per-connection	all	on	on	8	retain	16777216	33554432	33554432	33554432	33554432	0-2	off									3	mio	tokio			3	3	0-2	3-5	200	200	0	50	0	none	8000000	fixed:100000000	100000000		25	stage-a-v1-no-unvalidated-margin	revision=stage-a-v1-no-unvalidated-margin;window=0.00000000000000000;recovery=0.00000000000000000;socket=0.00000000000000000;host=1.00000000000000000;nic=1.00000000000000000;control=none;waves=none	conditional	expected_rtt_unknown,rtt_variance_unknown,effective_socket_buffer_unknown,host_pps_capacity_unknown,nic_capacity_unknown	2	5df908ee607fe40716a9857bed43d1e8-82	200	0	5312739	4110001	0	0	6.750	30.041	28598.4	24578.0	35064	30	0	0	68	0	0	0	0	1000	759	0	0	250	0	0	0	0	0	0	0	0	0	0	0	0	0	0	0	250	0	0	0	0	0	0	0
tokio	plain	caller	shared-pool:4	per-connection	all	on	on	8	retain	16777216	33554432	33554432	33554432	33554432	3-5	off									3	tokio	tokio			3	3	0-2	3-5	200	200	200	50	50	none	8000000	fixed:100000000	100000000		25	stage-a-v1-no-unvalidated-margin	revision=stage-a-v1-no-unvalidated-margin;window=0.00000000000000000;recovery=0.00000000000000000;socket=0.00000000000000000;host=1.00000000000000000;nic=1.00000000000000000;control=none;waves=none	conditional	expected_rtt_unknown,rtt_variance_unknown,effective_socket_buffer_unknown,host_pps_capacity_unknown	2	5df908ee607fe40716a9857bed43d1e8-83	200	0	4234793	4234793	0	0	0.000	30.035	24307.2	40641.9	13028	30	0	0	50	4559173	4234793	8467050	4234156	1000	759	759	172970	250	0	0	0	0	0	0	0	0	0	0	0	0	0	0	0	250	0	0	0	0	0	0	0
tokio	plain	listener	shared-pool:4	per-connection	all	on	on	8	retain	16777216	33554432	33554432	33554432	33554432	0-2	off									3	tokio	tokio			3	3	0-2	3-5	200	200	0	50	0	none	8000000	fixed:100000000	100000000		25	stage-a-v1-no-unvalidated-margin	revision=stage-a-v1-no-unvalidated-margin;window=0.00000000000000000;recovery=0.00000000000000000;socket=0.00000000000000000;host=1.00000000000000000;nic=1.00000000000000000;control=none;waves=none	conditional	expected_rtt_unknown,rtt_variance_unknown,effective_socket_buffer_unknown,host_pps_capacity_unknown,nic_capacity_unknown	2	5df908ee607fe40716a9857bed43d1e8-83	200	0	4234793	4234793	0	0	1.648	30.043	36013.3	21723.4	36924	30	0	0	50	0	0	0	0	1000	759	0	0	250	0	0	0	0	0	0	0	0	5488634	946747	5.797	1024	4096	8192	38360	250	4	9487	37948	0	0	0	0
tokio	plain	caller	shared-pool:4	per-connection	all	on	on	8	retain	16777216	33554432	33554432	33554432	33554432	3-5	off									3	mio	tokio			1	3	0-2	3-5	600	600	600	50	50	none	8000000	fixed:100000000	100000000		25	stage-a-v1-no-unvalidated-margin	revision=stage-a-v1-no-unvalidated-margin;window=0.00000000000000000;recovery=0.00000000000000000;socket=0.00000000000000000;host=1.00000000000000000;nic=1.00000000000000000;control=none;waves=none	conditional	expected_rtt_unknown,rtt_variance_unknown,effective_socket_buffer_unknown,host_pps_capacity_unknown	2	5df908ee607fe40716a9857bed43d1e8-84	600	0	4496338	4496338	2681284	0	0.000	30.970	36018.1	54744.7	246948	30	2681894	2681894	22863	13671220	4496338	9057360	4495528	1000	759	759	8720507	250	0	0	0	0	0	0	0	0	0	0	0	0	0	0	0	250	0	0	0	0	0	0	0
mio	plain	listener	shared-pool:4	per-connection	all	on	on	8	retain	16777216	33554432	33554432	33554432	33554432	0-2	off									1	mio	tokio			1	3	0-2	3-5	600	600	0	50	0	none	8000000	fixed:100000000	100000000		25	stage-a-v1-no-unvalidated-margin	revision=stage-a-v1-no-unvalidated-margin;window=0.00000000000000000;recovery=0.00000000000000000;socket=0.00000000000000000;host=1.00000000000000000;nic=1.00000000000000000;control=none;waves=none	conditional	expected_rtt_unknown,rtt_variance_unknown,effective_socket_buffer_unknown,host_pps_capacity_unknown,nic_capacity_unknown	2	5df908ee607fe40716a9857bed43d1e8-84	600	348	7101861	4454818	1280590	740999	299.473	35.316	14890.2	17194.6	156212	30	2681894	2681894	125848	0	0	0	0	1000	759	0	0	250	0	0	0	0	0	0	0	0	0	0	0	0	0	0	0	250	0	0	0	0	0	0	0
tokio	plain	caller	shared-pool:4	per-connection	all	on	on	8	retain	16777216	33554432	33554432	33554432	33554432	3-5	off									3	tokio	tokio			1	3	0-2	3-5	600	600	600	50	50	none	8000000	fixed:100000000	100000000		25	stage-a-v1-no-unvalidated-margin	revision=stage-a-v1-no-unvalidated-margin;window=0.00000000000000000;recovery=0.00000000000000000;socket=0.00000000000000000;host=1.00000000000000000;nic=1.00000000000000000;control=none;waves=none	conditional	expected_rtt_unknown,rtt_variance_unknown,effective_socket_buffer_unknown,host_pps_capacity_unknown	2	5df908ee607fe40716a9857bed43d1e8-85	600	0	4510192	4510192	2502933	0	0.000	31.297	36104.3	54942.2	181232	30	2000600	2000600	31052	13677422	4510192	9085876	4509351	1000	759	759	8713664	250	0	0	0	0	0	0	0	0	0	0	0	0	0	0	0	250	0	0	0	0	0	0	0
tokio	plain	listener	shared-pool:4	per-connection	all	on	on	8	retain	16777216	33554432	33554432	33554432	33554432	0-2	off									1	tokio	tokio			1	3	0-2	3-5	600	600	0	50	0	none	8000000	fixed:100000000	100000000		25	stage-a-v1-no-unvalidated-margin	revision=stage-a-v1-no-unvalidated-margin;window=0.00000000000000000;recovery=0.00000000000000000;socket=0.00000000000000000;host=1.00000000000000000;nic=1.00000000000000000;control=none;waves=none	conditional	expected_rtt_unknown,rtt_variance_unknown,effective_socket_buffer_unknown,host_pps_capacity_unknown,nic_capacity_unknown	2	5df908ee607fe40716a9857bed43d1e8-85	600	0	4485927	4488274	1384742	1055322	33.118	31.819	12335.5	18564.7	46128	30	2000600	2000600	38007	0	0	0	0	1000	759	0	0	250	0	0	0	0	0	0	0	0	7051552	224431	31.420	524288	1048576	1522796	1522796	250	4	28462	113848	0	0	0	0
tokio	plain	caller	shared-pool:4	per-connection	all	on	on	8	retain	16777216	33554432	33554432	33554432	33554432	3-5	off									3	mio	tokio			2	3	0-2	3-5	600	600	600	50	50	none	8000000	fixed:100000000	100000000		25	stage-a-v1-no-unvalidated-margin	revision=stage-a-v1-no-unvalidated-margin;window=0.00000000000000000;recovery=0.00000000000000000;socket=0.00000000000000000;host=1.00000000000000000;nic=1.00000000000000000;control=none;waves=none	conditional	expected_rtt_unknown,rtt_variance_unknown,effective_socket_buffer_unknown,host_pps_capacity_unknown	2	5df908ee607fe40716a9857bed43d1e8-86	600	0	5169156	5169156	0	0	0.000	30.126	33618.6	56258.9	30044	30	0	0	1248	13677571	5169156	10334749	5168807	1000	759	759	8053778	250	0	0	0	0	0	0	0	0	0	0	0	0	0	0	0	250	0	0	0	0	0	0	0
mio	plain	listener	shared-pool:4	per-connection	all	on	on	8	retain	16777216	33554432	33554432	33554432	33554432	0-2	off									2	mio	tokio			2	3	0-2	3-5	600	600	0	50	0	none	8000000	fixed:100000000	100000000		25	stage-a-v1-no-unvalidated-margin	revision=stage-a-v1-no-unvalidated-margin;window=0.00000000000000000;recovery=0.00000000000000000;socket=0.00000000000000000;host=1.00000000000000000;nic=1.00000000000000000;control=none;waves=none	conditional	expected_rtt_unknown,rtt_variance_unknown,effective_socket_buffer_unknown,host_pps_capacity_unknown,nic_capacity_unknown	2	5df908ee607fe40716a9857bed43d1e8-86	600	0	8504624	5169156	0	0	10.571	30.135	27814.2	31795.2	56608	30	0	0	1248	0	0	0	0	1000	759	0	0	250	0	0	0	0	0	0	0	0	0	0	0	0	0	0	0	250	0	0	0	0	0	0	0
tokio	plain	caller	shared-pool:4	per-connection	all	on	on	8	retain	16777216	33554432	33554432	33554432	33554432	3-5	off									3	tokio	tokio			2	3	0-2	3-5	600	600	600	50	50	none	8000000	fixed:100000000	100000000		25	stage-a-v1-no-unvalidated-margin	revision=stage-a-v1-no-unvalidated-margin;window=0.00000000000000000;recovery=0.00000000000000000;socket=0.00000000000000000;host=1.00000000000000000;nic=1.00000000000000000;control=none;waves=none	conditional	expected_rtt_unknown,rtt_variance_unknown,effective_socket_buffer_unknown,host_pps_capacity_unknown	2	5df908ee607fe40716a9857bed43d1e8-87	600	0	4733591	4733591	0	0	0.000	30.186	33634.1	56485.0	33664	30	0	0	1378	13677614	4733591	9461940	4733252	1000	759	759	8489635	250	0	0	0	0	0	0	0	0	0	0	0	0	0	0	0	250	0	0	0	0	0	0	0
tokio	plain	listener	shared-pool:4	per-connection	all	on	on	8	retain	16777216	33554432	33554432	33554432	33554432	0-2	off									2	tokio	tokio			2	3	0-2	3-5	600	600	0	50	0	none	8000000	fixed:100000000	100000000		25	stage-a-v1-no-unvalidated-margin	revision=stage-a-v1-no-unvalidated-margin;window=0.00000000000000000;recovery=0.00000000000000000;socket=0.00000000000000000;host=1.00000000000000000;nic=1.00000000000000000;control=none;waves=none	conditional	expected_rtt_unknown,rtt_variance_unknown,effective_socket_buffer_unknown,host_pps_capacity_unknown,nic_capacity_unknown	2	5df908ee607fe40716a9857bed43d1e8-87	600	0	4733591	4733591	0	0	8.170	30.195	29733.8	30280.0	47936	30	0	0	1378	0	0	0	0	1000	759	0	0	250	0	0	0	0	0	0	0	0	7963876	288871	27.569	16384	131072	262144	370053	250	4	28462	113848	0	0	0	0
tokio	plain	caller	shared-pool:4	per-connection	all	on	on	8	retain	16777216	33554432	33554432	33554432	33554432	3-5	off									3	mio	tokio			3	3	0-2	3-5	600	600	600	50	50	none	8000000	fixed:100000000	100000000		25	stage-a-v1-no-unvalidated-margin	revision=stage-a-v1-no-unvalidated-margin;window=0.00000000000000000;recovery=0.00000000000000000;socket=0.00000000000000000;host=1.00000000000000000;nic=1.00000000000000000;control=none;waves=none	conditional	expected_rtt_unknown,rtt_variance_unknown,effective_socket_buffer_unknown,host_pps_capacity_unknown	2	5df908ee607fe40716a9857bed43d1e8-88	600	0	4197960	4197960	0	0	0.000	30.194	32123.1	57498.4	28636	30	0	0	1306	13677539	4197960	8386068	4197795	1000	759	759	9024886	250	0	0	0	0	0	0	0	0	0	0	0	0	0	0	0	250	0	0	0	0	0	0	0
mio	plain	listener	shared-pool:4	per-connection	all	on	on	8	retain	16777216	33554432	33554432	33554432	33554432	0-2	off									3	mio	tokio			3	3	0-2	3-5	600	600	0	50	0	none	8000000	fixed:100000000	100000000		25	stage-a-v1-no-unvalidated-margin	revision=stage-a-v1-no-unvalidated-margin;window=0.00000000000000000;recovery=0.00000000000000000;socket=0.00000000000000000;host=1.00000000000000000;nic=1.00000000000000000;control=none;waves=none	conditional	expected_rtt_unknown,rtt_variance_unknown,effective_socket_buffer_unknown,host_pps_capacity_unknown,nic_capacity_unknown	2	5df908ee607fe40716a9857bed43d1e8-88	600	0	7507041	4197960	0	0	8.237	30.203	32050.8	38088.2	49428	30	0	0	1306	0	0	0	0	1000	759	0	0	250	0	0	0	0	0	0	0	0	0	0	0	0	0	0	0	250	0	0	0	0	0	0	0
tokio	plain	caller	shared-pool:4	per-connection	all	on	on	8	retain	16777216	33554432	33554432	33554432	33554432	3-5	off									3	tokio	tokio			3	3	0-2	3-5	600	600	600	50	50	none	8000000	fixed:100000000	100000000		25	stage-a-v1-no-unvalidated-margin	revision=stage-a-v1-no-unvalidated-margin;window=0.00000000000000000;recovery=0.00000000000000000;socket=0.00000000000000000;host=1.00000000000000000;nic=1.00000000000000000;control=none;waves=none	conditional	expected_rtt_unknown,rtt_variance_unknown,effective_socket_buffer_unknown,host_pps_capacity_unknown	2	5df908ee607fe40716a9857bed43d1e8-89	600	0	4362106	4362106	0	0	0.000	30.164	32578.8	57068.1	26232	30	0	0	292	13677541	4362106	8715604	4361756	1000	759	759	8860907	250	0	0	0	0	0	0	0	0	0	0	0	0	0	0	0	250	0	0	0	0	0	0	0
tokio	plain	listener	shared-pool:4	per-connection	all	on	on	8	retain	16777216	33554432	33554432	33554432	33554432	0-2	off									3	tokio	tokio			3	3	0-2	3-5	600	600	0	50	0	none	8000000	fixed:100000000	100000000		25	stage-a-v1-no-unvalidated-margin	revision=stage-a-v1-no-unvalidated-margin;window=0.00000000000000000;recovery=0.00000000000000000;socket=0.00000000000000000;host=1.00000000000000000;nic=1.00000000000000000;control=none;waves=none	conditional	expected_rtt_unknown,rtt_variance_unknown,effective_socket_buffer_unknown,host_pps_capacity_unknown,nic_capacity_unknown	2	5df908ee607fe40716a9857bed43d1e8-89	600	0	4362106	4362106	0	0	3.666	30.193	36835.3	34781.3	44112	30	0	0	292	0	0	0	0	1000	759	0	0	250	0	0	0	0	0	0	0	0	7771732	697338	11.145	4096	65536	131072	238561	250	4	28462	113848	0	0	0	0
tokio	plain	caller	shared-pool:4	per-connection	all	on	on	8	retain	16777216	33554432	33554432	33554432	33554432	3-5	off									3	mio	tokio			1	3	0-2	3-5	1200	1200	1200	50	50	none	8000000	fixed:100000000	100000000		25	stage-a-v1-no-unvalidated-margin	revision=stage-a-v1-no-unvalidated-margin;window=0.00000000000000000;recovery=0.00000000000000000;socket=0.00000000000000000;host=1.00000000000000000;nic=1.00000000000000000;control=none;waves=none	conditional	expected_rtt_unknown,rtt_variance_unknown,effective_socket_buffer_unknown,host_pps_capacity_unknown	2	5df908ee607fe40716a9857bed43d1e8-90	1200	0	3872611	3872611	3031240	0	0.000	39.068	38216.1	59453.6	209920	30	3987285	3987285	145248	27350165	3872611	7809314	3871966	1000	759	759	22568629	250	0	0	0	0	0	0	0	0	0	0	0	0	0	0	0	250	0	0	0	0	0	0	0
mio	plain	listener	shared-pool:4	per-connection	all	on	on	8	retain	16777216	33554432	33554432	33554432	33554432	0-2	off									1	mio	tokio			1	3	0-2	3-5	1200	1200	0	50	0	none	8000000	fixed:100000000	100000000		25	stage-a-v1-no-unvalidated-margin	revision=stage-a-v1-no-unvalidated-margin;window=0.00000000000000000;recovery=0.00000000000000000;socket=0.00000000000000000;host=1.00000000000000000;nic=1.00000000000000000;control=none;waves=none	conditional	expected_rtt_unknown,rtt_variance_unknown,effective_socket_buffer_unknown,host_pps_capacity_unknown,nic_capacity_unknown	2	5df908ee607fe40716a9857bed43d1e8-90	1200	421	6691618	3521154	1391672	660685	244.138	39.078	17133.0	20399.8	126488	30	3987285	3987285	145248	0	0	0	0	1000	759	0	0	250	0	0	0	0	0	0	0	0	0	0	0	0	0	0	0	250	0	0	0	0	0	0	0
tokio	plain	listener	shared-pool:4	per-connection	all	on	on	8	retain	16777216	33554432	33554432	33554432	33554432	0-2	off									1	tokio	tokio			1	3	0-2	3-5	1200	1200	0	50	0	none	8000000	fixed:100000000	100000000		25	stage-a-v1-no-unvalidated-margin	revision=stage-a-v1-no-unvalidated-margin;window=0.00000000000000000;recovery=0.00000000000000000;socket=0.00000000000000000;host=1.00000000000000000;nic=1.00000000000000000;control=none;waves=none	conditional	expected_rtt_unknown,rtt_variance_unknown,effective_socket_buffer_unknown,host_pps_capacity_unknown,nic_capacity_unknown	2	5df908ee607fe40716a9857bed43d1e8-91	1199	384	3769857	3781979	1721896	234213	239.366	40.552	15918.7	22375.6	60128	30	4950485	4950485	106024	0	0	0	0	1000	759	0	0	250	0	0	0	0	0	0	0	0	7237438	309671	23.371	1048576	2097152	2528025	2528025	250	4	56925	227700	0	0	0	0
tokio	plain	caller	shared-pool:4	per-connection	all	on	on	8	retain	16777216	33554432	33554432	33554432	33554432	3-5	off									3	tokio	tokio			1	3	0-2	3-5	1200	1200	1200	50	50	none	8000000	fixed:100000000	100000000		25	stage-a-v1-no-unvalidated-margin	revision=stage-a-v1-no-unvalidated-margin;window=0.00000000000000000;recovery=0.00000000000000000;socket=0.00000000000000000;host=1.00000000000000000;nic=1.00000000000000000;control=none;waves=none	conditional	expected_rtt_unknown,rtt_variance_unknown,effective_socket_buffer_unknown,host_pps_capacity_unknown	2	5df908ee607fe40716a9857bed43d1e8-91	1197	0	3721933	3721933	2571954	0	0.000	40.559	38614.5	67619.2	255964	30	4950485	4950485	106024	27281797	3721933	7512704	3721232	1000	759	759	22653766	250	0	0	0	0	0	0	0	0	0	0	0	0	0	0	0	250	0	0	0	0	0	0	0
tokio	plain	caller	shared-pool:4	per-connection	all	on	on	8	retain	16777216	33554432	33554432	33554432	33554432	3-5	off									3	mio	tokio			2	3	0-2	3-5	1200	1200	1200	50	50	none	8000000	fixed:100000000	100000000		25	stage-a-v1-no-unvalidated-margin	revision=stage-a-v1-no-unvalidated-margin;window=0.00000000000000000;recovery=0.00000000000000000;socket=0.00000000000000000;host=1.00000000000000000;nic=1.00000000000000000;control=none;waves=none	conditional	expected_rtt_unknown,rtt_variance_unknown,effective_socket_buffer_unknown,host_pps_capacity_unknown	2	5df908ee607fe40716a9857bed43d1e8-92	1200	0	4492426	4492426	0	0	0.000	30.720	34331.7	56388.7	50428	30	0	0	2990	27354161	4492426	8979225	4491452	1000	759	759	21953420	250	0	0	0	0	0	0	0	0	0	0	0	0	0	0	0	250	0	0	0	0	0	0	0
mio	plain	listener	shared-pool:4	per-connection	all	on	on	8	retain	16777216	33554432	33554432	33554432	33554432	0-2	off									2	mio	tokio			2	3	0-2	3-5	1200	1200	0	50	0	none	8000000	fixed:100000000	100000000		25	stage-a-v1-no-unvalidated-margin	revision=stage-a-v1-no-unvalidated-margin;window=0.00000000000000000;recovery=0.00000000000000000;socket=0.00000000000000000;host=1.00000000000000000;nic=1.00000000000000000;control=none;waves=none	conditional	expected_rtt_unknown,rtt_variance_unknown,effective_socket_buffer_unknown,host_pps_capacity_unknown,nic_capacity_unknown	2	5df908ee607fe40716a9857bed43d1e8-92	1200	0	8719089	4492426	0	0	20.277	30.727	25398.1	35233.5	59748	30	0	0	2990	0	0	0	0	1000	759	0	0	250	0	0	0	0	0	0	0	0	0	0	0	0	0	0	0	250	0	0	0	0	0	0	0
tokio	plain	caller	shared-pool:4	per-connection	all	on	on	8	retain	16777216	33554432	33554432	33554432	33554432	3-5	off									3	tokio	tokio			2	3	0-2	3-5	1200	1200	1200	50	50	none	8000000	fixed:100000000	100000000		25	stage-a-v1-no-unvalidated-margin	revision=stage-a-v1-no-unvalidated-margin;window=0.00000000000000000;recovery=0.00000000000000000;socket=0.00000000000000000;host=1.00000000000000000;nic=1.00000000000000000;control=none;waves=none	conditional	expected_rtt_unknown,rtt_variance_unknown,effective_socket_buffer_unknown,host_pps_capacity_unknown	2	5df908ee607fe40716a9857bed43d1e8-93	1200	0	3868261	3868261	40483	0	0.000	30.630	32629.8	57919.2	69152	30	51744	51744	5527	27353367	3868261	7733118	3868016	1000	759	759	22576582	250	0	0	0	0	0	0	0	0	0	0	0	0	0	0	0	250	0	0	0	0	0	0	0
tokio	plain	listener	shared-pool:4	per-connection	all	on	on	8	retain	16777216	33554432	33554432	33554432	33554432	0-2	off									2	tokio	tokio			2	3	0-2	3-5	1200	1200	0	50	0	none	8000000	fixed:100000000	100000000		25	stage-a-v1-no-unvalidated-margin	revision=stage-a-v1-no-unvalidated-margin;window=0.00000000000000000;recovery=0.00000000000000000;socket=0.00000000000000000;host=1.00000000000000000;nic=1.00000000000000000;control=none;waves=none	conditional	expected_rtt_unknown,rtt_variance_unknown,effective_socket_buffer_unknown,host_pps_capacity_unknown,nic_capacity_unknown	2	5df908ee607fe40716a9857bed43d1e8-93	1200	0	3868261	3868261	22253	17707	20.531	30.639	24575.3	36158.6	52308	30	51744	51744	5527	0	0	0	0	1000	759	0	0	250	0	0	0	0	0	0	0	0	8590439	286382	29.996	131072	524288	1048576	1069177	250	4	56925	227700	0	0	0	0
tokio	plain	caller	shared-pool:4	per-connection	all	on	on	8	retain	16777216	33554432	33554432	33554432	33554432	3-5	off									3	mio	tokio			3	3	0-2	3-5	1200	1200	1200	50	50	none	8000000	fixed:100000000	100000000		25	stage-a-v1-no-unvalidated-margin	revision=stage-a-v1-no-unvalidated-margin;window=0.00000000000000000;recovery=0.00000000000000000;socket=0.00000000000000000;host=1.00000000000000000;nic=1.00000000000000000;control=none;waves=none	conditional	expected_rtt_unknown,rtt_variance_unknown,effective_socket_buffer_unknown,host_pps_capacity_unknown	2	5df908ee607fe40716a9857bed43d1e8-94	1200	0	3254095	3254095	0	0	0.000	30.822	30379.6	60691.2	41600	30	0	0	1963	27353935	3254095	6504025	3253884	1000	759	759	23191213	250	0	0	0	0	0	0	0	0	0	0	0	0	0	0	0	250	0	0	0	0	0	0	0
mio	plain	listener	shared-pool:4	per-connection	all	on	on	8	retain	16777216	33554432	33554432	33554432	33554432	0-2	off									3	mio	tokio			3	3	0-2	3-5	1200	1200	0	50	0	none	8000000	fixed:100000000	100000000		25	stage-a-v1-no-unvalidated-margin	revision=stage-a-v1-no-unvalidated-margin;window=0.00000000000000000;recovery=0.00000000000000000;socket=0.00000000000000000;host=1.00000000000000000;nic=1.00000000000000000;control=none;waves=none	conditional	expected_rtt_unknown,rtt_variance_unknown,effective_socket_buffer_unknown,host_pps_capacity_unknown,nic_capacity_unknown	2	5df908ee607fe40716a9857bed43d1e8-94	1200	0	8802582	3254095	0	0	10.408	30.832	29042.9	47592.8	54800	30	0	0	1963	0	0	0	0	1000	759	0	0	250	0	0	0	0	0	0	0	0	0	0	0	0	0	0	0	250	0	0	0	0	0	0	0
tokio	plain	caller	shared-pool:4	per-connection	all	on	on	8	retain	16777216	33554432	33554432	33554432	33554432	3-5	off									3	tokio	tokio			3	3	0-2	3-5	1200	1200	1200	50	50	none	8000000	fixed:100000000	100000000		25	stage-a-v1-no-unvalidated-margin	revision=stage-a-v1-no-unvalidated-margin;window=0.00000000000000000;recovery=0.00000000000000000;socket=0.00000000000000000;host=1.00000000000000000;nic=1.00000000000000000;control=none;waves=none	conditional	expected_rtt_unknown,rtt_variance_unknown,effective_socket_buffer_unknown,host_pps_capacity_unknown	2	5df908ee607fe40716a9857bed43d1e8-95	1200	0	3081703	3081703	0	0	0.000	30.510	30048.2	60342.0	40292	30	0	0	2117	27351983	3081703	6159106	3081401	1000	759	759	23361219	250	0	0	0	0	0	0	0	0	0	0	0	0	0	0	0	250	0	0	0	0	0	0	0
tokio	plain	listener	shared-pool:4	per-connection	all	on	on	8	retain	16777216	33554432	33554432	33554432	33554432	0-2	off									3	tokio	tokio			3	3	0-2	3-5	1200	1200	0	50	0	none	8000000	fixed:100000000	100000000		25	stage-a-v1-no-unvalidated-margin	revision=stage-a-v1-no-unvalidated-margin;window=0.00000000000000000;recovery=0.00000000000000000;socket=0.00000000000000000;host=1.00000000000000000;nic=1.00000000000000000;control=none;waves=none	conditional	expected_rtt_unknown,rtt_variance_unknown,effective_socket_buffer_unknown,host_pps_capacity_unknown,nic_capacity_unknown	2	5df908ee607fe40716a9857bed43d1e8-95	1200	0	3081703	3081703	0	0	15.378	30.516	32216.7	44699.6	43560	30	0	0	2117	0	0	0	0	1000	759	0	0	250	0	0	0	0	0	0	0	0	8685750	679142	12.789	16384	131072	262144	344041	250	4	56925	227700	0	0	0	0
tokio	plain	caller	shared-pool:4	per-connection	all	on	on	8	retain	16777216	33554432	33554432	33554432	33554432	3-5	off									3	mio	tokio			1	3	0-2	3-5	30	30	30	50	30	none	1000000	fixed:100000000	100000000		25	stage-a-v1-no-unvalidated-margin	revision=stage-a-v1-no-unvalidated-margin;window=0.00000000000000000;recovery=0.00000000000000000;socket=0.00000000000000000;host=1.00000000000000000;nic=1.00000000000000000;control=none;waves=none	conditional	expected_rtt_unknown,rtt_variance_unknown,effective_socket_buffer_unknown,host_pps_capacity_unknown	3	5df908ee607fe40716a9857bed43d1e8-96	30	0	85500	85500	0	0	0.000	30.008	1939.1	3930.4	6440	30	0	0	29	85500	85500	20	20	1000	94	2	0	250	0	0	0	0	0	0	0	0	0	0	0	0	0	0	0	250	0	0	0	0	0	0	0
mio	plain	listener	shared-pool:4	per-connection	all	on	on	8	retain	16777216	33554432	33554432	33554432	33554432	0-2	off									1	mio	tokio			1	3	0-2	3-5	30	30	0	50	0	none	1000000	fixed:100000000	100000000		25	stage-a-v1-no-unvalidated-margin	revision=stage-a-v1-no-unvalidated-margin;window=0.00000000000000000;recovery=0.00000000000000000;socket=0.00000000000000000;host=1.00000000000000000;nic=1.00000000000000000;control=none;waves=none	conditional	expected_rtt_unknown,rtt_variance_unknown,effective_socket_buffer_unknown,host_pps_capacity_unknown,nic_capacity_unknown	3	5df908ee607fe40716a9857bed43d1e8-96	30	0	269526	85500	0	0	0.573	30.010	846.8	2450.8	5944	30	0	0	30	0	0	0	0	1000	94	0	0	250	0	0	0	0	0	0	0	0	0	0	0	0	0	0	0	250	0	0	0	0	0	0	0
tokio	plain	caller	shared-pool:4	per-connection	all	on	on	8	retain	16777216	33554432	33554432	33554432	33554432	3-5	off									3	tokio	tokio			1	3	0-2	3-5	30	30	30	50	30	none	1000000	fixed:100000000	100000000		25	stage-a-v1-no-unvalidated-margin	revision=stage-a-v1-no-unvalidated-margin;window=0.00000000000000000;recovery=0.00000000000000000;socket=0.00000000000000000;host=1.00000000000000000;nic=1.00000000000000000;control=none;waves=none	conditional	expected_rtt_unknown,rtt_variance_unknown,effective_socket_buffer_unknown,host_pps_capacity_unknown	3	5df908ee607fe40716a9857bed43d1e8-97	30	0	85500	85500	0	0	0.000	30.008	2247.6	4234.0	5972	30	0	0	22	85500	85500	0	0	1000	94	1	0	250	0	0	0	0	0	0	0	0	0	0	0	0	0	0	0	250	0	0	0	0	0	0	0
tokio	plain	listener	shared-pool:4	per-connection	all	on	on	8	retain	16777216	33554432	33554432	33554432	33554432	0-2	off									1	tokio	tokio			1	3	0-2	3-5	30	30	0	50	0	none	1000000	fixed:100000000	100000000		25	stage-a-v1-no-unvalidated-margin	revision=stage-a-v1-no-unvalidated-margin;window=0.00000000000000000;recovery=0.00000000000000000;socket=0.00000000000000000;host=1.00000000000000000;nic=1.00000000000000000;control=none;waves=none	conditional	expected_rtt_unknown,rtt_variance_unknown,effective_socket_buffer_unknown,host_pps_capacity_unknown,nic_capacity_unknown	3	5df908ee607fe40716a9857bed43d1e8-97	30	0	85500	85500	0	0	0.282	30.011	1933.3	2818.8	7296	30	0	0	22	0	0	0	0	1000	94	0	0	250	0	0	0	0	0	0	0	0	295300	41906	7.047	2048	2048	4096	12969	250	4	188	752	0	0	0	0
tokio	plain	caller	shared-pool:4	per-connection	all	on	on	8	retain	16777216	33554432	33554432	33554432	33554432	3-5	off									3	mio	tokio			2	3	0-2	3-5	30	30	30	50	30	none	1000000	fixed:100000000	100000000		25	stage-a-v1-no-unvalidated-margin	revision=stage-a-v1-no-unvalidated-margin;window=0.00000000000000000;recovery=0.00000000000000000;socket=0.00000000000000000;host=1.00000000000000000;nic=1.00000000000000000;control=none;waves=none	conditional	expected_rtt_unknown,rtt_variance_unknown,effective_socket_buffer_unknown,host_pps_capacity_unknown	3	5df908ee607fe40716a9857bed43d1e8-98	30	0	85500	85500	0	0	0.000	30.008	1761.2	3465.8	6276	30	0	0	29	85500	85500	0	0	1000	94	1	0	250	0	0	0	0	0	0	0	0	0	0	0	0	0	0	0	250	0	0	0	0	0	0	0
mio	plain	listener	shared-pool:4	per-connection	all	on	on	8	retain	16777216	33554432	33554432	33554432	33554432	0-2	off									2	mio	tokio			2	3	0-2	3-5	30	30	0	50	0	none	1000000	fixed:100000000	100000000		25	stage-a-v1-no-unvalidated-margin	revision=stage-a-v1-no-unvalidated-margin;window=0.00000000000000000;recovery=0.00000000000000000;socket=0.00000000000000000;host=1.00000000000000000;nic=1.00000000000000000;control=none;waves=none	conditional	expected_rtt_unknown,rtt_variance_unknown,effective_socket_buffer_unknown,host_pps_capacity_unknown,nic_capacity_unknown	3	5df908ee607fe40716a9857bed43d1e8-98	30	0	260068	85500	0	0	0.395	30.010	1019.9	2628.6	6016	30	0	0	29	0	0	0	0	1000	94	0	0	250	0	0	0	0	0	0	0	0	0	0	0	0	0	0	0	250	0	0	0	0	0	0	0
tokio	plain	caller	shared-pool:4	per-connection	all	on	on	8	retain	16777216	33554432	33554432	33554432	33554432	3-5	off									3	tokio	tokio			2	3	0-2	3-5	30	30	30	50	30	none	1000000	fixed:100000000	100000000		25	stage-a-v1-no-unvalidated-margin	revision=stage-a-v1-no-unvalidated-margin;window=0.00000000000000000;recovery=0.00000000000000000;socket=0.00000000000000000;host=1.00000000000000000;nic=1.00000000000000000;control=none;waves=none	conditional	expected_rtt_unknown,rtt_variance_unknown,effective_socket_buffer_unknown,host_pps_capacity_unknown	3	5df908ee607fe40716a9857bed43d1e8-99	30	0	85500	85500	0	0	0.000	30.008	2208.8	4776.8	6000	30	0	0	23	85500	85500	280	236	1000	94	3	0	250	0	0	0	0	0	0	0	0	0	0	0	0	0	0	0	250	0	0	0	0	0	0	0
tokio	plain	listener	shared-pool:4	per-connection	all	on	on	8	retain	16777216	33554432	33554432	33554432	33554432	0-2	off									2	tokio	tokio			2	3	0-2	3-5	30	30	0	50	0	none	1000000	fixed:100000000	100000000		25	stage-a-v1-no-unvalidated-margin	revision=stage-a-v1-no-unvalidated-margin;window=0.00000000000000000;recovery=0.00000000000000000;socket=0.00000000000000000;host=1.00000000000000000;nic=1.00000000000000000;control=none;waves=none	conditional	expected_rtt_unknown,rtt_variance_unknown,effective_socket_buffer_unknown,host_pps_capacity_unknown,nic_capacity_unknown	3	5df908ee607fe40716a9857bed43d1e8-99	30	0	85500	85500	0	0	0.268	30.011	2741.9	3759.8	7424	30	0	0	23	0	0	0	0	1000	94	0	0	250	0	0	0	0	0	0	0	0	276776	51439	5.381	1024	2048	4096	22978	250	4	188	752	0	0	0	0
tokio	plain	caller	shared-pool:4	per-connection	all	on	on	8	retain	16777216	33554432	33554432	33554432	33554432	3-5	off									3	mio	tokio			3	3	0-2	3-5	30	30	30	50	30	none	1000000	fixed:100000000	100000000		25	stage-a-v1-no-unvalidated-margin	revision=stage-a-v1-no-unvalidated-margin;window=0.00000000000000000;recovery=0.00000000000000000;socket=0.00000000000000000;host=1.00000000000000000;nic=1.00000000000000000;control=none;waves=none	conditional	expected_rtt_unknown,rtt_variance_unknown,effective_socket_buffer_unknown,host_pps_capacity_unknown	3	5df908ee607fe40716a9857bed43d1e8-100	30	0	85500	85500	0	0	0.000	30.009	1794.2	4188.7	5888	30	0	0	33	85500	85500	10	10	1000	94	2	0	250	0	0	0	0	0	0	0	0	0	0	0	0	0	0	0	250	0	0	0	0	0	0	0
mio	plain	listener	shared-pool:4	per-connection	all	on	on	8	retain	16777216	33554432	33554432	33554432	33554432	0-2	off									3	mio	tokio			3	3	0-2	3-5	30	30	0	50	0	none	1000000	fixed:100000000	100000000		25	stage-a-v1-no-unvalidated-margin	revision=stage-a-v1-no-unvalidated-margin;window=0.00000000000000000;recovery=0.00000000000000000;socket=0.00000000000000000;host=1.00000000000000000;nic=1.00000000000000000;control=none;waves=none	conditional	expected_rtt_unknown,rtt_variance_unknown,effective_socket_buffer_unknown,host_pps_capacity_unknown,nic_capacity_unknown	3	5df908ee607fe40716a9857bed43d1e8-100	30	0	268130	85500	0	0	0.569	30.012	1139.4	3403.0	6016	30	0	0	33	0	0	0	0	1000	94	0	0	250	0	0	0	0	0	0	0	0	0	0	0	0	0	0	0	250	0	0	0	0	0	0	0
tokio	plain	caller	shared-pool:4	per-connection	all	on	on	8	retain	16777216	33554432	33554432	33554432	33554432	3-5	off									3	tokio	tokio			3	3	0-2	3-5	30	30	30	50	30	none	1000000	fixed:100000000	100000000		25	stage-a-v1-no-unvalidated-margin	revision=stage-a-v1-no-unvalidated-margin;window=0.00000000000000000;recovery=0.00000000000000000;socket=0.00000000000000000;host=1.00000000000000000;nic=1.00000000000000000;control=none;waves=none	conditional	expected_rtt_unknown,rtt_variance_unknown,effective_socket_buffer_unknown,host_pps_capacity_unknown	3	5df908ee607fe40716a9857bed43d1e8-101	30	0	85500	85500	0	0	0.000	30.009	2891.3	4385.9	6180	30	0	0	7	85500	85500	410	254	1000	94	5	0	250	0	0	0	0	0	0	0	0	0	0	0	0	0	0	0	250	0	0	0	0	0	0	0
tokio	plain	listener	shared-pool:4	per-connection	all	on	on	8	retain	16777216	33554432	33554432	33554432	33554432	0-2	off									3	tokio	tokio			3	3	0-2	3-5	30	30	0	50	0	none	1000000	fixed:100000000	100000000		25	stage-a-v1-no-unvalidated-margin	revision=stage-a-v1-no-unvalidated-margin;window=0.00000000000000000;recovery=0.00000000000000000;socket=0.00000000000000000;host=1.00000000000000000;nic=1.00000000000000000;control=none;waves=none	conditional	expected_rtt_unknown,rtt_variance_unknown,effective_socket_buffer_unknown,host_pps_capacity_unknown,nic_capacity_unknown	3	5df908ee607fe40716a9857bed43d1e8-101	30	0	85500	85500	0	0	0.426	30.014	3323.1	4077.4	7680	30	0	0	7	0	0	0	0	1000	94	0	0	250	0	0	0	0	0	0	0	0	268613	73145	3.672	1024	2048	2048	34516	250	4	188	752	0	0	0	0
tokio	plain	caller	shared-pool:4	per-connection	all	on	on	8	retain	16777216	33554432	33554432	33554432	33554432	3-5	off									3	mio	tokio			1	3	0-2	3-5	200	200	200	50	50	none	1000000	fixed:100000000	100000000		25	stage-a-v1-no-unvalidated-margin	revision=stage-a-v1-no-unvalidated-margin;window=0.00000000000000000;recovery=0.00000000000000000;socket=0.00000000000000000;host=1.00000000000000000;nic=1.00000000000000000;control=none;waves=none	conditional	expected_rtt_unknown,rtt_variance_unknown,effective_socket_buffer_unknown,host_pps_capacity_unknown	3	5df908ee607fe40716a9857bed43d1e8-102	200	0	570000	570000	0	0	0.000	30.033	13998.5	16713.8	9984	30	0	0	151	570000	570000	139	138	1000	94	2	0	250	0	0	0	0	0	0	0	0	0	0	0	0	0	0	0	250	0	0	0	0	0	0	0
mio	plain	listener	shared-pool:4	per-connection	all	on	on	8	retain	16777216	33554432	33554432	33554432	33554432	0-2	off									1	mio	tokio			1	3	0-2	3-5	200	200	0	50	0	none	1000000	fixed:100000000	100000000		25	stage-a-v1-no-unvalidated-margin	revision=stage-a-v1-no-unvalidated-margin;window=0.00000000000000000;recovery=0.00000000000000000;socket=0.00000000000000000;host=1.00000000000000000;nic=1.00000000000000000;control=none;waves=none	conditional	expected_rtt_unknown,rtt_variance_unknown,effective_socket_buffer_unknown,host_pps_capacity_unknown,nic_capacity_unknown	3	5df908ee607fe40716a9857bed43d1e8-102	200	0	1676520	570000	0	0	2.234	30.036	5069.1	10579.1	10456	30	0	0	151	0	0	0	0	1000	94	0	0	250	0	0	0	0	0	0	0	0	0	0	0	0	0	0	0	250	0	0	0	0	0	0	0
tokio	plain	caller	shared-pool:4	per-connection	all	on	on	8	retain	16777216	33554432	33554432	33554432	33554432	3-5	off									3	tokio	tokio			1	3	0-2	3-5	200	200	200	50	50	none	1000000	fixed:100000000	100000000		25	stage-a-v1-no-unvalidated-margin	revision=stage-a-v1-no-unvalidated-margin;window=0.00000000000000000;recovery=0.00000000000000000;socket=0.00000000000000000;host=1.00000000000000000;nic=1.00000000000000000;control=none;waves=none	conditional	expected_rtt_unknown,rtt_variance_unknown,effective_socket_buffer_unknown,host_pps_capacity_unknown	3	5df908ee607fe40716a9857bed43d1e8-103	200	0	570000	570000	0	0	0.000	30.035	13039.9	17904.6	10264	30	0	0	192	570000	570000	4161	2876	1000	94	8	0	250	0	0	0	0	0	0	0	0	0	0	0	0	0	0	0	250	0	0	0	0	0	0	0
tokio	plain	listener	shared-pool:4	per-connection	all	on	on	8	retain	16777216	33554432	33554432	33554432	33554432	0-2	off									1	tokio	tokio			1	3	0-2	3-5	200	200	0	50	0	none	1000000	fixed:100000000	100000000		25	stage-a-v1-no-unvalidated-margin	revision=stage-a-v1-no-unvalidated-margin;window=0.00000000000000000;recovery=0.00000000000000000;socket=0.00000000000000000;host=1.00000000000000000;nic=1.00000000000000000;control=none;waves=none	conditional	expected_rtt_unknown,rtt_variance_unknown,effective_socket_buffer_unknown,host_pps_capacity_unknown,nic_capacity_unknown	3	5df908ee607fe40716a9857bed43d1e8-103	200	0	570000	570000	0	0	0.968	30.040	7209.2	10915.9	12544	30	0	0	237	0	0	0	0	1000	94	0	0	250	0	0	0	0	0	0	0	0	1739836	130338	13.349	2048	8192	16384	53140	250	4	1175	4700	0	0	0	0
tokio	plain	caller	shared-pool:4	per-connection	all	on	on	8	retain	16777216	33554432	33554432	33554432	33554432	3-5	off									3	mio	tokio			2	3	0-2	3-5	200	200	200	50	50	none	1000000	fixed:100000000	100000000		25	stage-a-v1-no-unvalidated-margin	revision=stage-a-v1-no-unvalidated-margin;window=0.00000000000000000;recovery=0.00000000000000000;socket=0.00000000000000000;host=1.00000000000000000;nic=1.00000000000000000;control=none;waves=none	conditional	expected_rtt_unknown,rtt_variance_unknown,effective_socket_buffer_unknown,host_pps_capacity_unknown	3	5df908ee607fe40716a9857bed43d1e8-104	200	0	570000	570000	0	0	0.000	30.035	15069.9	17606.0	9984	30	0	0	86	570000	570000	1849	1453	1000	94	4	0	250	0	0	0	0	0	0	0	0	0	0	0	0	0	0	0	250	0	0	0	0	0	0	0
mio	plain	listener	shared-pool:4	per-connection	all	on	on	8	retain	16777216	33554432	33554432	33554432	33554432	0-2	off									2	mio	tokio			2	3	0-2	3-5	200	200	0	50	0	none	1000000	fixed:100000000	100000000		25	stage-a-v1-no-unvalidated-margin	revision=stage-a-v1-no-unvalidated-margin;window=0.00000000000000000;recovery=0.00000000000000000;socket=0.00000000000000000;host=1.00000000000000000;nic=1.00000000000000000;control=none;waves=none	conditional	expected_rtt_unknown,rtt_variance_unknown,effective_socket_buffer_unknown,host_pps_capacity_unknown,nic_capacity_unknown	3	5df908ee607fe40716a9857bed43d1e8-104	200	0	1650042	570000	0	0	1.421	30.038	6811.9	13965.8	10624	30	0	0	86	0	0	0	0	1000	94	0	0	250	0	0	0	0	0	0	0	0	0	0	0	0	0	0	0	250	0	0	0	0	0	0	0
tokio	plain	listener	shared-pool:4	per-connection	all	on	on	8	retain	16777216	33554432	33554432	33554432	33554432	0-2	off									2	tokio	tokio			2	3	0-2	3-5	200	200	0	50	0	none	1000000	fixed:100000000	100000000		25	stage-a-v1-no-unvalidated-margin	revision=stage-a-v1-no-unvalidated-margin;window=0.00000000000000000;recovery=0.00000000000000000;socket=0.00000000000000000;host=1.00000000000000000;nic=1.00000000000000000;control=none;waves=none	conditional	expected_rtt_unknown,rtt_variance_unknown,effective_socket_buffer_unknown,host_pps_capacity_unknown,nic_capacity_unknown	3	5df908ee607fe40716a9857bed43d1e8-105	200	0	570000	570000	0	0	1.285	30.035	9626.4	12108.8	12544	30	0	0	131	0	0	0	0	1000	94	0	0	250	0	0	0	0	0	0	0	0	1686301	307334	5.487	2048	4096	8192	39825	250	4	1175	4700	0	0	0	0
tokio	plain	caller	shared-pool:4	per-connection	all	on	on	8	retain	16777216	33554432	33554432	33554432	33554432	3-5	off									3	tokio	tokio			2	3	0-2	3-5	200	200	200	50	50	none	1000000	fixed:100000000	100000000		25	stage-a-v1-no-unvalidated-margin	revision=stage-a-v1-no-unvalidated-margin;window=0.00000000000000000;recovery=0.00000000000000000;socket=0.00000000000000000;host=1.00000000000000000;nic=1.00000000000000000;control=none;waves=none	conditional	expected_rtt_unknown,rtt_variance_unknown,effective_socket_buffer_unknown,host_pps_capacity_unknown	3	5df908ee607fe40716a9857bed43d1e8-105	200	0	570000	570000	0	0	0.000	30.033	13842.3	16139.3	9856	30	0	0	131	570000	570000	1177	1106	1000	94	3	0	250	0	0	0	0	0	0	0	0	0	0	0	0	0	0	0	250	0	0	0	0	0	0	0
tokio	plain	caller	shared-pool:4	per-connection	all	on	on	8	retain	16777216	33554432	33554432	33554432	33554432	3-5	off									3	mio	tokio			3	3	0-2	3-5	200	200	200	50	50	none	1000000	fixed:100000000	100000000		25	stage-a-v1-no-unvalidated-margin	revision=stage-a-v1-no-unvalidated-margin;window=0.00000000000000000;recovery=0.00000000000000000;socket=0.00000000000000000;host=1.00000000000000000;nic=1.00000000000000000;control=none;waves=none	conditional	expected_rtt_unknown,rtt_variance_unknown,effective_socket_buffer_unknown,host_pps_capacity_unknown	3	5df908ee607fe40716a9857bed43d1e8-106	200	0	569999	569999	0	0	0.000	30.046	16384.6	26983.3	11468	30	0	0	109	569999	569999	68147	43435	1000	94	21	0	250	0	0	0	0	0	0	0	0	0	0	0	0	0	0	0	250	0	0	0	0	0	0	0
mio	plain	listener	shared-pool:4	per-connection	all	on	on	8	retain	16777216	33554432	33554432	33554432	33554432	0-2	off									3	mio	tokio			3	3	0-2	3-5	200	200	0	50	0	none	1000000	fixed:100000000	100000000		25	stage-a-v1-no-unvalidated-margin	revision=stage-a-v1-no-unvalidated-margin;window=0.00000000000000000;recovery=0.00000000000000000;socket=0.00000000000000000;host=1.00000000000000000;nic=1.00000000000000000;control=none;waves=none	conditional	expected_rtt_unknown,rtt_variance_unknown,effective_socket_buffer_unknown,host_pps_capacity_unknown,nic_capacity_unknown	3	5df908ee607fe40716a9857bed43d1e8-106	200	0	1628550	569999	0	0	4.671	30.050	8552.7	20668.7	13540	30	0	0	109	0	0	0	0	1000	94	0	0	250	0	0	0	0	0	0	0	0	0	0	0	0	0	0	0	250	0	0	0	0	0	0	0
tokio	plain	caller	shared-pool:4	per-connection	all	on	on	8	retain	16777216	33554432	33554432	33554432	33554432	3-5	off									3	tokio	tokio			3	3	0-2	3-5	200	200	200	50	50	none	1000000	fixed:100000000	100000000		25	stage-a-v1-no-unvalidated-margin	revision=stage-a-v1-no-unvalidated-margin;window=0.00000000000000000;recovery=0.00000000000000000;socket=0.00000000000000000;host=1.00000000000000000;nic=1.00000000000000000;control=none;waves=none	conditional	expected_rtt_unknown,rtt_variance_unknown,effective_socket_buffer_unknown,host_pps_capacity_unknown	3	5df908ee607fe40716a9857bed43d1e8-107	200	0	570000	570000	0	0	0.000	30.059	15915.1	27183.9	11248	30	0	0	137	570000	570000	39188	27823	1000	94	11	0	250	0	0	0	0	0	0	0	0	0	0	0	0	0	0	0	250	0	0	0	0	0	0	0
tokio	plain	listener	shared-pool:4	per-connection	all	on	on	8	retain	16777216	33554432	33554432	33554432	33554432	0-2	off									3	tokio	tokio			3	3	0-2	3-5	200	200	0	50	0	none	1000000	fixed:100000000	100000000		25	stage-a-v1-no-unvalidated-margin	revision=stage-a-v1-no-unvalidated-margin;window=0.00000000000000000;recovery=0.00000000000000000;socket=0.00000000000000000;host=1.00000000000000000;nic=1.00000000000000000;control=none;waves=none	conditional	expected_rtt_unknown,rtt_variance_unknown,effective_socket_buffer_unknown,host_pps_capacity_unknown,nic_capacity_unknown	3	5df908ee607fe40716a9857bed43d1e8-107	200	0	570000	570000	0	0	2.066	30.075	13474.8	20782.1	14592	30	0	0	137	0	0	0	0	1000	94	0	0	250	0	0	0	0	0	0	0	0	1633681	255440	6.396	2048	8192	32768	120378	250	4	1175	4700	0	0	0	0
tokio	plain	caller	shared-pool:4	per-connection	all	on	on	8	retain	16777216	33554432	33554432	33554432	33554432	3-5	off									3	mio	tokio			1	3	0-2	3-5	600	600	600	50	50	none	1000000	fixed:100000000	100000000		25	stage-a-v1-no-unvalidated-margin	revision=stage-a-v1-no-unvalidated-margin;window=0.00000000000000000;recovery=0.00000000000000000;socket=0.00000000000000000;host=1.00000000000000000;nic=1.00000000000000000;control=none;waves=none	conditional	expected_rtt_unknown,rtt_variance_unknown,effective_socket_buffer_unknown,host_pps_capacity_unknown	3	5df908ee607fe40716a9857bed43d1e8-108	600	0	1709952	1709952	0	0	0.000	30.171	22341.5	35249.6	28328	30	0	0	1938	1709952	1709952	70923	50615	1000	94	9	0	250	0	0	0	0	0	0	0	0	0	0	0	0	0	0	0	250	0	0	0	0	0	0	0
mio	plain	listener	shared-pool:4	per-connection	all	on	on	8	retain	16777216	33554432	33554432	33554432	33554432	0-2	off									1	mio	tokio			1	3	0-2	3-5	600	600	0	50	0	none	1000000	fixed:100000000	100000000		25	stage-a-v1-no-unvalidated-margin	revision=stage-a-v1-no-unvalidated-margin;window=0.00000000000000000;recovery=0.00000000000000000;socket=0.00000000000000000;host=1.00000000000000000;nic=1.00000000000000000;control=none;waves=none	conditional	expected_rtt_unknown,rtt_variance_unknown,effective_socket_buffer_unknown,host_pps_capacity_unknown,nic_capacity_unknown	3	5df908ee607fe40716a9857bed43d1e8-108	600	0	3907136	1709952	0	0	29.278	30.175	10965.2	19115.6	28916	30	0	0	1938	0	0	0	0	1000	94	0	0	250	0	0	0	0	0	0	0	0	0	0	0	0	0	0	0	250	0	0	0	0	0	0	0
tokio	plain	caller	shared-pool:4	per-connection	all	on	on	8	retain	16777216	33554432	33554432	33554432	33554432	3-5	off									3	tokio	tokio			1	3	0-2	3-5	600	600	600	50	50	none	1000000	fixed:100000000	100000000		25	stage-a-v1-no-unvalidated-margin	revision=stage-a-v1-no-unvalidated-margin;window=0.00000000000000000;recovery=0.00000000000000000;socket=0.00000000000000000;host=1.00000000000000000;nic=1.00000000000000000;control=none;waves=none	conditional	expected_rtt_unknown,rtt_variance_unknown,effective_socket_buffer_unknown,host_pps_capacity_unknown	3	5df908ee607fe40716a9857bed43d1e8-109	600	0	1710000	1710000	0	0	0.000	30.110	28065.6	35560.2	29576	30	0	0	623	1710000	1710000	71316	47730	1000	94	12	0	250	0	0	0	0	0	0	0	0	0	0	0	0	0	0	0	250	0	0	0	0	0	0	0
tokio	plain	listener	shared-pool:4	per-connection	all	on	on	8	retain	16777216	33554432	33554432	33554432	33554432	0-2	off									1	tokio	tokio			1	3	0-2	3-5	600	600	0	50	0	none	1000000	fixed:100000000	100000000		25	stage-a-v1-no-unvalidated-margin	revision=stage-a-v1-no-unvalidated-margin;window=0.00000000000000000;recovery=0.00000000000000000;socket=0.00000000000000000;host=1.00000000000000000;nic=1.00000000000000000;control=none;waves=none	conditional	expected_rtt_unknown,rtt_variance_unknown,effective_socket_buffer_unknown,host_pps_capacity_unknown,nic_capacity_unknown	3	5df908ee607fe40716a9857bed43d1e8-109	600	0	1710000	1710000	0	0	5.393	30.114	11383.7	18671.7	25856	30	0	0	623	0	0	0	0	1000	94	0	0	250	0	0	0	0	0	0	0	0	4087929	135576	30.152	32768	131072	262144	306196	250	4	3525	14100	0	0	0	0
tokio	plain	caller	shared-pool:4	per-connection	all	on	on	8	retain	16777216	33554432	33554432	33554432	33554432	3-5	off									3	mio	tokio			2	3	0-2	3-5	600	600	600	50	50	none	1000000	fixed:100000000	100000000		25	stage-a-v1-no-unvalidated-margin	revision=stage-a-v1-no-unvalidated-margin;window=0.00000000000000000;recovery=0.00000000000000000;socket=0.00000000000000000;host=1.00000000000000000;nic=1.00000000000000000;control=none;waves=none	conditional	expected_rtt_unknown,rtt_variance_unknown,effective_socket_buffer_unknown,host_pps_capacity_unknown	3	5df908ee607fe40716a9857bed43d1e8-110	600	0	1709999	1709999	0	0	0.000	30.097	34923.9	42676.0	21664	30	0	0	369	1709999	1709999	94983	65042	1000	94	8	0	250	0	0	0	0	0	0	0	0	0	0	0	0	0	0	0	250	0	0	0	0	0	0	0
mio	plain	listener	shared-pool:4	per-connection	all	on	on	8	retain	16777216	33554432	33554432	33554432	33554432	0-2	off									2	mio	tokio			2	3	0-2	3-5	600	600	0	50	0	none	1000000	fixed:100000000	100000000		25	stage-a-v1-no-unvalidated-margin	revision=stage-a-v1-no-unvalidated-margin;window=0.00000000000000000;recovery=0.00000000000000000;socket=0.00000000000000000;host=1.00000000000000000;nic=1.00000000000000000;control=none;waves=none	conditional	expected_rtt_unknown,rtt_variance_unknown,effective_socket_buffer_unknown,host_pps_capacity_unknown,nic_capacity_unknown	3	5df908ee607fe40716a9857bed43d1e8-110	600	0	4868984	1709999	0	0	4.363	30.102	18980.0	30701.0	24296	30	0	0	369	0	0	0	0	1000	94	0	0	250	0	0	0	0	0	0	0	0	0	0	0	0	0	0	0	250	0	0	0	0	0	0	0
tokio	plain	caller	shared-pool:4	per-connection	all	on	on	8	retain	16777216	33554432	33554432	33554432	33554432	3-5	off									3	tokio	tokio			2	3	0-2	3-5	600	600	600	50	50	none	1000000	fixed:100000000	100000000		25	stage-a-v1-no-unvalidated-margin	revision=stage-a-v1-no-unvalidated-margin;window=0.00000000000000000;recovery=0.00000000000000000;socket=0.00000000000000000;host=1.00000000000000000;nic=1.00000000000000000;control=none;waves=none	conditional	expected_rtt_unknown,rtt_variance_unknown,effective_socket_buffer_unknown,host_pps_capacity_unknown	3	5df908ee607fe40716a9857bed43d1e8-111	600	0	1709922	1709922	0	0	0.000	30.112	31359.3	40590.8	19612	30	0	0	403	1709934	1709922	30352	20803	1000	94	6	0	250	0	0	0	0	0	0	0	0	0	0	0	0	0	0	0	250	0	0	0	0	0	0	0
tokio	plain	listener	shared-pool:4	per-connection	all	on	on	8	retain	16777216	33554432	33554432	33554432	33554432	0-2	off									2	tokio	tokio			2	3	0-2	3-5	600	600	0	50	0	none	1000000	fixed:100000000	100000000		25	stage-a-v1-no-unvalidated-margin	revision=stage-a-v1-no-unvalidated-margin;window=0.00000000000000000;recovery=0.00000000000000000;socket=0.00000000000000000;host=1.00000000000000000;nic=1.00000000000000000;control=none;waves=none	conditional	expected_rtt_unknown,rtt_variance_unknown,effective_socket_buffer_unknown,host_pps_capacity_unknown,nic_capacity_unknown	3	5df908ee607fe40716a9857bed43d1e8-111	600	0	1709922	1709922	0	0	3.899	30.117	21328.0	27115.3	24116	30	0	0	403	0	0	0	0	1000	94	0	0	250	0	0	0	0	0	0	0	0	4948581	486239	10.177	2048	8192	16384	61893	250	4	3525	14100	0	0	0	0
tokio	plain	caller	shared-pool:4	per-connection	all	on	on	8	retain	16777216	33554432	33554432	33554432	33554432	3-5	off									3	mio	tokio			3	3	0-2	3-5	600	600	600	50	50	none	1000000	fixed:100000000	100000000		25	stage-a-v1-no-unvalidated-margin	revision=stage-a-v1-no-unvalidated-margin;window=0.00000000000000000;recovery=0.00000000000000000;socket=0.00000000000000000;host=1.00000000000000000;nic=1.00000000000000000;control=none;waves=none	conditional	expected_rtt_unknown,rtt_variance_unknown,effective_socket_buffer_unknown,host_pps_capacity_unknown	3	5df908ee607fe40716a9857bed43d1e8-112	600	0	1710000	1710000	0	0	0.000	30.123	34171.2	45262.9	24428	30	0	0	357	1710000	1710000	331478	197744	1000	94	24	0	250	0	0	0	0	0	0	0	0	0	0	0	0	0	0	0	250	0	0	0	0	0	0	0
mio	plain	listener	shared-pool:4	per-connection	all	on	on	8	retain	16777216	33554432	33554432	33554432	33554432	0-2	off									3	mio	tokio			3	3	0-2	3-5	600	600	0	50	0	none	1000000	fixed:100000000	100000000		25	stage-a-v1-no-unvalidated-margin	revision=stage-a-v1-no-unvalidated-margin;window=0.00000000000000000;recovery=0.00000000000000000;socket=0.00000000000000000;host=1.00000000000000000;nic=1.00000000000000000;control=none;waves=none	conditional	expected_rtt_unknown,rtt_variance_unknown,effective_socket_buffer_unknown,host_pps_capacity_unknown,nic_capacity_unknown	3	5df908ee607fe40716a9857bed43d1e8-112	600	0	4782518	1710000	0	0	2.318	30.129	20675.4	35547.0	30388	30	0	0	357	0	0	0	0	1000	94	0	0	250	0	0	0	0	0	0	0	0	0	0	0	0	0	0	0	250	0	0	0	0	0	0	0
tokio	plain	caller	shared-pool:4	per-connection	all	on	on	8	retain	16777216	33554432	33554432	33554432	33554432	3-5	off									3	tokio	tokio			3	3	0-2	3-5	600	600	600	50	50	none	1000000	fixed:100000000	100000000		25	stage-a-v1-no-unvalidated-margin	revision=stage-a-v1-no-unvalidated-margin;window=0.00000000000000000;recovery=0.00000000000000000;socket=0.00000000000000000;host=1.00000000000000000;nic=1.00000000000000000;control=none;waves=none	conditional	expected_rtt_unknown,rtt_variance_unknown,effective_socket_buffer_unknown,host_pps_capacity_unknown	3	5df908ee607fe40716a9857bed43d1e8-113	600	0	1710000	1710000	0	0	0.000	30.100	34664.1	39635.2	18968	30	0	0	362	1710000	1710000	33202	23373	1000	94	5	0	250	0	0	0	0	0	0	0	0	0	0	0	0	0	0	0	250	0	0	0	0	0	0	0
tokio	plain	listener	shared-pool:4	per-connection	all	on	on	8	retain	16777216	33554432	33554432	33554432	33554432	0-2	off									3	tokio	tokio			3	3	0-2	3-5	600	600	0	50	0	none	1000000	fixed:100000000	100000000		25	stage-a-v1-no-unvalidated-margin	revision=stage-a-v1-no-unvalidated-margin;window=0.00000000000000000;recovery=0.00000000000000000;socket=0.00000000000000000;host=1.00000000000000000;nic=1.00000000000000000;control=none;waves=none	conditional	expected_rtt_unknown,rtt_variance_unknown,effective_socket_buffer_unknown,host_pps_capacity_unknown,nic_capacity_unknown	3	5df908ee607fe40716a9857bed43d1e8-113	600	0	1710000	1710000	0	0	2.372	30.106	23685.1	30793.6	24576	30	0	0	362	0	0	0	0	1000	94	0	0	250	0	0	0	0	0	0	0	0	4914846	637211	7.713	2048	8192	16384	40170	250	4	3525	14100	0	0	0	0
tokio	plain	caller	shared-pool:4	per-connection	all	on	on	8	retain	16777216	33554432	33554432	33554432	33554432	3-5	off									3	mio	tokio			1	3	0-2	3-5	1200	1200	1200	50	50	none	1000000	fixed:100000000	100000000		25	stage-a-v1-no-unvalidated-margin	revision=stage-a-v1-no-unvalidated-margin;window=0.00000000000000000;recovery=0.00000000000000000;socket=0.00000000000000000;host=1.00000000000000000;nic=1.00000000000000000;control=none;waves=none	conditional	expected_rtt_unknown,rtt_variance_unknown,effective_socket_buffer_unknown,host_pps_capacity_unknown	3	5df908ee607fe40716a9857bed43d1e8-114	1200	0	3397205	3397205	2843749	0	0.000	34.597	34466.1	55328.0	193884	30	3653935	3653935	63080	3418739	3397205	5743719	2875251	1000	94	72	0	250	0	0	0	0	0	0	0	0	0	0	0	0	0	0	0	250	0	0	0	0	0	0	0
mio	plain	listener	shared-pool:4	per-connection	all	on	on	8	retain	16777216	33554432	33554432	33554432	33554432	0-2	off									1	mio	tokio			1	3	0-2	3-5	1200	1200	0	50	0	none	1000000	fixed:100000000	100000000		25	stage-a-v1-no-unvalidated-margin	revision=stage-a-v1-no-unvalidated-margin;window=0.00000000000000000;recovery=0.00000000000000000;socket=0.00000000000000000;host=1.00000000000000000;nic=1.00000000000000000;control=none;waves=none	conditional	expected_rtt_unknown,rtt_variance_unknown,effective_socket_buffer_unknown,host_pps_capacity_unknown,nic_capacity_unknown	3	5df908ee607fe40716a9857bed43d1e8-114	1200	126	6329706	3138878	1290231	659241	270.948	35.688	13997.3	18714.1	121520	30	3653935	3653935	70796	0	0	0	0	1000	94	0	0	250	0	0	0	0	0	0	0	0	0	0	0	0	0	0	0	250	0	0	0	0	0	0	0
tokio	plain	caller	shared-pool:4	per-connection	all	on	on	8	retain	16777216	33554432	33554432	33554432	33554432	3-5	off									3	tokio	tokio			1	3	0-2	3-5	1200	1200	1200	50	50	none	1000000	fixed:100000000	100000000		25	stage-a-v1-no-unvalidated-margin	revision=stage-a-v1-no-unvalidated-margin;window=0.00000000000000000;recovery=0.00000000000000000;socket=0.00000000000000000;host=1.00000000000000000;nic=1.00000000000000000;control=none;waves=none	conditional	expected_rtt_unknown,rtt_variance_unknown,effective_socket_buffer_unknown,host_pps_capacity_unknown	3	5df908ee607fe40716a9857bed43d1e8-115	1200	0	2919773	2919773	2277819	0	0.000	34.650	32133.2	59585.4	239812	30	5080544	5080544	153683	3419392	2919773	5615292	2783263	1000	94	94	411901	250	0	0	0	0	0	0	0	0	0	0	0	0	0	0	0	250	0	0	0	0	0	0	0
tokio	plain	listener	shared-pool:4	per-connection	all	on	on	8	retain	16777216	33554432	33554432	33554432	33554432	0-2	off									1	tokio	tokio			1	3	0-2	3-5	1200	1200	0	50	0	none	1000000	fixed:100000000	100000000		25	stage-a-v1-no-unvalidated-margin	revision=stage-a-v1-no-unvalidated-margin;window=0.00000000000000000;recovery=0.00000000000000000;socket=0.00000000000000000;host=1.00000000000000000;nic=1.00000000000000000;control=none;waves=none	conditional	expected_rtt_unknown,rtt_variance_unknown,effective_socket_buffer_unknown,host_pps_capacity_unknown,nic_capacity_unknown	3	5df908ee607fe40716a9857bed43d1e8-115	1200	1	2916165	2930275	1616824	51136	73.187	35.172	13455.1	19675.2	75448	30	5080544	5080544	166749	0	0	0	0	1000	94	0	0	250	0	0	0	0	0	0	0	0	5880227	192561	30.537	1048576	2097152	2710707	2710707	250	4	7050	28200	0	0	0	0
tokio	plain	caller	shared-pool:4	per-connection	all	on	on	8	retain	16777216	33554432	33554432	33554432	33554432	3-5	off									3	mio	tokio			2	3	0-2	3-5	1200	1200	1200	50	50	none	1000000	fixed:100000000	100000000		25	stage-a-v1-no-unvalidated-margin	revision=stage-a-v1-no-unvalidated-margin;window=0.00000000000000000;recovery=0.00000000000000000;socket=0.00000000000000000;host=1.00000000000000000;nic=1.00000000000000000;control=none;waves=none	conditional	expected_rtt_unknown,rtt_variance_unknown,effective_socket_buffer_unknown,host_pps_capacity_unknown	3	5df908ee607fe40716a9857bed43d1e8-116	1200	0	3418101	3418101	0	0	0.000	30.553	36082.8	54052.5	49012	30	0	0	2160	3419758	3418101	6013911	3134074	1000	94	13	0	250	0	0	0	0	0	0	0	0	0	0	0	0	0	0	0	250	0	0	0	0	0	0	0
mio	plain	listener	shared-pool:4	per-connection	all	on	on	8	retain	16777216	33554432	33554432	33554432	33554432	0-2	off									2	mio	tokio			2	3	0-2	3-5	1200	1200	0	50	0	none	1000000	fixed:100000000	100000000		25	stage-a-v1-no-unvalidated-margin	revision=stage-a-v1-no-unvalidated-margin;window=0.00000000000000000;recovery=0.00000000000000000;socket=0.00000000000000000;host=1.00000000000000000;nic=1.00000000000000000;control=none;waves=none	conditional	expected_rtt_unknown,rtt_variance_unknown,effective_socket_buffer_unknown,host_pps_capacity_unknown,nic_capacity_unknown	3	5df908ee607fe40716a9857bed43d1e8-116	1200	0	8037932	3418101	0	0	16.448	30.563	22938.7	37468.5	56168	30	0	0	2160	0	0	0	0	1000	94	0	0	250	0	0	0	0	0	0	0	0	0	0	0	0	0	0	0	250	0	0	0	0	0	0	0
tokio	plain	caller	shared-pool:4	per-connection	all	on	on	8	retain	16777216	33554432	33554432	33554432	33554432	3-5	off									3	tokio	tokio			2	3	0-2	3-5	1200	1200	1200	50	50	none	1000000	fixed:100000000	100000000		25	stage-a-v1-no-unvalidated-margin	revision=stage-a-v1-no-unvalidated-margin;window=0.00000000000000000;recovery=0.00000000000000000;socket=0.00000000000000000;host=1.00000000000000000;nic=1.00000000000000000;control=none;waves=none	conditional	expected_rtt_unknown,rtt_variance_unknown,effective_socket_buffer_unknown,host_pps_capacity_unknown	3	5df908ee607fe40716a9857bed43d1e8-117	1200	0	3418884	3418884	0	0	0.000	30.539	33627.3	56767.0	47828	30	0	0	5195	3419743	3418884	6406780	3252088	1000	94	17	0	250	0	0	0	0	0	0	0	0	0	0	0	0	0	0	0	250	0	0	0	0	0	0	0
tokio	plain	listener	shared-pool:4	per-connection	all	on	on	8	retain	16777216	33554432	33554432	33554432	33554432	0-2	off									2	tokio	tokio			2	3	0-2	3-5	1200	1200	0	50	0	none	1000000	fixed:100000000	100000000		25	stage-a-v1-no-unvalidated-margin	revision=stage-a-v1-no-unvalidated-margin;window=0.00000000000000000;recovery=0.00000000000000000;socket=0.00000000000000000;host=1.00000000000000000;nic=1.00000000000000000;control=none;waves=none	conditional	expected_rtt_unknown,rtt_variance_unknown,effective_socket_buffer_unknown,host_pps_capacity_unknown,nic_capacity_unknown	3	5df908ee607fe40716a9857bed43d1e8-117	1200	0	3418884	3418884	0	0	23.827	30.545	23137.6	37161.2	45972	30	0	0	5195	0	0	0	0	1000	94	0	0	250	0	0	0	0	0	0	0	0	8337198	272142	30.635	131072	524288	524288	659764	250	4	7050	28200	0	0	0	0
tokio	plain	caller	shared-pool:4	per-connection	all	on	on	8	retain	16777216	33554432	33554432	33554432	33554432	3-5	off									3	mio	tokio			3	3	0-2	3-5	1200	1200	1200	50	50	none	1000000	fixed:100000000	100000000		25	stage-a-v1-no-unvalidated-margin	revision=stage-a-v1-no-unvalidated-margin;window=0.00000000000000000;recovery=0.00000000000000000;socket=0.00000000000000000;host=1.00000000000000000;nic=1.00000000000000000;control=none;waves=none	conditional	expected_rtt_unknown,rtt_variance_unknown,effective_socket_buffer_unknown,host_pps_capacity_unknown	3	5df908ee607fe40716a9857bed43d1e8-118	1200	0	3095171	3095171	0	0	0.000	30.568	29682.7	60178.2	39252	30	0	0	2057	3419703	3095171	6161979	3083185	1000	94	94	239988	250	0	0	0	0	0	0	0	0	0	0	0	0	0	0	0	250	0	0	0	0	0	0	0
mio	plain	listener	shared-pool:4	per-connection	all	on	on	8	retain	16777216	33554432	33554432	33554432	33554432	0-2	off									3	mio	tokio			3	3	0-2	3-5	1200	1200	0	50	0	none	1000000	fixed:100000000	100000000		25	stage-a-v1-no-unvalidated-margin	revision=stage-a-v1-no-unvalidated-margin;window=0.00000000000000000;recovery=0.00000000000000000;socket=0.00000000000000000;host=1.00000000000000000;nic=1.00000000000000000;control=none;waves=none	conditional	expected_rtt_unknown,rtt_variance_unknown,effective_socket_buffer_unknown,host_pps_capacity_unknown,nic_capacity_unknown	3	5df908ee607fe40716a9857bed43d1e8-118	1200	0	8644653	3095171	0	0	13.122	30.575	28317.3	48097.1	46612	30	0	0	2057	0	0	0	0	1000	94	0	0	250	0	0	0	0	0	0	0	0	0	0	0	0	0	0	0	250	0	0	0	0	0	0	0
tokio	plain	caller	shared-pool:4	per-connection	all	on	on	8	retain	16777216	33554432	33554432	33554432	33554432	3-5	off									3	tokio	tokio			3	3	0-2	3-5	1200	1200	1200	50	50	none	1000000	fixed:100000000	100000000		25	stage-a-v1-no-unvalidated-margin	revision=stage-a-v1-no-unvalidated-margin;window=0.00000000000000000;recovery=0.00000000000000000;socket=0.00000000000000000;host=1.00000000000000000;nic=1.00000000000000000;control=none;waves=none	conditional	expected_rtt_unknown,rtt_variance_unknown,effective_socket_buffer_unknown,host_pps_capacity_unknown	3	5df908ee607fe40716a9857bed43d1e8-119	1200	0	2950316	2950316	0	0	0.000	30.532	29037.1	60700.4	43776	30	0	0	2670	3419778	2950316	5872939	2938819	1000	94	94	382398	250	0	0	0	0	0	0	0	0	0	0	0	0	0	0	0	250	0	0	0	0	0	0	0
tokio	plain	listener	shared-pool:4	per-connection	all	on	on	8	retain	16777216	33554432	33554432	33554432	33554432	0-2	off									3	tokio	tokio			3	3	0-2	3-5	1200	1200	0	50	0	none	1000000	fixed:100000000	100000000		25	stage-a-v1-no-unvalidated-margin	revision=stage-a-v1-no-unvalidated-margin;window=0.00000000000000000;recovery=0.00000000000000000;socket=0.00000000000000000;host=1.00000000000000000;nic=1.00000000000000000;control=none;waves=none	conditional	expected_rtt_unknown,rtt_variance_unknown,effective_socket_buffer_unknown,host_pps_capacity_unknown,nic_capacity_unknown	3	5df908ee607fe40716a9857bed43d1e8-119	1200	0	2950316	2950316	0	0	12.453	30.541	31353.0	45192.6	43856	30	0	0	2670	0	0	0	0	1000	94	0	0	250	0	0	0	0	0	0	0	0	8551094	648067	13.195	16384	131072	262144	424071	250	4	7050	28200	0	0	0	0
mio	plain	listener	shared-pool:4	per-connection	all	on	on	8	retain	16777216	33554432	33554432	33554432	33554432	0-2	off									1	mio	tokio			1	3	0-2	3-5	30	30	0	50	0	none	8000000	fixed:100000000	100000000		25	stage-a-v1-no-unvalidated-margin	revision=stage-a-v1-no-unvalidated-margin;window=0.00000000000000000;recovery=0.00000000000000000;socket=0.00000000000000000;host=1.00000000000000000;nic=1.00000000000000000;control=none;waves=none	conditional	expected_rtt_unknown,rtt_variance_unknown,effective_socket_buffer_unknown,host_pps_capacity_unknown,nic_capacity_unknown	3	5df908ee607fe40716a9857bed43d1e8-120	30	0	868898	683884	0	0	0.584	30.006	4567.3	5295.9	9472	30	0	0	11	0	0	0	0	1000	759	0	0	250	0	0	0	0	0	0	0	0	0	0	0	0	0	0	0	250	0	0	0	0	0	0	0
tokio	plain	caller	shared-pool:4	per-connection	all	on	on	8	retain	16777216	33554432	33554432	33554432	33554432	3-5	off									3	mio	tokio			1	3	0-2	3-5	30	30	30	50	30	none	8000000	fixed:100000000	100000000		25	stage-a-v1-no-unvalidated-margin	revision=stage-a-v1-no-unvalidated-margin;window=0.00000000000000000;recovery=0.00000000000000000;socket=0.00000000000000000;host=1.00000000000000000;nic=1.00000000000000000;control=none;waves=none	conditional	expected_rtt_unknown,rtt_variance_unknown,effective_socket_buffer_unknown,host_pps_capacity_unknown	3	5df908ee607fe40716a9857bed43d1e8-120	30	0	683884	683884	0	0	0.000	30.004	9287.2	10744.0	6784	30	0	0	11	683906	683884	789494	462834	1000	759	25	0	250	0	0	0	0	0	0	0	0	0	0	0	0	0	0	0	250	0	0	0	0	0	0	0
tokio	plain	listener	shared-pool:4	per-connection	all	on	on	8	retain	16777216	33554432	33554432	33554432	33554432	0-2	off									1	tokio	tokio			1	3	0-2	3-5	30	30	0	50	0	none	8000000	fixed:100000000	100000000		25	stage-a-v1-no-unvalidated-margin	revision=stage-a-v1-no-unvalidated-margin;window=0.00000000000000000;recovery=0.00000000000000000;socket=0.00000000000000000;host=1.00000000000000000;nic=1.00000000000000000;control=none;waves=none	conditional	expected_rtt_unknown,rtt_variance_unknown,effective_socket_buffer_unknown,host_pps_capacity_unknown,nic_capacity_unknown	3	5df908ee607fe40716a9857bed43d1e8-121	30	0	683872	683872	0	0	0.327	30.007	9564.7	5760.0	11264	30	0	0	2	0	0	0	0	1000	759	0	0	250	0	0	0	0	0	0	0	0	885863	313506	2.826	1024	2048	4096	43415	250	4	1518	6072	0	0	0	0
tokio	plain	caller	shared-pool:4	per-connection	all	on	on	8	retain	16777216	33554432	33554432	33554432	33554432	3-5	off									3	tokio	tokio			1	3	0-2	3-5	30	30	30	50	30	none	8000000	fixed:100000000	100000000		25	stage-a-v1-no-unvalidated-margin	revision=stage-a-v1-no-unvalidated-margin;window=0.00000000000000000;recovery=0.00000000000000000;socket=0.00000000000000000;host=1.00000000000000000;nic=1.00000000000000000;control=none;waves=none	conditional	expected_rtt_unknown,rtt_variance_unknown,effective_socket_buffer_unknown,host_pps_capacity_unknown	3	5df908ee607fe40716a9857bed43d1e8-121	30	0	683872	683872	0	0	0.000	30.004	17076.6	10667.2	6400	30	0	0	2	683899	683872	711034	400724	1000	759	33	0	250	0	0	0	0	0	0	0	0	0	0	0	0	0	0	0	250	0	0	0	0	0	0	0
tokio	plain	caller	shared-pool:4	per-connection	all	on	on	8	retain	16777216	33554432	33554432	33554432	33554432	3-5	off									3	mio	tokio			2	3	0-2	3-5	30	30	30	50	30	none	8000000	fixed:100000000	100000000		25	stage-a-v1-no-unvalidated-margin	revision=stage-a-v1-no-unvalidated-margin;window=0.00000000000000000;recovery=0.00000000000000000;socket=0.00000000000000000;host=1.00000000000000000;nic=1.00000000000000000;control=none;waves=none	conditional	expected_rtt_unknown,rtt_variance_unknown,effective_socket_buffer_unknown,host_pps_capacity_unknown	3	5df908ee607fe40716a9857bed43d1e8-122	30	0	683882	683882	0	0	0.000	30.003	8960.9	12647.5	6656	30	0	0	17	683907	683882	827989	471989	1000	759	46	0	250	0	0	0	0	0	0	0	0	0	0	0	0	0	0	0	250	0	0	0	0	0	0	0
mio	plain	listener	shared-pool:4	per-connection	all	on	on	8	retain	16777216	33554432	33554432	33554432	33554432	0-2	off									2	mio	tokio			2	3	0-2	3-5	30	30	0	50	0	none	8000000	fixed:100000000	100000000		25	stage-a-v1-no-unvalidated-margin	revision=stage-a-v1-no-unvalidated-margin;window=0.00000000000000000;recovery=0.00000000000000000;socket=0.00000000000000000;host=1.00000000000000000;nic=1.00000000000000000;control=none;waves=none	conditional	expected_rtt_unknown,rtt_variance_unknown,effective_socket_buffer_unknown,host_pps_capacity_unknown,nic_capacity_unknown	3	5df908ee607fe40716a9857bed43d1e8-122	30	0	876070	683882	0	0	0.326	30.006	5631.3	7312.4	9728	30	0	0	17	0	0	0	0	1000	759	0	0	250	0	0	0	0	0	0	0	0	0	0	0	0	0	0	0	250	0	0	0	0	0	0	0
tokio	plain	caller	shared-pool:4	per-connection	all	on	on	8	retain	16777216	33554432	33554432	33554432	33554432	3-5	off									3	tokio	tokio			2	3	0-2	3-5	30	30	30	50	30	none	8000000	fixed:100000000	100000000		25	stage-a-v1-no-unvalidated-margin	revision=stage-a-v1-no-unvalidated-margin;window=0.00000000000000000;recovery=0.00000000000000000;socket=0.00000000000000000;host=1.00000000000000000;nic=1.00000000000000000;control=none;waves=none	conditional	expected_rtt_unknown,rtt_variance_unknown,effective_socket_buffer_unknown,host_pps_capacity_unknown	3	5df908ee607fe40716a9857bed43d1e8-123	30	0	683319	683319	0	0	0.000	30.004	11747.4	13103.0	6272	30	0	0	2	683896	683319	914827	497864	1000	759	163	0	250	0	0	0	0	0	0	0	0	0	0	0	0	0	0	0	250	0	0	0	0	0	0	0
tokio	plain	listener	shared-pool:4	per-connection	all	on	on	8	retain	16777216	33554432	33554432	33554432	33554432	0-2	off									2	tokio	tokio			2	3	0-2	3-5	30	30	0	50	0	none	8000000	fixed:100000000	100000000		25	stage-a-v1-no-unvalidated-margin	revision=stage-a-v1-no-unvalidated-margin;window=0.00000000000000000;recovery=0.00000000000000000;socket=0.00000000000000000;host=1.00000000000000000;nic=1.00000000000000000;control=none;waves=none	conditional	expected_rtt_unknown,rtt_variance_unknown,effective_socket_buffer_unknown,host_pps_capacity_unknown,nic_capacity_unknown	3	5df908ee607fe40716a9857bed43d1e8-123	30	0	683319	683319	0	0	0.800	30.007	11312.5	8166.0	11264	30	0	0	2	0	0	0	0	1000	759	0	0	250	0	0	0	0	0	0	0	0	884577	331601	2.668	1024	2048	4096	54696	250	4	1518	6072	0	0	0	0
tokio	plain	caller	shared-pool:4	per-connection	all	on	on	8	retain	16777216	33554432	33554432	33554432	33554432	3-5	off									3	mio	tokio			3	3	0-2	3-5	30	30	30	50	30	none	8000000	fixed:100000000	100000000		25	stage-a-v1-no-unvalidated-margin	revision=stage-a-v1-no-unvalidated-margin;window=0.00000000000000000;recovery=0.00000000000000000;socket=0.00000000000000000;host=1.00000000000000000;nic=1.00000000000000000;control=none;waves=none	conditional	expected_rtt_unknown,rtt_variance_unknown,effective_socket_buffer_unknown,host_pps_capacity_unknown	3	5df908ee607fe40716a9857bed43d1e8-124	30	0	683871	683871	0	0	0.000	30.004	10762.9	14916.4	6464	30	0	0	11	683895	683871	879424	484349	1000	759	55	0	250	0	0	0	0	0	0	0	0	0	0	0	0	0	0	0	250	0	0	0	0	0	0	0
mio	plain	listener	shared-pool:4	per-connection	all	on	on	8	retain	16777216	33554432	33554432	33554432	33554432	0-2	off									3	mio	tokio			3	3	0-2	3-5	30	30	0	50	0	none	8000000	fixed:100000000	100000000		25	stage-a-v1-no-unvalidated-margin	revision=stage-a-v1-no-unvalidated-margin;window=0.00000000000000000;recovery=0.00000000000000000;socket=0.00000000000000000;host=1.00000000000000000;nic=1.00000000000000000;control=none;waves=none	conditional	expected_rtt_unknown,rtt_variance_unknown,effective_socket_buffer_unknown,host_pps_capacity_unknown,nic_capacity_unknown	3	5df908ee607fe40716a9857bed43d1e8-124	30	0	877463	683871	0	0	0.305	30.009	6308.1	9672.8	9728	30	0	0	11	0	0	0	0	1000	759	0	0	250	0	0	0	0	0	0	0	0	0	0	0	0	0	0	0	250	0	0	0	0	0	0	0
tokio	plain	caller	shared-pool:4	per-connection	all	on	on	8	retain	16777216	33554432	33554432	33554432	33554432	3-5	off									3	tokio	tokio			3	3	0-2	3-5	30	30	30	50	30	none	8000000	fixed:100000000	100000000		25	stage-a-v1-no-unvalidated-margin	revision=stage-a-v1-no-unvalidated-margin;window=0.00000000000000000;recovery=0.00000000000000000;socket=0.00000000000000000;host=1.00000000000000000;nic=1.00000000000000000;control=none;waves=none	conditional	expected_rtt_unknown,rtt_variance_unknown,effective_socket_buffer_unknown,host_pps_capacity_unknown	3	5df908ee607fe40716a9857bed43d1e8-125	30	0	676898	676898	0	0	0.000	30.009	9457.9	15174.4	6528	30	0	0	26	683853	676898	931821	505632	1000	759	279	0	250	0	0	0	0	0	0	0	0	0	0	0	0	0	0	0	250	0	0	0	0	0	0	0
tokio	plain	listener	shared-pool:4	per-connection	all	on	on	8	retain	16777216	33554432	33554432	33554432	33554432	0-2	off									3	tokio	tokio			3	3	0-2	3-5	30	30	0	50	0	none	8000000	fixed:100000000	100000000		25	stage-a-v1-no-unvalidated-margin	revision=stage-a-v1-no-unvalidated-margin;window=0.00000000000000000;recovery=0.00000000000000000;socket=0.00000000000000000;host=1.00000000000000000;nic=1.00000000000000000;control=none;waves=none	conditional	expected_rtt_unknown,rtt_variance_unknown,effective_socket_buffer_unknown,host_pps_capacity_unknown,nic_capacity_unknown	3	5df908ee607fe40716a9857bed43d1e8-125	30	0	676898	676898	0	0	0.991	30.013	11852.7	9533.6	11944	30	0	0	26	0	0	0	0	1000	759	0	0	250	0	0	0	0	0	0	0	0	876732	320112	2.739	1024	2048	4096	116699	250	4	1518	6072	0	0	0	0
tokio	plain	caller	shared-pool:4	per-connection	all	on	on	8	retain	16777216	33554432	33554432	33554432	33554432	3-5	off									3	mio	tokio			1	3	0-2	3-5	200	200	200	50	50	none	8000000	fixed:100000000	100000000		25	stage-a-v1-no-unvalidated-margin	revision=stage-a-v1-no-unvalidated-margin;window=0.00000000000000000;recovery=0.00000000000000000;socket=0.00000000000000000;host=1.00000000000000000;nic=1.00000000000000000;control=none;waves=none	conditional	expected_rtt_unknown,rtt_variance_unknown,effective_socket_buffer_unknown,host_pps_capacity_unknown	3	5df908ee607fe40716a9857bed43d1e8-126	200	0	3878246	3878246	0	0	0.000	30.097	24788.6	38011.8	19888	30	0	0	276	4559236	3878246	7750644	3878023	1000	759	759	529730	250	0	0	0	0	0	0	0	0	0	0	0	0	0	0	0	250	0	0	0	0	0	0	0
mio	plain	listener	shared-pool:4	per-connection	all	on	on	8	retain	16777216	33554432	33554432	33554432	33554432	0-2	off									1	mio	tokio			1	3	0-2	3-5	200	200	0	50	0	none	8000000	fixed:100000000	100000000		25	stage-a-v1-no-unvalidated-margin	revision=stage-a-v1-no-unvalidated-margin;window=0.00000000000000000;recovery=0.00000000000000000;socket=0.00000000000000000;host=1.00000000000000000;nic=1.00000000000000000;control=none;waves=none	conditional	expected_rtt_unknown,rtt_variance_unknown,effective_socket_buffer_unknown,host_pps_capacity_unknown,nic_capacity_unknown	3	5df908ee607fe40716a9857bed43d1e8-126	200	0	5009475	3878246	0	0	7.088	30.107	15593.1	14402.2	36292	30	0	0	276	0	0	0	0	1000	759	0	0	250	0	0	0	0	0	0	0	0	0	0	0	0	0	0	0	250	0	0	0	0	0	0	0
tokio	plain	caller	shared-pool:4	per-connection	all	on	on	8	retain	16777216	33554432	33554432	33554432	33554432	3-5	off									3	tokio	tokio			1	3	0-2	3-5	200	200	200	50	50	none	8000000	fixed:100000000	100000000		25	stage-a-v1-no-unvalidated-margin	revision=stage-a-v1-no-unvalidated-margin;window=0.00000000000000000;recovery=0.00000000000000000;socket=0.00000000000000000;host=1.00000000000000000;nic=1.00000000000000000;control=none;waves=none	conditional	expected_rtt_unknown,rtt_variance_unknown,effective_socket_buffer_unknown,host_pps_capacity_unknown	3	5df908ee607fe40716a9857bed43d1e8-127	200	0	4507736	4507736	0	0	0.000	30.032	25714.3	37471.8	20656	30	0	0	238	4559250	4507736	9007003	4501054	1000	759	386	0	250	0	0	0	0	0	0	0	0	0	0	0	0	0	0	0	250	0	0	0	0	0	0	0
tokio	plain	listener	shared-pool:4	per-connection	all	on	on	8	retain	16777216	33554432	33554432	33554432	33554432	0-2	off									1	tokio	tokio			1	3	0-2	3-5	200	200	0	50	0	none	8000000	fixed:100000000	100000000		25	stage-a-v1-no-unvalidated-margin	revision=stage-a-v1-no-unvalidated-margin;window=0.00000000000000000;recovery=0.00000000000000000;socket=0.00000000000000000;host=1.00000000000000000;nic=1.00000000000000000;control=none;waves=none	conditional	expected_rtt_unknown,rtt_variance_unknown,effective_socket_buffer_unknown,host_pps_capacity_unknown,nic_capacity_unknown	3	5df908ee607fe40716a9857bed43d1e8-127	200	0	4507736	4507736	0	0	3.069	30.044	16611.7	13418.7	37948	30	0	0	351	0	0	0	0	1000	759	0	0	250	0	0	0	0	0	0	0	0	5612152	197740	28.381	16384	32768	65536	108259	250	4	9487	37948	0	0	0	0
tokio	plain	caller	shared-pool:4	per-connection	all	on	on	8	retain	16777216	33554432	33554432	33554432	33554432	3-5	off									3	mio	tokio			2	3	0-2	3-5	200	200	200	50	50	none	8000000	fixed:100000000	100000000		25	stage-a-v1-no-unvalidated-margin	revision=stage-a-v1-no-unvalidated-margin;window=0.00000000000000000;recovery=0.00000000000000000;socket=0.00000000000000000;host=1.00000000000000000;nic=1.00000000000000000;control=none;waves=none	conditional	expected_rtt_unknown,rtt_variance_unknown,effective_socket_buffer_unknown,host_pps_capacity_unknown	3	5df908ee607fe40716a9857bed43d1e8-128	200	0	4393381	4393381	0	0	0.000	30.028	24384.8	40227.2	12548	30	0	0	110	4559253	4393381	8789472	4393027	1000	759	759	30154	250	0	0	0	0	0	0	0	0	0	0	0	0	0	0	0	250	0	0	0	0	0	0	0
mio	plain	listener	shared-pool:4	per-connection	all	on	on	8	retain	16777216	33554432	33554432	33554432	33554432	0-2	off									2	mio	tokio			2	3	0-2	3-5	200	200	0	50	0	none	8000000	fixed:100000000	100000000		25	stage-a-v1-no-unvalidated-margin	revision=stage-a-v1-no-unvalidated-margin;window=0.00000000000000000;recovery=0.00000000000000000;socket=0.00000000000000000;host=1.00000000000000000;nic=1.00000000000000000;control=none;waves=none	conditional	expected_rtt_unknown,rtt_variance_unknown,effective_socket_buffer_unknown,host_pps_capacity_unknown,nic_capacity_unknown	3	5df908ee607fe40716a9857bed43d1e8-128	200	0	5595707	4393381	0	0	1.680	30.036	26431.2	20226.7	35652	30	0	0	110	0	0	0	0	1000	759	0	0	250	0	0	0	0	0	0	0	0	0	0	0	0	0	0	0	250	0	0	0	0	0	0	0
tokio	plain	caller	shared-pool:4	per-connection	all	on	on	8	retain	16777216	33554432	33554432	33554432	33554432	3-5	off									3	tokio	tokio			2	3	0-2	3-5	200	200	200	50	50	none	8000000	fixed:100000000	100000000		25	stage-a-v1-no-unvalidated-margin	revision=stage-a-v1-no-unvalidated-margin;window=0.00000000000000000;recovery=0.00000000000000000;socket=0.00000000000000000;host=1.00000000000000000;nic=1.00000000000000000;control=none;waves=none	conditional	expected_rtt_unknown,rtt_variance_unknown,effective_socket_buffer_unknown,host_pps_capacity_unknown	3	5df908ee607fe40716a9857bed43d1e8-129	200	0	4384181	4384181	0	0	0.000	30.039	24954.3	39646.5	12968	30	0	0	84	4559202	4384181	8749519	4375116	1000	759	759	23591	250	0	0	0	0	0	0	0	0	0	0	0	0	0	0	0	250	0	0	0	0	0	0	0
tokio	plain	listener	shared-pool:4	per-connection	all	on	on	8	retain	16777216	33554432	33554432	33554432	33554432	0-2	off									2	tokio	tokio			2	3	0-2	3-5	200	200	0	50	0	none	8000000	fixed:100000000	100000000		25	stage-a-v1-no-unvalidated-margin	revision=stage-a-v1-no-unvalidated-margin;window=0.00000000000000000;recovery=0.00000000000000000;socket=0.00000000000000000;host=1.00000000000000000;nic=1.00000000000000000;control=none;waves=none	conditional	expected_rtt_unknown,rtt_variance_unknown,effective_socket_buffer_unknown,host_pps_capacity_unknown,nic_capacity_unknown	3	5df908ee607fe40716a9857bed43d1e8-129	200	0	4384181	4384181	0	0	2.262	30.050	31314.4	19010.8	37188	30	0	0	84	0	0	0	0	1000	759	0	0	250	0	0	0	0	0	0	0	0	5662734	755889	7.491	1024	4096	16384	71046	250	4	9487	37948	0	0	0	0
tokio	plain	caller	shared-pool:4	per-connection	all	on	on	8	retain	16777216	33554432	33554432	33554432	33554432	3-5	off									3	mio	tokio			3	3	0-2	3-5	200	200	200	50	50	none	8000000	fixed:100000000	100000000		25	stage-a-v1-no-unvalidated-margin	revision=stage-a-v1-no-unvalidated-margin;window=0.00000000000000000;recovery=0.00000000000000000;socket=0.00000000000000000;host=1.00000000000000000;nic=1.00000000000000000;control=none;waves=none	conditional	expected_rtt_unknown,rtt_variance_unknown,effective_socket_buffer_unknown,host_pps_capacity_unknown	3	5df908ee607fe40716a9857bed43d1e8-130	200	0	4209403	4209403	0	0	0.000	30.038	24645.7	42283.8	13932	30	0	0	48	4559243	4209403	8414230	4208893	1000	759	759	199262	250	0	0	0	0	0	0	0	0	0	0	0	0	0	0	0	250	0	0	0	0	0	0	0
mio	plain	listener	shared-pool:4	per-connection	all	on	on	8	retain	16777216	33554432	33554432	33554432	33554432	0-2	off									3	mio	tokio			3	3	0-2	3-5	200	200	0	50	0	none	8000000	fixed:100000000	100000000		25	stage-a-v1-no-unvalidated-margin	revision=stage-a-v1-no-unvalidated-margin;window=0.00000000000000000;recovery=0.00000000000000000;socket=0.00000000000000000;host=1.00000000000000000;nic=1.00000000000000000;control=none;waves=none	conditional	expected_rtt_unknown,rtt_variance_unknown,effective_socket_buffer_unknown,host_pps_capacity_unknown,nic_capacity_unknown	3	5df908ee607fe40716a9857bed43d1e8-130	200	0	5417924	4209403	0	0	1.388	30.043	28146.8	24390.8	35328	30	0	0	48	0	0	0	0	1000	759	0	0	250	0	0	0	0	0	0	0	0	0	0	0	0	0	0	0	250	0	0	0	0	0	0	0
tokio	plain	caller	shared-pool:4	per-connection	all	on	on	8	retain	16777216	33554432	33554432	33554432	33554432	3-5	off									3	tokio	tokio			3	3	0-2	3-5	200	200	200	50	50	none	8000000	fixed:100000000	100000000		25	stage-a-v1-no-unvalidated-margin	revision=stage-a-v1-no-unvalidated-margin;window=0.00000000000000000;recovery=0.00000000000000000;socket=0.00000000000000000;host=1.00000000000000000;nic=1.00000000000000000;control=none;waves=none	conditional	expected_rtt_unknown,rtt_variance_unknown,effective_socket_buffer_unknown,host_pps_capacity_unknown	3	5df908ee607fe40716a9857bed43d1e8-131	200	0	4116572	4116572	0	0	0.000	30.027	24451.9	41465.4	13148	30	0	0	37	4559260	4116572	8221828	4113042	1000	759	759	291242	250	0	0	0	0	0	0	0	0	0	0	0	0	0	0	0	250	0	0	0	0	0	0	0
tokio	plain	listener	shared-pool:4	per-connection	all	on	on	8	retain	16777216	33554432	33554432	33554432	33554432	0-2	off									3	tokio	tokio			3	3	0-2	3-5	200	200	0	50	0	none	8000000	fixed:100000000	100000000		25	stage-a-v1-no-unvalidated-margin	revision=stage-a-v1-no-unvalidated-margin;window=0.00000000000000000;recovery=0.00000000000000000;socket=0.00000000000000000;host=1.00000000000000000;nic=1.00000000000000000;control=none;waves=none	conditional	expected_rtt_unknown,rtt_variance_unknown,effective_socket_buffer_unknown,host_pps_capacity_unknown,nic_capacity_unknown	3	5df908ee607fe40716a9857bed43d1e8-131	200	0	4116572	4116572	0	0	1.400	30.034	35556.5	22070.5	36352	30	0	0	37	0	0	0	0	1000	759	0	0	250	0	0	0	0	0	0	0	0	5366493	888260	6.042	1024	4096	16384	104894	250	4	9487	37948	0	0	0	0
tokio	plain	caller	shared-pool:4	per-connection	all	on	on	8	retain	16777216	33554432	33554432	33554432	33554432	3-5	off									3	mio	tokio			1	3	0-2	3-5	600	600	600	50	50	none	8000000	fixed:100000000	100000000		25	stage-a-v1-no-unvalidated-margin	revision=stage-a-v1-no-unvalidated-margin;window=0.00000000000000000;recovery=0.00000000000000000;socket=0.00000000000000000;host=1.00000000000000000;nic=1.00000000000000000;control=none;waves=none	conditional	expected_rtt_unknown,rtt_variance_unknown,effective_socket_buffer_unknown,host_pps_capacity_unknown	3	5df908ee607fe40716a9857bed43d1e8-132	600	0	4512416	4512416	2674020	0	0.000	31.387	37106.0	53739.8	200100	30	2678601	2678601	27127	13674458	4512416	9090354	4511908	1000	759	759	8708463	250	0	0	0	0	0	0	0	0	0	0	0	0	0	0	0	250	0	0	0	0	0	0	0
mio	plain	listener	shared-pool:4	per-connection	all	on	on	8	retain	16777216	33554432	33554432	33554432	33554432	0-2	off									1	mio	tokio			1	3	0-2	3-5	600	600	0	50	0	none	8000000	fixed:100000000	100000000		25	stage-a-v1-no-unvalidated-margin	revision=stage-a-v1-no-unvalidated-margin;window=0.00000000000000000;recovery=0.00000000000000000;socket=0.00000000000000000;host=1.00000000000000000;nic=1.00000000000000000;control=none;waves=none	conditional	expected_rtt_unknown,rtt_variance_unknown,effective_socket_buffer_unknown,host_pps_capacity_unknown,nic_capacity_unknown	3	5df908ee607fe40716a9857bed43d1e8-132	600	178	6913141	4459341	1229678	761970	250.351	35.413	14409.7	17156.5	133280	30	2678601	2678601	82213	0	0	0	0	1000	759	0	0	250	0	0	0	0	0	0	0	0	0	0	0	0	0	0	0	250	0	0	0	0	0	0	0
tokio	plain	caller	shared-pool:4	per-connection	all	on	on	8	retain	16777216	33554432	33554432	33554432	33554432	3-5	off									3	tokio	tokio			1	3	0-2	3-5	600	600	600	50	50	none	8000000	fixed:100000000	100000000		25	stage-a-v1-no-unvalidated-margin	revision=stage-a-v1-no-unvalidated-margin;window=0.00000000000000000;recovery=0.00000000000000000;socket=0.00000000000000000;host=1.00000000000000000;nic=1.00000000000000000;control=none;waves=none	conditional	expected_rtt_unknown,rtt_variance_unknown,effective_socket_buffer_unknown,host_pps_capacity_unknown	3	5df908ee607fe40716a9857bed43d1e8-133	600	0	4217895	4217895	2867491	0	0.000	30.539	35416.1	55220.3	234268	30	2238878	2238878	14587	13677400	4217895	8512931	4217070	1000	759	759	9005114	250	0	0	0	0	0	0	0	0	0	0	0	0	0	0	0	250	0	0	0	0	0	0	0
tokio	plain	listener	shared-pool:4	per-connection	all	on	on	8	retain	16777216	33554432	33554432	33554432	33554432	0-2	off									1	tokio	tokio			1	3	0-2	3-5	600	600	0	50	0	none	8000000	fixed:100000000	100000000		25	stage-a-v1-no-unvalidated-margin	revision=stage-a-v1-no-unvalidated-margin;window=0.00000000000000000;recovery=0.00000000000000000;socket=0.00000000000000000;host=1.00000000000000000;nic=1.00000000000000000;control=none;waves=none	conditional	expected_rtt_unknown,rtt_variance_unknown,effective_socket_buffer_unknown,host_pps_capacity_unknown,nic_capacity_unknown	3	5df908ee607fe40716a9857bed43d1e8-133	600	0	4199131	4201912	1439684	1252765	114.368	31.057	12407.1	18123.7	45920	30	2238878	2238878	21794	0	0	0	0	1000	759	0	0	250	0	0	0	0	0	0	0	0	6881866	216466	31.792	1048576	1896816	1896816	1896816	250	4	28462	113848	0	0	0	0
tokio	plain	caller	shared-pool:4	per-connection	all	on	on	8	retain	16777216	33554432	33554432	33554432	33554432	3-5	off									3	mio	tokio			2	3	0-2	3-5	600	600	600	50	50	none	8000000	fixed:100000000	100000000		25	stage-a-v1-no-unvalidated-margin	revision=stage-a-v1-no-unvalidated-margin;window=0.00000000000000000;recovery=0.00000000000000000;socket=0.00000000000000000;host=1.00000000000000000;nic=1.00000000000000000;control=none;waves=none	conditional	expected_rtt_unknown,rtt_variance_unknown,effective_socket_buffer_unknown,host_pps_capacity_unknown	3	5df908ee607fe40716a9857bed43d1e8-134	600	0	5156304	5156304	0	0	0.000	30.142	34191.6	55865.8	31224	30	0	0	628	13677603	5156304	10308624	5155957	1000	759	759	8066876	250	0	0	0	0	0	0	0	0	0	0	0	0	0	0	0	250	0	0	0	0	0	0	0
mio	plain	listener	shared-pool:4	per-connection	all	on	on	8	retain	16777216	33554432	33554432	33554432	33554432	0-2	off									2	mio	tokio			2	3	0-2	3-5	600	600	0	50	0	none	8000000	fixed:100000000	100000000		25	stage-a-v1-no-unvalidated-margin	revision=stage-a-v1-no-unvalidated-margin;window=0.00000000000000000;recovery=0.00000000000000000;socket=0.00000000000000000;host=1.00000000000000000;nic=1.00000000000000000;control=none;waves=none	conditional	expected_rtt_unknown,rtt_variance_unknown,effective_socket_buffer_unknown,host_pps_capacity_unknown,nic_capacity_unknown	3	5df908ee607fe40716a9857bed43d1e8-134	600	0	8391580	5156304	0	0	6.818	30.150	28372.7	31079.1	53672	30	0	0	628	0	0	0	0	1000	759	0	0	250	0	0	0	0	0	0	0	0	0	0	0	0	0	0	0	250	0	0	0	0	0	0	0
tokio	plain	caller	shared-pool:4	per-connection	all	on	on	8	retain	16777216	33554432	33554432	33554432	33554432	3-5	off									3	tokio	tokio			2	3	0-2	3-5	600	600	600	50	50	none	8000000	fixed:100000000	100000000		25	stage-a-v1-no-unvalidated-margin	revision=stage-a-v1-no-unvalidated-margin;window=0.00000000000000000;recovery=0.00000000000000000;socket=0.00000000000000000;host=1.00000000000000000;nic=1.00000000000000000;control=none;waves=none	conditional	expected_rtt_unknown,rtt_variance_unknown,effective_socket_buffer_unknown,host_pps_capacity_unknown	3	5df908ee607fe40716a9857bed43d1e8-135	600	0	5003878	5003878	2410	0	0.000	30.151	34219.1	55714.6	43096	30	3634	3634	511	13677516	5003878	10003216	5003246	1000	759	759	8219129	250	0	0	0	0	0	0	0	0	0	0	0	0	0	0	0	250	0	0	0	0	0	0	0
tokio	plain	listener	shared-pool:4	per-connection	all	on	on	8	retain	16777216	33554432	33554432	33554432	33554432	0-2	off									2	tokio	tokio			2	3	0-2	3-5	600	600	0	50	0	none	8000000	fixed:100000000	100000000		25	stage-a-v1-no-unvalidated-margin	revision=stage-a-v1-no-unvalidated-margin;window=0.00000000000000000;recovery=0.00000000000000000;socket=0.00000000000000000;host=1.00000000000000000;nic=1.00000000000000000;control=none;waves=none	conditional	expected_rtt_unknown,rtt_variance_unknown,effective_socket_buffer_unknown,host_pps_capacity_unknown,nic_capacity_unknown	3	5df908ee607fe40716a9857bed43d1e8-135	600	0	5003878	5003878	2410	0	5.556	30.157	29904.6	29854.3	48448	30	3634	3634	511	0	0	0	0	1000	759	0	0	250	0	0	0	0	0	0	0	0	8294225	303368	27.340	16384	131072	262144	415913	250	4	28462	113848	0	0	0	0
tokio	plain	caller	shared-pool:4	per-connection	all	on	on	8	retain	16777216	33554432	33554432	33554432	33554432	3-5	off									3	mio	tokio			3	3	0-2	3-5	600	600	600	50	50	none	8000000	fixed:100000000	100000000		25	stage-a-v1-no-unvalidated-margin	revision=stage-a-v1-no-unvalidated-margin;window=0.00000000000000000;recovery=0.00000000000000000;socket=0.00000000000000000;host=1.00000000000000000;nic=1.00000000000000000;control=none;waves=none	conditional	expected_rtt_unknown,rtt_variance_unknown,effective_socket_buffer_unknown,host_pps_capacity_unknown	3	5df908ee607fe40716a9857bed43d1e8-136	600	0	4760140	4760140	0	0	0.000	30.118	32610.3	57177.0	27232	30	0	0	416	13677569	4760140	9513871	4760009	1000	759	759	8462875	250	0	0	0	0	0	0	0	0	0	0	0	0	0	0	0	250	0	0	0	0	0	0	0
mio	plain	listener	shared-pool:4	per-connection	all	on	on	8	retain	16777216	33554432	33554432	33554432	33554432	0-2	off									3	mio	tokio			3	3	0-2	3-5	600	600	0	50	0	none	8000000	fixed:100000000	100000000		25	stage-a-v1-no-unvalidated-margin	revision=stage-a-v1-no-unvalidated-margin;window=0.00000000000000000;recovery=0.00000000000000000;socket=0.00000000000000000;host=1.00000000000000000;nic=1.00000000000000000;control=none;waves=none	conditional	expected_rtt_unknown,rtt_variance_unknown,effective_socket_buffer_unknown,host_pps_capacity_unknown,nic_capacity_unknown	3	5df908ee607fe40716a9857bed43d1e8-136	600	0	8116434	4760140	0	0	4.732	30.126	32514.1	36909.8	53520	30	0	0	416	0	0	0	0	1000	759	0	0	250	0	0	0	0	0	0	0	0	0	0	0	0	0	0	0	250	0	0	0	0	0	0	0
tokio	plain	caller	shared-pool:4	per-connection	all	on	on	8	retain	16777216	33554432	33554432	33554432	33554432	3-5	off									3	tokio	tokio			3	3	0-2	3-5	600	600	600	50	50	none	8000000	fixed:100000000	100000000		25	stage-a-v1-no-unvalidated-margin	revision=stage-a-v1-no-unvalidated-margin;window=0.00000000000000000;recovery=0.00000000000000000;socket=0.00000000000000000;host=1.00000000000000000;nic=1.00000000000000000;control=none;waves=none	conditional	expected_rtt_unknown,rtt_variance_unknown,effective_socket_buffer_unknown,host_pps_capacity_unknown	3	5df908ee607fe40716a9857bed43d1e8-137	600	0	4888778	4888778	0	0	0.000	30.143	32966.5	56870.7	29440	30	0	0	282	13677591	4888778	9771589	4888253	1000	759	759	8334384	250	0	0	0	0	0	0	0	0	0	0	0	0	0	0	0	250	0	0	0	0	0	0	0
tokio	plain	listener	shared-pool:4	per-connection	all	on	on	8	retain	16777216	33554432	33554432	33554432	33554432	0-2	off									3	tokio	tokio			3	3	0-2	3-5	600	600	0	50	0	none	8000000	fixed:100000000	100000000		25	stage-a-v1-no-unvalidated-margin	revision=stage-a-v1-no-unvalidated-margin;window=0.00000000000000000;recovery=0.00000000000000000;socket=0.00000000000000000;host=1.00000000000000000;nic=1.00000000000000000;control=none;waves=none	conditional	expected_rtt_unknown,rtt_variance_unknown,effective_socket_buffer_unknown,host_pps_capacity_unknown,nic_capacity_unknown	3	5df908ee607fe40716a9857bed43d1e8-137	600	0	4888778	4888778	0	0	4.415	30.150	37316.3	34151.4	49088	30	0	0	282	0	0	0	0	1000	759	0	0	250	0	0	0	0	0	0	0	0	8389960	867805	9.668	4096	32768	131072	304270	250	4	28462	113848	0	0	0	0
tokio	plain	caller	shared-pool:4	per-connection	all	on	on	8	retain	16777216	33554432	33554432	33554432	33554432	3-5	off									3	mio	tokio			1	3	0-2	3-5	1200	1200	1200	50	50	none	8000000	fixed:100000000	100000000		25	stage-a-v1-no-unvalidated-margin	revision=stage-a-v1-no-unvalidated-margin;window=0.00000000000000000;recovery=0.00000000000000000;socket=0.00000000000000000;host=1.00000000000000000;nic=1.00000000000000000;control=none;waves=none	conditional	expected_rtt_unknown,rtt_variance_unknown,effective_socket_buffer_unknown,host_pps_capacity_unknown	3	5df908ee607fe40716a9857bed43d1e8-138	1200	0	5422029	5422029	3462350	0	0.000	44.952	48460.1	70639.9	206928	30	4302984	4302984	24394	27353572	5422029	10921581	5421093	1000	759	759	21030068	250	0	0	0	0	0	0	0	0	0	0	0	0	0	0	0	250	0	0	0	0	0	0	0
mio	plain	listener	shared-pool:4	per-connection	all	on	on	8	retain	16777216	33554432	33554432	33554432	33554432	0-2	off									1	mio	tokio			1	3	0-2	3-5	1200	1200	0	50	0	none	8000000	fixed:100000000	100000000		25	stage-a-v1-no-unvalidated-margin	revision=stage-a-v1-no-unvalidated-margin;window=0.00000000000000000;recovery=0.00000000000000000;socket=0.00000000000000000;host=1.00000000000000000;nic=1.00000000000000000;control=none;waves=none	conditional	expected_rtt_unknown,rtt_variance_unknown,effective_socket_buffer_unknown,host_pps_capacity_unknown,nic_capacity_unknown	3	5df908ee607fe40716a9857bed43d1e8-138	1200	168	8360157	5007640	1652926	817260	221.951	44.957	20795.3	22718.4	126824	30	4302984	4302984	24394	0	0	0	0	1000	759	0	0	250	0	0	0	0	0	0	0	0	0	0	0	0	0	0	0	250	0	0	0	0	0	0	0
tokio	plain	listener	shared-pool:4	per-connection	all	on	on	8	retain	16777216	33554432	33554432	33554432	33554432	0-2	off									1	tokio	tokio			1	3	0-2	3-5	1200	1200	0	50	0	none	8000000	fixed:100000000	100000000		25	stage-a-v1-no-unvalidated-margin	revision=stage-a-v1-no-unvalidated-margin;window=0.00000000000000000;recovery=0.00000000000000000;socket=0.00000000000000000;host=1.00000000000000000;nic=1.00000000000000000;control=none;waves=none	conditional	expected_rtt_unknown,rtt_variance_unknown,effective_socket_buffer_unknown,host_pps_capacity_unknown,nic_capacity_unknown	3	5df908ee607fe40716a9857bed43d1e8-139	1196	381	3455353	3463620	1567088	224919	51.094	38.556	15114.0	21733.9	62148	30	4519078	4519078	165584	0	0	0	0	1000	759	0	0	250	0	0	0	0	0	0	0	0	6904582	259806	26.576	1048576	2097152	2773421	2773421	250	4	56925	227700	0	0	0	0
tokio	plain	caller	shared-pool:4	per-connection	all	on	on	8	retain	16777216	33554432	33554432	33554432	33554432	3-5	off									3	tokio	tokio			1	3	0-2	3-5	1200	1200	1200	50	50	none	8000000	fixed:100000000	100000000		25	stage-a-v1-no-unvalidated-margin	revision=stage-a-v1-no-unvalidated-margin;window=0.00000000000000000;recovery=0.00000000000000000;socket=0.00000000000000000;host=1.00000000000000000;nic=1.00000000000000000;control=none;waves=none	conditional	expected_rtt_unknown,rtt_variance_unknown,effective_socket_buffer_unknown,host_pps_capacity_unknown	3	5df908ee607fe40716a9857bed43d1e8-139	1192	0	3353362	3353362	2335163	0	0.000	38.563	35011.6	63439.0	225152	30	4519078	4519078	165584	27167236	3353362	6766988	3352509	1000	759	759	22911310	250	0	0	0	0	0	0	0	0	0	0	0	0	0	0	0	250	0	0	0	0	0	0	0
tokio	plain	caller	shared-pool:4	per-connection	all	on	on	8	retain	16777216	33554432	33554432	33554432	33554432	3-5	off									3	mio	tokio			2	3	0-2	3-5	1200	1200	1200	50	50	none	8000000	fixed:100000000	100000000		25	stage-a-v1-no-unvalidated-margin	revision=stage-a-v1-no-unvalidated-margin;window=0.00000000000000000;recovery=0.00000000000000000;socket=0.00000000000000000;host=1.00000000000000000;nic=1.00000000000000000;control=none;waves=none	conditional	expected_rtt_unknown,rtt_variance_unknown,effective_socket_buffer_unknown,host_pps_capacity_unknown	3	5df908ee607fe40716a9857bed43d1e8-140	1200	0	4566777	4566777	0	0	0.000	30.755	34948.6	56425.7	51000	30	0	0	3283	27353440	4566777	9129119	4566444	1000	759	759	21877225	250	0	0	0	0	0	0	0	0	0	0	0	0	0	0	0	250	0	0	0	0	0	0	0
mio	plain	listener	shared-pool:4	per-connection	all	on	on	8	retain	16777216	33554432	33554432	33554432	33554432	0-2	off									2	mio	tokio			2	3	0-2	3-5	1200	1200	0	50	0	none	8000000	fixed:100000000	100000000		25	stage-a-v1-no-unvalidated-margin	revision=stage-a-v1-no-unvalidated-margin;window=0.00000000000000000;recovery=0.00000000000000000;socket=0.00000000000000000;host=1.00000000000000000;nic=1.00000000000000000;control=none;waves=none	conditional	expected_rtt_unknown,rtt_variance_unknown,effective_socket_buffer_unknown,host_pps_capacity_unknown,nic_capacity_unknown	3	5df908ee607fe40716a9857bed43d1e8-140	1200	0	8702751	4566777	0	0	23.508	30.791	25506.1	35176.9	63356	30	0	0	3283	0	0	0	0	1000	759	0	0	250	0	0	0	0	0	0	0	0	0	0	0	0	0	0	0	250	0	0	0	0	0	0	0
tokio	plain	caller	shared-pool:4	per-connection	all	on	on	8	retain	16777216	33554432	33554432	33554432	33554432	3-5	off									3	tokio	tokio			2	3	0-2	3-5	1200	1200	1200	50	50	none	8000000	fixed:100000000	100000000		25	stage-a-v1-no-unvalidated-margin	revision=stage-a-v1-no-unvalidated-margin;window=0.00000000000000000;recovery=0.00000000000000000;socket=0.00000000000000000;host=1.00000000000000000;nic=1.00000000000000000;control=none;waves=none	conditional	expected_rtt_unknown,rtt_variance_unknown,effective_socket_buffer_unknown,host_pps_capacity_unknown	3	5df908ee607fe40716a9857bed43d1e8-141	1200	0	3807168	3807168	10008	0	0.000	30.699	32262.0	58173.3	64696	30	15225	15225	7887	27352756	3807168	7610749	3806942	1000	759	759	22636486	250	0	0	0	0	0	0	0	0	0	0	0	0	0	0	0	250	0	0	0	0	0	0	0
tokio	plain	listener	shared-pool:4	per-connection	all	on	on	8	retain	16777216	33554432	33554432	33554432	33554432	0-2	off									2	tokio	tokio			2	3	0-2	3-5	1200	1200	0	50	0	none	8000000	fixed:100000000	100000000		25	stage-a-v1-no-unvalidated-margin	revision=stage-a-v1-no-unvalidated-margin;window=0.00000000000000000;recovery=0.00000000000000000;socket=0.00000000000000000;host=1.00000000000000000;nic=1.00000000000000000;control=none;waves=none	conditional	expected_rtt_unknown,rtt_variance_unknown,effective_socket_buffer_unknown,host_pps_capacity_unknown,nic_capacity_unknown	3	5df908ee607fe40716a9857bed43d1e8-141	1200	0	3807168	3807168	5897	4111	31.734	30.707	24085.3	36523.2	50616	30	15225	15225	7887	0	0	0	0	1000	759	0	0	250	0	0	0	0	0	0	0	0	8545505	283026	30.193	131072	524288	864331	864331	250	4	56925	227700	0	0	0	0
tokio	plain	caller	shared-pool:4	per-connection	all	on	on	8	retain	16777216	33554432	33554432	33554432	33554432	3-5	off									3	mio	tokio			3	3	0-2	3-5	1200	1200	1200	50	50	none	8000000	fixed:100000000	100000000		25	stage-a-v1-no-unvalidated-margin	revision=stage-a-v1-no-unvalidated-margin;window=0.00000000000000000;recovery=0.00000000000000000;socket=0.00000000000000000;host=1.00000000000000000;nic=1.00000000000000000;control=none;waves=none	conditional	expected_rtt_unknown,rtt_variance_unknown,effective_socket_buffer_unknown,host_pps_capacity_unknown	3	5df908ee607fe40716a9857bed43d1e8-142	1200	0	3180899	3180899	0	0	0.000	30.576	29849.3	60530.5	41248	30	0	0	1880	27352796	3180899	6357260	3180621	1000	759	759	23262930	250	0	0	0	0	0	0	0	0	0	0	0	0	0	0	0	250	0	0	0	0	0	0	0
mio	plain	listener	shared-pool:4	per-connection	all	on	on	8	retain	16777216	33554432	33554432	33554432	33554432	0-2	off									3	mio	tokio			3	3	0-2	3-5	1200	1200	0	50	0	none	8000000	fixed:100000000	100000000		25	stage-a-v1-no-unvalidated-margin	revision=stage-a-v1-no-unvalidated-margin;window=0.00000000000000000;recovery=0.00000000000000000;socket=0.00000000000000000;host=1.00000000000000000;nic=1.00000000000000000;control=none;waves=none	conditional	expected_rtt_unknown,rtt_variance_unknown,effective_socket_buffer_unknown,host_pps_capacity_unknown,nic_capacity_unknown	3	5df908ee607fe40716a9857bed43d1e8-142	1200	0	8752871	3180899	0	0	13.450	30.585	28553.6	47656.1	54348	30	0	0	1880	0	0	0	0	1000	759	0	0	250	0	0	0	0	0	0	0	0	0	0	0	0	0	0	0	250	0	0	0	0	0	0	0
tokio	plain	caller	shared-pool:4	per-connection	all	on	on	8	retain	16777216	33554432	33554432	33554432	33554432	3-5	off									3	tokio	tokio			3	3	0-2	3-5	1200	1200	1200	50	50	none	8000000	fixed:100000000	100000000		25	stage-a-v1-no-unvalidated-margin	revision=stage-a-v1-no-unvalidated-margin;window=0.00000000000000000;recovery=0.00000000000000000;socket=0.00000000000000000;host=1.00000000000000000;nic=1.00000000000000000;control=none;waves=none	conditional	expected_rtt_unknown,rtt_variance_unknown,effective_socket_buffer_unknown,host_pps_capacity_unknown	3	5df908ee607fe40716a9857bed43d1e8-143	1200	0	2980456	2980456	643	0	0.000	30.596	29677.7	60803.5	45068	30	1538	1538	3587	27353437	2980456	5955645	2980003	1000	759	759	23463952	250	0	0	0	0	0	0	0	0	0	0	0	0	0	0	0	250	0	0	0	0	0	0	0
tokio	plain	listener	shared-pool:4	per-connection	all	on	on	8	retain	16777216	33554432	33554432	33554432	33554432	0-2	off									3	tokio	tokio			3	3	0-2	3-5	1200	1200	0	50	0	none	8000000	fixed:100000000	100000000		25	stage-a-v1-no-unvalidated-margin	revision=stage-a-v1-no-unvalidated-margin;window=0.00000000000000000;recovery=0.00000000000000000;socket=0.00000000000000000;host=1.00000000000000000;nic=1.00000000000000000;control=none;waves=none	conditional	expected_rtt_unknown,rtt_variance_unknown,effective_socket_buffer_unknown,host_pps_capacity_unknown,nic_capacity_unknown	3	5df908ee607fe40716a9857bed43d1e8-143	1200	0	2980456	2980456	466	177	14.854	30.603	31860.0	45255.9	43412	30	1538	1538	3587	0	0	0	0	1000	759	0	0	250	0	0	0	0	0	0	0	0	8554004	640552	13.354	16384	262144	524288	656091	250	4	56925	227700	0	0	0	0
