runtime	encryption	role	ingress	egress	promotion	cookie	batch	recv_rounds	would_block_policy	sock_buf_requested_bytes	sock_rcvbuf_effective_min_bytes	sock_rcvbuf_effective_max_bytes	sock_sndbuf_effective_min_bytes	sock_sndbuf_effective_max_bytes	cpus	pin	link_delay	link_jitter	link_loss	link_rate	link_reorder	link_duplicate	link_corrupt	link_limit	workers	recv_runtime	send_runtime	recv_ingress	send_ingress	recv_workers	send_workers	recv_cpus	send_cpus	conns	logical_streams	source_streams	connect_cc	cc_peak	bond	source_bps	srt_bw_mode	srt_maxbw_bps	srt_inputbw_bps	srt_oheadbw_pct	model_policy_rev	model_policy_fingerprint	model_class_pre	model_reasons_pre	rep	attempt	established	torn_down	pkt_sent	core_total	sec_a	sec_b	rtt_ms	elapsed_s	cpu_user_ms	cpu_sys_ms	peak_rss_kb	secs	udp_rcvbuf_err	udp_in_err	udp_no_ports	src_generated	src_accepted	src_refusal_polls	src_blocked_streaks	source_backlog_ms	src_backlog_cap	src_backlog_hwm	src_overflow	datapath_q_horizon_ms	datapath_q_count	datapath_q_cap_per_queue	datapath_q_total_cap	datapath_q_peak_depth_max	datapath_q_peak_depth_sum	datapath_q_full	datapath_q_dropped	datapath_q_disconnected	recv_packets	recv_syscalls	datagrams_per_syscall	timer_late_p50_bucket_us	timer_late_p95_bucket_us	timer_late_p99_bucket_us	timer_late_max_us	retry_horizon_ms	retry_count	retry_cap_per_queue	retry_total_cap	retry_peak_depth_max	would_block	retry_overflow	local_dropped
mio	plain	caller	shared-pool:4	per-connection	all	on	on	8	retain	16777216	33554432	33554432	33554432	33554432	3-5	off									3					3	3	0-2	3-5	1	1	1	50	1	none	8000000	input-relative:25		8000000	25	stage-a-v1-no-unvalidated-margin	revision=stage-a-v1-no-unvalidated-margin;window=0.00000000000000000;recovery=0.00000000000000000;socket=0.00000000000000000;host=1.00000000000000000;nic=1.00000000000000000;control=none;waves=none	conditional	expected_rtt_unknown,rtt_variance_unknown,effective_socket_buffer_unknown,host_pps_capacity_unknown	1	41d76c895e9558ffd998a76dd2aaf427-0	1	0	11398	11398	0	0	0.000	15.001	242.7	756.3	5128	15	0	0	1	11398	11398	648	558	1000	759	7	0	250	0	0	0	0	0	0	0	0	0	0	0	0	0	0	0	250	0	0	0	0	0	0	0
mio	plain	listener	shared-pool:4	per-connection	all	on	on	8	retain	16777216	33554432	33554432	33554432	33554432	0-2	off									3					3	3	0-2	3-5	1	1	0	50	0	none	8000000	input-relative:25		8000000	25	stage-a-v1-no-unvalidated-margin	revision=stage-a-v1-no-unvalidated-margin;window=0.00000000000000000;recovery=0.00000000000000000;socket=0.00000000000000000;host=1.00000000000000000;nic=1.00000000000000000;control=none;waves=none	conditional	expected_rtt_unknown,rtt_variance_unknown,effective_socket_buffer_unknown,host_pps_capacity_unknown,nic_capacity_unknown	1	41d76c895e9558ffd998a76dd2aaf427-0	1	0	11398	11398	0	0	0.108	15.004	261.1	527.5	5260	15	0	0	1	0	0	0	0	1000	759	0	0	250	0	0	0	0	0	0	0	0	0	0	0	0	0	0	0	250	0	0	0	0	0	0	0
tokio	plain	caller	shared-pool:4	per-connection	all	on	on	8	retain	16777216	33554432	33554432	33554432	33554432	3-5	off									3					3	3	0-2	3-5	1	1	1	50	1	none	8000000	input-relative:25		8000000	25	stage-a-v1-no-unvalidated-margin	revision=stage-a-v1-no-unvalidated-margin;window=0.00000000000000000;recovery=0.00000000000000000;socket=0.00000000000000000;host=1.00000000000000000;nic=1.00000000000000000;control=none;waves=none	conditional	expected_rtt_unknown,rtt_variance_unknown,effective_socket_buffer_unknown,host_pps_capacity_unknown	1	41d76c895e9558ffd998a76dd2aaf427-1	1	0	9932	9932	0	0	0.000	15.001	387.4	776.1	5368	15	0	0	0	11397	9932	12138	9929	1000	759	759	709	250	0	0	0	0	0	0	0	0	0	0	0	0	0	0	0	250	0	0	0	0	0	0	0
tokio	plain	listener	shared-pool:4	per-connection	all	on	on	8	retain	16777216	33554432	33554432	33554432	33554432	0-2	off									3					3	3	0-2	3-5	1	1	0	50	0	none	8000000	input-relative:25		8000000	25	stage-a-v1-no-unvalidated-margin	revision=stage-a-v1-no-unvalidated-margin;window=0.00000000000000000;recovery=0.00000000000000000;socket=0.00000000000000000;host=1.00000000000000000;nic=1.00000000000000000;control=none;waves=none	conditional	expected_rtt_unknown,rtt_variance_unknown,effective_socket_buffer_unknown,host_pps_capacity_unknown,nic_capacity_unknown	1	41d76c895e9558ffd998a76dd2aaf427-1	1	0	9932	9932	0	0	0.265	15.004	403.1	438.8	5516	15	0	0	0	0	0	0	0	1000	759	0	0	250	0	0	0	0	0	0	0	0	0	0	0	0	0	0	0	250	0	0	0	0	0	0	0
mio	plain	caller	shared-pool:4	per-connection	all	on	on	8	retain	16777216	33554432	33554432	33554432	33554432	3-5	off									3					3	3	0-2	3-5	30	30	30	50	29	none	8000000	input-relative:25		8000000	25	stage-a-v1-no-unvalidated-margin	revision=stage-a-v1-no-unvalidated-margin;window=0.00000000000000000;recovery=0.00000000000000000;socket=0.00000000000000000;host=1.00000000000000000;nic=1.00000000000000000;control=none;waves=none	conditional	expected_rtt_unknown,rtt_variance_unknown,effective_socket_buffer_unknown,host_pps_capacity_unknown	1	41d76c895e9558ffd998a76dd2aaf427-2	30	0	341951	341951	0	0	0.000	15.003	1952.4	6468.8	6144	15	0	0	0	341953	341951	244262	110883	1000	759	152	0	250	0	0	0	0	0	0	0	0	0	0	0	0	0	0	0	250	0	0	0	0	0	0	0
mio	plain	listener	shared-pool:4	per-connection	all	on	on	8	retain	16777216	33554432	33554432	33554432	33554432	0-2	off									3					3	3	0-2	3-5	30	30	0	50	0	none	8000000	input-relative:25		8000000	25	stage-a-v1-no-unvalidated-margin	revision=stage-a-v1-no-unvalidated-margin;window=0.00000000000000000;recovery=0.00000000000000000;socket=0.00000000000000000;host=1.00000000000000000;nic=1.00000000000000000;control=none;waves=none	conditional	expected_rtt_unknown,rtt_variance_unknown,effective_socket_buffer_unknown,host_pps_capacity_unknown,nic_capacity_unknown	1	41d76c895e9558ffd998a76dd2aaf427-2	30	0	440999	341951	0	0	0.252	15.006	2958.2	4257.8	9728	15	0	0	0	0	0	0	0	1000	759	0	0	250	0	0	0	0	0	0	0	0	0	0	0	0	0	0	0	250	0	0	0	0	0	0	0
tokio	plain	caller	shared-pool:4	per-connection	all	on	on	8	retain	16777216	33554432	33554432	33554432	33554432	3-5	off									3					3	3	0-2	3-5	30	30	30	50	30	none	8000000	input-relative:25		8000000	25	stage-a-v1-no-unvalidated-margin	revision=stage-a-v1-no-unvalidated-margin;window=0.00000000000000000;recovery=0.00000000000000000;socket=0.00000000000000000;host=1.00000000000000000;nic=1.00000000000000000;control=none;waves=none	conditional	expected_rtt_unknown,rtt_variance_unknown,effective_socket_buffer_unknown,host_pps_capacity_unknown	1	41d76c895e9558ffd998a76dd2aaf427-3	30	0	309661	309661	0	0	0.000	15.003	2636.5	4989.1	6400	15	0	0	6	341940	309661	437811	309581	1000	759	759	9550	250	0	0	0	0	0	0	0	0	0	0	0	0	0	0	0	250	0	0	0	0	0	0	0
tokio	plain	listener	shared-pool:4	per-connection	all	on	on	8	retain	16777216	33554432	33554432	33554432	33554432	0-2	off									3					3	3	0-2	3-5	30	30	0	50	0	none	8000000	input-relative:25		8000000	25	stage-a-v1-no-unvalidated-margin	revision=stage-a-v1-no-unvalidated-margin;window=0.00000000000000000;recovery=0.00000000000000000;socket=0.00000000000000000;host=1.00000000000000000;nic=1.00000000000000000;control=none;waves=none	conditional	expected_rtt_unknown,rtt_variance_unknown,effective_socket_buffer_unknown,host_pps_capacity_unknown,nic_capacity_unknown	1	41d76c895e9558ffd998a76dd2aaf427-3	30	0	309661	309661	0	0	0.189	15.007	4874.3	3256.3	10752	15	0	0	6	0	0	0	0	1000	759	0	0	250	0	0	0	0	0	0	0	0	409846	154307	2.656	1024	2048	2048	3472	250	4	1518	6072	0	0	0	0
mio	plain	caller	shared-pool:4	per-connection	all	on	on	8	retain	16777216	33554432	33554432	33554432	33554432	3-5	off									3					3	3	0-2	3-5	200	200	200	50	50	none	8000000	input-relative:25		8000000	25	stage-a-v1-no-unvalidated-margin	revision=stage-a-v1-no-unvalidated-margin;window=0.00000000000000000;recovery=0.00000000000000000;socket=0.00000000000000000;host=1.00000000000000000;nic=1.00000000000000000;control=none;waves=none	conditional	expected_rtt_unknown,rtt_variance_unknown,effective_socket_buffer_unknown,host_pps_capacity_unknown	1	41d76c895e9558ffd998a76dd2aaf427-4	200	0	2156327	2156327	0	0	0.000	15.028	7599.2	23131.2	11216	15	0	0	5	2279720	2156327	4609284	1980551	1000	759	759	26307	250	0	0	0	0	0	0	0	0	0	0	0	0	0	0	0	250	0	0	0	0	0	0	0
mio	plain	listener	shared-pool:4	per-connection	all	on	on	8	retain	16777216	33554432	33554432	33554432	33554432	0-2	off									3					3	3	0-2	3-5	200	200	0	50	0	none	8000000	input-relative:25		8000000	25	stage-a-v1-no-unvalidated-margin	revision=stage-a-v1-no-unvalidated-margin;window=0.00000000000000000;recovery=0.00000000000000000;socket=0.00000000000000000;host=1.00000000000000000;nic=1.00000000000000000;control=none;waves=none	conditional	expected_rtt_unknown,rtt_variance_unknown,effective_socket_buffer_unknown,host_pps_capacity_unknown,nic_capacity_unknown	1	41d76c895e9558ffd998a76dd2aaf427-4	200	0	2734751	2156327	0	0	1.338	15.035	14181.8	13123.4	36276	15	0	0	5	0	0	0	0	1000	759	0	0	250	0	0	0	0	0	0	0	0	0	0	0	0	0	0	0	250	0	0	0	0	0	0	0
tokio	plain	caller	shared-pool:4	per-connection	all	on	on	8	retain	16777216	33554432	33554432	33554432	33554432	3-5	off									3					3	3	0-2	3-5	200	200	200	50	50	none	8000000	input-relative:25		8000000	25	stage-a-v1-no-unvalidated-margin	revision=stage-a-v1-no-unvalidated-margin;window=0.00000000000000000;recovery=0.00000000000000000;socket=0.00000000000000000;host=1.00000000000000000;nic=1.00000000000000000;control=none;waves=none	conditional	expected_rtt_unknown,rtt_variance_unknown,effective_socket_buffer_unknown,host_pps_capacity_unknown	1	41d76c895e9558ffd998a76dd2aaf427-5	200	0	1700662	1700662	0	0	0.000	15.030	9976.4	16855.8	11904	15	0	0	43	2279616	1700662	2388896	1700324	1000	759	759	427369	250	0	0	0	0	0	0	0	0	0	0	0	0	0	0	0	250	0	0	0	0	0	0	0
tokio	plain	listener	shared-pool:4	per-connection	all	on	on	8	retain	16777216	33554432	33554432	33554432	33554432	0-2	off									3					3	3	0-2	3-5	200	200	0	50	0	none	8000000	input-relative:25		8000000	25	stage-a-v1-no-unvalidated-margin	revision=stage-a-v1-no-unvalidated-margin;window=0.00000000000000000;recovery=0.00000000000000000;socket=0.00000000000000000;host=1.00000000000000000;nic=1.00000000000000000;control=none;waves=none	conditional	expected_rtt_unknown,rtt_variance_unknown,effective_socket_buffer_unknown,host_pps_capacity_unknown,nic_capacity_unknown	1	41d76c895e9558ffd998a76dd2aaf427-5	200	0	1700662	1700662	0	0	0.845	15.035	14659.3	9852.7	30184	15	0	0	43	0	0	0	0	1000	759	0	0	250	0	0	0	0	0	0	0	0	2309696	470004	4.914	1024	2048	4096	18380	250	4	9487	37948	0	0	0	0
mio	plain	caller	shared-pool:4	per-connection	all	on	on	8	retain	16777216	33554432	33554432	33554432	33554432	3-5	off									3					3	3	0-2	3-5	1	1	1	50	1	none	8000000	input-relative:50		8000000	50	stage-a-v1-no-unvalidated-margin	revision=stage-a-v1-no-unvalidated-margin;window=0.00000000000000000;recovery=0.00000000000000000;socket=0.00000000000000000;host=1.00000000000000000;nic=1.00000000000000000;control=none;waves=none	conditional	expected_rtt_unknown,rtt_variance_unknown,effective_socket_buffer_unknown,host_pps_capacity_unknown	1	41d76c895e9558ffd998a76dd2aaf427-6	1	0	11399	11399	0	0	0.000	15.000	206.9	711.0	5096	15	0	0	0	11399	11399	234	198	1000	759	3	0	250	0	0	0	0	0	0	0	0	0	0	0	0	0	0	0	250	0	0	0	0	0	0	0
mio	plain	listener	shared-pool:4	per-connection	all	on	on	8	retain	16777216	33554432	33554432	33554432	33554432	0-2	off									3					3	3	0-2	3-5	1	1	0	50	0	none	8000000	input-relative:50		8000000	50	stage-a-v1-no-unvalidated-margin	revision=stage-a-v1-no-unvalidated-margin;window=0.00000000000000000;recovery=0.00000000000000000;socket=0.00000000000000000;host=1.00000000000000000;nic=1.00000000000000000;control=none;waves=none	conditional	expected_rtt_unknown,rtt_variance_unknown,effective_socket_buffer_unknown,host_pps_capacity_unknown,nic_capacity_unknown	1	41d76c895e9558ffd998a76dd2aaf427-6	1	0	11399	11399	0	0	0.268	15.003	247.7	457.8	5252	15	0	0	0	0	0	0	0	1000	759	0	0	250	0	0	0	0	0	0	0	0	0	0	0	0	0	0	0	250	0	0	0	0	0	0	0
tokio	plain	caller	shared-pool:4	per-connection	all	on	on	8	retain	16777216	33554432	33554432	33554432	33554432	3-5	off									3					3	3	0-2	3-5	1	1	1	50	1	none	8000000	input-relative:50		8000000	50	stage-a-v1-no-unvalidated-margin	revision=stage-a-v1-no-unvalidated-margin;window=0.00000000000000000;recovery=0.00000000000000000;socket=0.00000000000000000;host=1.00000000000000000;nic=1.00000000000000000;control=none;waves=none	conditional	expected_rtt_unknown,rtt_variance_unknown,effective_socket_buffer_unknown,host_pps_capacity_unknown	1	41d76c895e9558ffd998a76dd2aaf427-7	1	0	9977	9977	0	0	0.000	15.002	335.2	784.4	5448	15	0	0	0	11397	9977	13674	9965	1000	759	759	662	250	0	0	0	0	0	0	0	0	0	0	0	0	0	0	0	250	0	0	0	0	0	0	0
tokio	plain	listener	shared-pool:4	per-connection	all	on	on	8	retain	16777216	33554432	33554432	33554432	33554432	0-2	off									3					3	3	0-2	3-5	1	1	0	50	0	none	8000000	input-relative:50		8000000	50	stage-a-v1-no-unvalidated-margin	revision=stage-a-v1-no-unvalidated-margin;window=0.00000000000000000;recovery=0.00000000000000000;socket=0.00000000000000000;host=1.00000000000000000;nic=1.00000000000000000;control=none;waves=none	conditional	expected_rtt_unknown,rtt_variance_unknown,effective_socket_buffer_unknown,host_pps_capacity_unknown,nic_capacity_unknown	1	41d76c895e9558ffd998a76dd2aaf427-7	1	0	9977	9977	0	0	0.132	15.004	372.6	449.7	5440	15	0	0	0	0	0	0	0	1000	759	0	0	250	0	0	0	0	0	0	0	0	0	0	0	0	0	0	0	250	0	0	0	0	0	0	0
mio	plain	caller	shared-pool:4	per-connection	all	on	on	8	retain	16777216	33554432	33554432	33554432	33554432	3-5	off									3					3	3	0-2	3-5	30	30	30	50	30	none	8000000	input-relative:50		8000000	50	stage-a-v1-no-unvalidated-margin	revision=stage-a-v1-no-unvalidated-margin;window=0.00000000000000000;recovery=0.00000000000000000;socket=0.00000000000000000;host=1.00000000000000000;nic=1.00000000000000000;control=none;waves=none	conditional	expected_rtt_unknown,rtt_variance_unknown,effective_socket_buffer_unknown,host_pps_capacity_unknown	1	41d76c895e9558ffd998a76dd2aaf427-8	30	0	341947	341947	0	0	0.000	15.002	1965.4	7100.5	6144	15	0	0	3	341955	341947	239948	112149	1000	759	121	0	250	0	0	0	0	0	0	0	0	0	0	0	0	0	0	0	250	0	0	0	0	0	0	0
mio	plain	listener	shared-pool:4	per-connection	all	on	on	8	retain	16777216	33554432	33554432	33554432	33554432	0-2	off									3					3	3	0-2	3-5	30	30	0	50	0	none	8000000	input-relative:50		8000000	50	stage-a-v1-no-unvalidated-margin	revision=stage-a-v1-no-unvalidated-margin;window=0.00000000000000000;recovery=0.00000000000000000;socket=0.00000000000000000;host=1.00000000000000000;nic=1.00000000000000000;control=none;waves=none	conditional	expected_rtt_unknown,rtt_variance_unknown,effective_socket_buffer_unknown,host_pps_capacity_unknown,nic_capacity_unknown	1	41d76c895e9558ffd998a76dd2aaf427-8	30	0	440209	341947	0	0	0.249	15.005	3059.2	4564.2	10112	15	0	0	3	0	0	0	0	1000	759	0	0	250	0	0	0	0	0	0	0	0	0	0	0	0	0	0	0	250	0	0	0	0	0	0	0
tokio	plain	caller	shared-pool:4	per-connection	all	on	on	8	retain	16777216	33554432	33554432	33554432	33554432	3-5	off									3					3	3	0-2	3-5	30	30	30	50	30	none	8000000	input-relative:50		8000000	50	stage-a-v1-no-unvalidated-margin	revision=stage-a-v1-no-unvalidated-margin;window=0.00000000000000000;recovery=0.00000000000000000;socket=0.00000000000000000;host=1.00000000000000000;nic=1.00000000000000000;control=none;waves=none	conditional	expected_rtt_unknown,rtt_variance_unknown,effective_socket_buffer_unknown,host_pps_capacity_unknown	1	41d76c895e9558ffd998a76dd2aaf427-9	30	0	314920	314920	0	0	0.000	15.004	2760.1	5570.4	6544	15	0	0	0	341940	314920	448399	314675	1000	759	759	4292	250	0	0	0	0	0	0	0	0	0	0	0	0	0	0	0	250	0	0	0	0	0	0	0
tokio	plain	listener	shared-pool:4	per-connection	all	on	on	8	retain	16777216	33554432	33554432	33554432	33554432	0-2	off									3					3	3	0-2	3-5	30	30	0	50	0	none	8000000	input-relative:50		8000000	50	stage-a-v1-no-unvalidated-margin	revision=stage-a-v1-no-unvalidated-margin;window=0.00000000000000000;recovery=0.00000000000000000;socket=0.00000000000000000;host=1.00000000000000000;nic=1.00000000000000000;control=none;waves=none	conditional	expected_rtt_unknown,rtt_variance_unknown,effective_socket_buffer_unknown,host_pps_capacity_unknown,nic_capacity_unknown	1	41d76c895e9558ffd998a76dd2aaf427-9	30	0	314920	314920	0	0	0.220	15.007	4946.2	3704.3	10752	15	0	0	0	0	0	0	0	1000	759	0	0	250	0	0	0	0	0	0	0	0	415403	150767	2.755	1024	2048	2048	10597	250	4	1518	6072	0	0	0	0
mio	plain	caller	shared-pool:4	per-connection	all	on	on	8	retain	16777216	33554432	33554432	33554432	33554432	3-5	off									3					3	3	0-2	3-5	200	200	200	50	50	none	8000000	input-relative:50		8000000	50	stage-a-v1-no-unvalidated-margin	revision=stage-a-v1-no-unvalidated-margin;window=0.00000000000000000;recovery=0.00000000000000000;socket=0.00000000000000000;host=1.00000000000000000;nic=1.00000000000000000;control=none;waves=none	conditional	expected_rtt_unknown,rtt_variance_unknown,effective_socket_buffer_unknown,host_pps_capacity_unknown	1	41d76c895e9558ffd998a76dd2aaf427-10	200	0	2279504	2279504	0	0	0.000	15.030	7268.2	20776.3	10112	15	0	0	1	2279793	2279504	4094860	1431039	1000	759	86	0	250	0	0	0	0	0	0	0	0	0	0	0	0	0	0	0	250	0	0	0	0	0	0	0
mio	plain	listener	shared-pool:4	per-connection	all	on	on	8	retain	16777216	33554432	33554432	33554432	33554432	0-2	off									3					3	3	0-2	3-5	200	200	0	50	0	none	8000000	input-relative:50		8000000	50	stage-a-v1-no-unvalidated-margin	revision=stage-a-v1-no-unvalidated-margin;window=0.00000000000000000;recovery=0.00000000000000000;socket=0.00000000000000000;host=1.00000000000000000;nic=1.00000000000000000;control=none;waves=none	conditional	expected_rtt_unknown,rtt_variance_unknown,effective_socket_buffer_unknown,host_pps_capacity_unknown,nic_capacity_unknown	1	41d76c895e9558ffd998a76dd2aaf427-10	200	0	2866053	2279504	0	0	1.108	15.038	13245.8	12463.7	34432	15	0	0	7	0	0	0	0	1000	759	0	0	250	0	0	0	0	0	0	0	0	0	0	0	0	0	0	0	250	0	0	0	0	0	0	0
tokio	plain	caller	shared-pool:4	per-connection	all	on	on	8	retain	16777216	33554432	33554432	33554432	33554432	3-5	off									3					3	3	0-2	3-5	200	200	200	50	50	none	8000000	input-relative:50		8000000	50	stage-a-v1-no-unvalidated-margin	revision=stage-a-v1-no-unvalidated-margin;window=0.00000000000000000;recovery=0.00000000000000000;socket=0.00000000000000000;host=1.00000000000000000;nic=1.00000000000000000;control=none;waves=none	conditional	expected_rtt_unknown,rtt_variance_unknown,effective_socket_buffer_unknown,host_pps_capacity_unknown	1	41d76c895e9558ffd998a76dd2aaf427-11	200	0	1713892	1713892	0	0	0.000	15.030	9847.9	16168.1	11904	15	0	0	33	2279601	1713892	2305243	1713559	1000	759	759	414130	250	0	0	0	0	0	0	0	0	0	0	0	0	0	0	0	250	0	0	0	0	0	0	0
tokio	plain	listener	shared-pool:4	per-connection	all	on	on	8	retain	16777216	33554432	33554432	33554432	33554432	0-2	off									3					3	3	0-2	3-5	200	200	0	50	0	none	8000000	input-relative:50		8000000	50	stage-a-v1-no-unvalidated-margin	revision=stage-a-v1-no-unvalidated-margin;window=0.00000000000000000;recovery=0.00000000000000000;socket=0.00000000000000000;host=1.00000000000000000;nic=1.00000000000000000;control=none;waves=none	conditional	expected_rtt_unknown,rtt_variance_unknown,effective_socket_buffer_unknown,host_pps_capacity_unknown,nic_capacity_unknown	1	41d76c895e9558ffd998a76dd2aaf427-11	200	0	1713892	1713892	0	0	0.986	15.034	14249.6	9529.1	30000	15	0	0	33	0	0	0	0	1000	759	0	0	250	0	0	0	0	0	0	0	0	2321747	490314	4.735	1024	2048	4096	7263	250	4	9487	37948	0	0	0	0
mio	plain	listener	shared-pool:4	per-connection	all	on	on	8	retain	16777216	33554432	33554432	33554432	33554432	0-2	off									3					3	3	0-2	3-5	1	1	0	50	0	none	8000000	input-relative:100		8000000	100	stage-a-v1-no-unvalidated-margin	revision=stage-a-v1-no-unvalidated-margin;window=0.00000000000000000;recovery=0.00000000000000000;socket=0.00000000000000000;host=1.00000000000000000;nic=1.00000000000000000;control=none;waves=none	conditional	expected_rtt_unknown,rtt_variance_unknown,effective_socket_buffer_unknown,host_pps_capacity_unknown,nic_capacity_unknown	1	41d76c895e9558ffd998a76dd2aaf427-12	1	0	11398	11398	0	0	0.098	15.003	255.6	504.6	5236	15	0	0	0	0	0	0	0	1000	759	0	0	250	0	0	0	0	0	0	0	0	0	0	0	0	0	0	0	250	0	0	0	0	0	0	0
mio	plain	caller	shared-pool:4	per-connection	all	on	on	8	retain	16777216	33554432	33554432	33554432	33554432	3-5	off									3					3	3	0-2	3-5	1	1	1	50	1	none	8000000	input-relative:100		8000000	100	stage-a-v1-no-unvalidated-margin	revision=stage-a-v1-no-unvalidated-margin;window=0.00000000000000000;recovery=0.00000000000000000;socket=0.00000000000000000;host=1.00000000000000000;nic=1.00000000000000000;control=none;waves=none	conditional	expected_rtt_unknown,rtt_variance_unknown,effective_socket_buffer_unknown,host_pps_capacity_unknown	1	41d76c895e9558ffd998a76dd2aaf427-12	1	0	11398	11398	0	0	0.000	15.001	244.3	717.8	5160	15	0	0	0	11398	11398	250	220	1000	759	2	0	250	0	0	0	0	0	0	0	0	0	0	0	0	0	0	0	250	0	0	0	0	0	0	0
tokio	plain	caller	shared-pool:4	per-connection	all	on	on	8	retain	16777216	33554432	33554432	33554432	33554432	3-5	off									3					3	3	0-2	3-5	1	1	1	50	1	none	8000000	input-relative:100		8000000	100	stage-a-v1-no-unvalidated-margin	revision=stage-a-v1-no-unvalidated-margin;window=0.00000000000000000;recovery=0.00000000000000000;socket=0.00000000000000000;host=1.00000000000000000;nic=1.00000000000000000;control=none;waves=none	conditional	expected_rtt_unknown,rtt_variance_unknown,effective_socket_buffer_unknown,host_pps_capacity_unknown	1	41d76c895e9558ffd998a76dd2aaf427-13	1	0	10919	10919	0	0	0.000	15.002	328.8	660.1	5444	15	0	0	1	11399	10919	16610	10917	1000	759	481	0	250	0	0	0	0	0	0	0	0	0	0	0	0	0	0	0	250	0	0	0	0	0	0	0
tokio	plain	listener	shared-pool:4	per-connection	all	on	on	8	retain	16777216	33554432	33554432	33554432	33554432	0-2	off									3					3	3	0-2	3-5	1	1	0	50	0	none	8000000	input-relative:100		8000000	100	stage-a-v1-no-unvalidated-margin	revision=stage-a-v1-no-unvalidated-margin;window=0.00000000000000000;recovery=0.00000000000000000;socket=0.00000000000000000;host=1.00000000000000000;nic=1.00000000000000000;control=none;waves=none	conditional	expected_rtt_unknown,rtt_variance_unknown,effective_socket_buffer_unknown,host_pps_capacity_unknown,nic_capacity_unknown	1	41d76c895e9558ffd998a76dd2aaf427-13	1	0	10919	10919	0	0	0.085	15.004	353.1	386.2	5540	15	0	0	1	0	0	0	0	1000	759	0	0	250	0	0	0	0	0	0	0	0	0	0	0	0	0	0	0	250	0	0	0	0	0	0	0
mio	plain	caller	shared-pool:4	per-connection	all	on	on	8	retain	16777216	33554432	33554432	33554432	33554432	3-5	off									3					3	3	0-2	3-5	30	30	30	50	10	none	8000000	input-relative:100		8000000	100	stage-a-v1-no-unvalidated-margin	revision=stage-a-v1-no-unvalidated-margin;window=0.00000000000000000;recovery=0.00000000000000000;socket=0.00000000000000000;host=1.00000000000000000;nic=1.00000000000000000;control=none;waves=none	conditional	expected_rtt_unknown,rtt_variance_unknown,effective_socket_buffer_unknown,host_pps_capacity_unknown	1	41d76c895e9558ffd998a76dd2aaf427-14	30	0	341944	341944	0	0	0.000	15.003	1709.5	5820.9	5888	15	0	0	0	341944	341944	89423	43033	1000	759	21	0	250	0	0	0	0	0	0	0	0	0	0	0	0	0	0	0	250	0	0	0	0	0	0	0
mio	plain	listener	shared-pool:4	per-connection	all	on	on	8	retain	16777216	33554432	33554432	33554432	33554432	0-2	off									3					3	3	0-2	3-5	30	30	0	50	0	none	8000000	input-relative:100		8000000	100	stage-a-v1-no-unvalidated-margin	revision=stage-a-v1-no-unvalidated-margin;window=0.00000000000000000;recovery=0.00000000000000000;socket=0.00000000000000000;host=1.00000000000000000;nic=1.00000000000000000;control=none;waves=none	conditional	expected_rtt_unknown,rtt_variance_unknown,effective_socket_buffer_unknown,host_pps_capacity_unknown,nic_capacity_unknown	1	41d76c895e9558ffd998a76dd2aaf427-14	30	0	439835	341944	0	0	0.236	15.005	2840.1	3917.0	9728	15	0	0	0	0	0	0	0	1000	759	0	0	250	0	0	0	0	0	0	0	0	0	0	0	0	0	0	0	250	0	0	0	0	0	0	0
tokio	plain	caller	shared-pool:4	per-connection	all	on	on	8	retain	16777216	33554432	33554432	33554432	33554432	3-5	off									3					3	3	0-2	3-5	30	30	30	50	30	none	8000000	input-relative:100		8000000	100	stage-a-v1-no-unvalidated-margin	revision=stage-a-v1-no-unvalidated-margin;window=0.00000000000000000;recovery=0.00000000000000000;socket=0.00000000000000000;host=1.00000000000000000;nic=1.00000000000000000;control=none;waves=none	conditional	expected_rtt_unknown,rtt_variance_unknown,effective_socket_buffer_unknown,host_pps_capacity_unknown	1	41d76c895e9558ffd998a76dd2aaf427-15	30	0	336718	336718	0	0	0.000	15.003	2616.6	4963.0	6656	15	0	0	8	341950	336718	486508	335056	1000	759	272	0	250	0	0	0	0	0	0	0	0	0	0	0	0	0	0	0	250	0	0	0	0	0	0	0
tokio	plain	listener	shared-pool:4	per-connection	all	on	on	8	retain	16777216	33554432	33554432	33554432	33554432	0-2	off									3					3	3	0-2	3-5	30	30	0	50	0	none	8000000	input-relative:100		8000000	100	stage-a-v1-no-unvalidated-margin	revision=stage-a-v1-no-unvalidated-margin;window=0.00000000000000000;recovery=0.00000000000000000;socket=0.00000000000000000;host=1.00000000000000000;nic=1.00000000000000000;control=none;waves=none	conditional	expected_rtt_unknown,rtt_variance_unknown,effective_socket_buffer_unknown,host_pps_capacity_unknown,nic_capacity_unknown	1	41d76c895e9558ffd998a76dd2aaf427-15	30	0	336718	336718	0	0	0.176	15.007	4735.4	3273.1	11392	15	0	0	8	0	0	0	0	1000	759	0	0	250	0	0	0	0	0	0	0	0	437502	162513	2.692	1024	2048	2048	2617	250	4	1518	6072	0	0	0	0
mio	plain	caller	shared-pool:4	per-connection	all	on	on	8	retain	16777216	33554432	33554432	33554432	33554432	3-5	off									3					3	3	0-2	3-5	200	200	200	50	50	none	8000000	input-relative:100		8000000	100	stage-a-v1-no-unvalidated-margin	revision=stage-a-v1-no-unvalidated-margin;window=0.00000000000000000;recovery=0.00000000000000000;socket=0.00000000000000000;host=1.00000000000000000;nic=1.00000000000000000;control=none;waves=none	conditional	expected_rtt_unknown,rtt_variance_unknown,effective_socket_buffer_unknown,host_pps_capacity_unknown	1	41d76c895e9558ffd998a76dd2aaf427-16	200	0	2279791	2279791	0	0	0.000	15.027	7418.2	21158.3	11280	15	0	0	3	2279792	2279791	1472854	734850	1000	759	35	0	250	0	0	0	0	0	0	0	0	0	0	0	0	0	0	0	250	0	0	0	0	0	0	0
mio	plain	listener	shared-pool:4	per-connection	all	on	on	8	retain	16777216	33554432	33554432	33554432	33554432	0-2	off									3					3	3	0-2	3-5	200	200	0	50	0	none	8000000	input-relative:100		8000000	100	stage-a-v1-no-unvalidated-margin	revision=stage-a-v1-no-unvalidated-margin;window=0.00000000000000000;recovery=0.00000000000000000;socket=0.00000000000000000;host=1.00000000000000000;nic=1.00000000000000000;control=none;waves=none	conditional	expected_rtt_unknown,rtt_variance_unknown,effective_socket_buffer_unknown,host_pps_capacity_unknown,nic_capacity_unknown	1	41d76c895e9558ffd998a76dd2aaf427-16	200	0	2868864	2279791	0	0	1.086	15.034	13485.6	12567.3	37120	15	0	0	3	0	0	0	0	1000	759	0	0	250	0	0	0	0	0	0	0	0	0	0	0	0	0	0	0	250	0	0	0	0	0	0	0
tokio	plain	caller	shared-pool:4	per-connection	all	on	on	8	retain	16777216	33554432	33554432	33554432	33554432	3-5	off									3					3	3	0-2	3-5	200	200	200	50	50	none	8000000	input-relative:100		8000000	100	stage-a-v1-no-unvalidated-margin	revision=stage-a-v1-no-unvalidated-margin;window=0.00000000000000000;recovery=0.00000000000000000;socket=0.00000000000000000;host=1.00000000000000000;nic=1.00000000000000000;control=none;waves=none	conditional	expected_rtt_unknown,rtt_variance_unknown,effective_socket_buffer_unknown,host_pps_capacity_unknown	1	41d76c895e9558ffd998a76dd2aaf427-17	200	0	1872410	1872410	0	0	0.000	15.025	9817.1	17657.0	11776	15	0	0	38	2279606	1872410	2382623	1871994	1000	759	759	255630	250	0	0	0	0	0	0	0	0	0	0	0	0	0	0	0	250	0	0	0	0	0	0	0
tokio	plain	listener	shared-pool:4	per-connection	all	on	on	8	retain	16777216	33554432	33554432	33554432	33554432	0-2	off									3					3	3	0-2	3-5	200	200	0	50	0	none	8000000	input-relative:100		8000000	100	stage-a-v1-no-unvalidated-margin	revision=stage-a-v1-no-unvalidated-margin;window=0.00000000000000000;recovery=0.00000000000000000;socket=0.00000000000000000;host=1.00000000000000000;nic=1.00000000000000000;control=none;waves=none	conditional	expected_rtt_unknown,rtt_variance_unknown,effective_socket_buffer_unknown,host_pps_capacity_unknown,nic_capacity_unknown	1	41d76c895e9558ffd998a76dd2aaf427-17	200	0	1872410	1872410	0	0	1.165	15.031	15490.9	9608.8	31616	15	0	0	38	0	0	0	0	1000	759	0	0	250	0	0	0	0	0	0	0	0	2483237	503463	4.932	1024	2048	4096	9908	250	4	9487	37948	0	0	0	0
mio	plain	caller	shared-pool:4	per-connection	all	on	on	8	retain	16777216	33554432	33554432	33554432	33554432	3-5	off									3					3	3	0-2	3-5	1	1	1	50	1	none	8000000	fixed:100000000	100000000		25	stage-a-v1-no-unvalidated-margin	revision=stage-a-v1-no-unvalidated-margin;window=0.00000000000000000;recovery=0.00000000000000000;socket=0.00000000000000000;host=1.00000000000000000;nic=1.00000000000000000;control=none;waves=none	conditional	expected_rtt_unknown,rtt_variance_unknown,effective_socket_buffer_unknown,host_pps_capacity_unknown	1	41d76c895e9558ffd998a76dd2aaf427-18	1	0	11398	11398	0	0	0.000	15.001	224.1	622.9	5228	15	0	0	0	11398	11398	46	43	1000	759	3	0	250	0	0	0	0	0	0	0	0	0	0	0	0	0	0	0	250	0	0	0	0	0	0	0
mio	plain	listener	shared-pool:4	per-connection	all	on	on	8	retain	16777216	33554432	33554432	33554432	33554432	0-2	off									3					3	3	0-2	3-5	1	1	0	50	0	none	8000000	fixed:100000000	100000000		25	stage-a-v1-no-unvalidated-margin	revision=stage-a-v1-no-unvalidated-margin;window=0.00000000000000000;recovery=0.00000000000000000;socket=0.00000000000000000;host=1.00000000000000000;nic=1.00000000000000000;control=none;waves=none	conditional	expected_rtt_unknown,rtt_variance_unknown,effective_socket_buffer_unknown,host_pps_capacity_unknown,nic_capacity_unknown	1	41d76c895e9558ffd998a76dd2aaf427-18	1	0	11398	11398	0	0	0.099	15.003	232.0	437.2	5252	15	0	0	0	0	0	0	0	1000	759	0	0	250	0	0	0	0	0	0	0	0	0	0	0	0	0	0	0	250	0	0	0	0	0	0	0
tokio	plain	caller	shared-pool:4	per-connection	all	on	on	8	retain	16777216	33554432	33554432	33554432	33554432	3-5	off									3					3	3	0-2	3-5	1	1	1	50	1	none	8000000	fixed:100000000	100000000		25	stage-a-v1-no-unvalidated-margin	revision=stage-a-v1-no-unvalidated-margin;window=0.00000000000000000;recovery=0.00000000000000000;socket=0.00000000000000000;host=1.00000000000000000;nic=1.00000000000000000;control=none;waves=none	conditional	expected_rtt_unknown,rtt_variance_unknown,effective_socket_buffer_unknown,host_pps_capacity_unknown	1	41d76c895e9558ffd998a76dd2aaf427-19	1	0	11397	11397	0	0	0.000	15.001	568.9	686.5	5400	15	0	0	0	11398	11397	6964	4644	1000	759	10	0	250	0	0	0	0	0	0	0	0	0	0	0	0	0	0	0	250	0	0	0	0	0	0	0
tokio	plain	listener	shared-pool:4	per-connection	all	on	on	8	retain	16777216	33554432	33554432	33554432	33554432	0-2	off									3					3	3	0-2	3-5	1	1	0	50	0	none	8000000	fixed:100000000	100000000		25	stage-a-v1-no-unvalidated-margin	revision=stage-a-v1-no-unvalidated-margin;window=0.00000000000000000;recovery=0.00000000000000000;socket=0.00000000000000000;host=1.00000000000000000;nic=1.00000000000000000;control=none;waves=none	conditional	expected_rtt_unknown,rtt_variance_unknown,effective_socket_buffer_unknown,host_pps_capacity_unknown,nic_capacity_unknown	1	41d76c895e9558ffd998a76dd2aaf427-19	1	0	11397	11397	0	0	0.091	15.004	344.1	417.3	5432	15	0	0	0	0	0	0	0	1000	759	0	0	250	0	0	0	0	0	0	0	0	0	0	0	0	0	0	0	250	0	0	0	0	0	0	0
mio	plain	caller	shared-pool:4	per-connection	all	on	on	8	retain	16777216	33554432	33554432	33554432	33554432	3-5	off									3					3	3	0-2	3-5	30	30	30	50	30	none	8000000	fixed:100000000	100000000		25	stage-a-v1-no-unvalidated-margin	revision=stage-a-v1-no-unvalidated-margin;window=0.00000000000000000;recovery=0.00000000000000000;socket=0.00000000000000000;host=1.00000000000000000;nic=1.00000000000000000;control=none;waves=none	conditional	expected_rtt_unknown,rtt_variance_unknown,effective_socket_buffer_unknown,host_pps_capacity_unknown	1	41d76c895e9558ffd998a76dd2aaf427-20	30	0	341941	341941	0	0	0.000	15.002	1836.0	5925.9	6016	15	0	0	7	341941	341941	10725	8883	1000	759	13	0	250	0	0	0	0	0	0	0	0	0	0	0	0	0	0	0	250	0	0	0	0	0	0	0
mio	plain	listener	shared-pool:4	per-connection	all	on	on	8	retain	16777216	33554432	33554432	33554432	33554432	0-2	off									3					3	3	0-2	3-5	30	30	0	50	0	none	8000000	fixed:100000000	100000000		25	stage-a-v1-no-unvalidated-margin	revision=stage-a-v1-no-unvalidated-margin;window=0.00000000000000000;recovery=0.00000000000000000;socket=0.00000000000000000;host=1.00000000000000000;nic=1.00000000000000000;control=none;waves=none	conditional	expected_rtt_unknown,rtt_variance_unknown,effective_socket_buffer_unknown,host_pps_capacity_unknown,nic_capacity_unknown	1	41d76c895e9558ffd998a76dd2aaf427-20	30	0	440321	341941	0	0	0.269	15.005	2872.6	3901.8	9728	15	0	0	7	0	0	0	0	1000	759	0	0	250	0	0	0	0	0	0	0	0	0	0	0	0	0	0	0	250	0	0	0	0	0	0	0
tokio	plain	caller	shared-pool:4	per-connection	all	on	on	8	retain	16777216	33554432	33554432	33554432	33554432	3-5	off									3					3	3	0-2	3-5	30	30	30	50	30	none	8000000	fixed:100000000	100000000		25	stage-a-v1-no-unvalidated-margin	revision=stage-a-v1-no-unvalidated-margin;window=0.00000000000000000;recovery=0.00000000000000000;socket=0.00000000000000000;host=1.00000000000000000;nic=1.00000000000000000;control=none;waves=none	conditional	expected_rtt_unknown,rtt_variance_unknown,effective_socket_buffer_unknown,host_pps_capacity_unknown	1	41d76c895e9558ffd998a76dd2aaf427-21	30	0	341921	341921	0	0	0.000	15.003	3800.5	5132.9	6656	15	0	0	0	341939	341921	375476	216840	1000	759	24	0	250	0	0	0	0	0	0	0	0	0	0	0	0	0	0	0	250	0	0	0	0	0	0	0
tokio	plain	listener	shared-pool:4	per-connection	all	on	on	8	retain	16777216	33554432	33554432	33554432	33554432	0-2	off									3					3	3	0-2	3-5	30	30	0	50	0	none	8000000	fixed:100000000	100000000		25	stage-a-v1-no-unvalidated-margin	revision=stage-a-v1-no-unvalidated-margin;window=0.00000000000000000;recovery=0.00000000000000000;socket=0.00000000000000000;host=1.00000000000000000;nic=1.00000000000000000;control=none;waves=none	conditional	expected_rtt_unknown,rtt_variance_unknown,effective_socket_buffer_unknown,host_pps_capacity_unknown,nic_capacity_unknown	1	41d76c895e9558ffd998a76dd2aaf427-21	30	0	341921	341921	0	0	0.196	15.007	4615.8	2985.4	11520	15	0	0	0	0	0	0	0	1000	759	0	0	250	0	0	0	0	0	0	0	0	441921	161666	2.734	1024	2048	4096	4741	250	4	1518	6072	0	0	0	0
mio	plain	caller	shared-pool:4	per-connection	all	on	on	8	retain	16777216	33554432	33554432	33554432	33554432	3-5	off									3					3	3	0-2	3-5	200	200	200	50	50	none	8000000	fixed:100000000	100000000		25	stage-a-v1-no-unvalidated-margin	revision=stage-a-v1-no-unvalidated-margin;window=0.00000000000000000;recovery=0.00000000000000000;socket=0.00000000000000000;host=1.00000000000000000;nic=1.00000000000000000;control=none;waves=none	conditional	expected_rtt_unknown,rtt_variance_unknown,effective_socket_buffer_unknown,host_pps_capacity_unknown	1	41d76c895e9558ffd998a76dd2aaf427-22	200	0	2279785	2279785	0	0	0.000	15.025	7314.0	20653.9	10408	15	0	0	2	2279785	2279785	170429	170261	1000	759	13	0	250	0	0	0	0	0	0	0	0	0	0	0	0	0	0	0	250	0	0	0	0	0	0	0
mio	plain	listener	shared-pool:4	per-connection	all	on	on	8	retain	16777216	33554432	33554432	33554432	33554432	0-2	off									3					3	3	0-2	3-5	200	200	0	50	0	none	8000000	fixed:100000000	100000000		25	stage-a-v1-no-unvalidated-margin	revision=stage-a-v1-no-unvalidated-margin;window=0.00000000000000000;recovery=0.00000000000000000;socket=0.00000000000000000;host=1.00000000000000000;nic=1.00000000000000000;control=none;waves=none	conditional	expected_rtt_unknown,rtt_variance_unknown,effective_socket_buffer_unknown,host_pps_capacity_unknown,nic_capacity_unknown	1	41d76c895e9558ffd998a76dd2aaf427-22	200	0	2869230	2279785	0	0	1.049	15.034	13083.3	12270.4	34376	15	0	0	10	0	0	0	0	1000	759	0	0	250	0	0	0	0	0	0	0	0	0	0	0	0	0	0	0	250	0	0	0	0	0	0	0
tokio	plain	caller	shared-pool:4	per-connection	all	on	on	8	retain	16777216	33554432	33554432	33554432	33554432	3-5	off									3					3	3	0-2	3-5	200	200	200	50	50	none	8000000	fixed:100000000	100000000		25	stage-a-v1-no-unvalidated-margin	revision=stage-a-v1-no-unvalidated-margin;window=0.00000000000000000;recovery=0.00000000000000000;socket=0.00000000000000000;host=1.00000000000000000;nic=1.00000000000000000;control=none;waves=none	conditional	expected_rtt_unknown,rtt_variance_unknown,effective_socket_buffer_unknown,host_pps_capacity_unknown	1	41d76c895e9558ffd998a76dd2aaf427-23	200	0	2234019	2234019	0	0	0.000	15.038	11087.2	18470.1	12160	15	0	0	30	2279616	2234019	4441635	2223007	1000	759	321	0	250	0	0	0	0	0	0	0	0	0	0	0	0	0	0	0	250	0	0	0	0	0	0	0
tokio	plain	listener	shared-pool:4	per-connection	all	on	on	8	retain	16777216	33554432	33554432	33554432	33554432	0-2	off									3					3	3	0-2	3-5	200	200	0	50	0	none	8000000	fixed:100000000	100000000		25	stage-a-v1-no-unvalidated-margin	revision=stage-a-v1-no-unvalidated-margin;window=0.00000000000000000;recovery=0.00000000000000000;socket=0.00000000000000000;host=1.00000000000000000;nic=1.00000000000000000;control=none;waves=none	conditional	expected_rtt_unknown,rtt_variance_unknown,effective_socket_buffer_unknown,host_pps_capacity_unknown,nic_capacity_unknown	1	41d76c895e9558ffd998a76dd2aaf427-23	200	0	2234019	2234019	0	0	0.970	15.044	16394.7	10121.0	36352	15	0	0	30	0	0	0	0	1000	759	0	0	250	0	0	0	0	0	0	0	0	2845390	632617	4.498	1024	2048	4096	8909	250	4	9487	37948	0	0	0	0
mio	plain	caller	shared-pool:4	per-connection	all	on	on	8	retain	16777216	33554432	33554432	33554432	33554432	3-5	off									3					3	3	0-2	3-5	1	1	1	50	1	none	8000000	input-relative:25		8000000	25	stage-a-v1-no-unvalidated-margin	revision=stage-a-v1-no-unvalidated-margin;window=0.00000000000000000;recovery=0.00000000000000000;socket=0.00000000000000000;host=1.00000000000000000;nic=1.00000000000000000;control=none;waves=none	conditional	expected_rtt_unknown,rtt_variance_unknown,effective_socket_buffer_unknown,host_pps_capacity_unknown	2	41d76c895e9558ffd998a76dd2aaf427-24	1	0	11398	11398	0	0	0.000	15.001	215.4	826.0	5264	15	0	0	0	11398	11398	1025	867	1000	759	12	0	250	0	0	0	0	0	0	0	0	0	0	0	0	0	0	0	250	0	0	0	0	0	0	0
mio	plain	listener	shared-pool:4	per-connection	all	on	on	8	retain	16777216	33554432	33554432	33554432	33554432	0-2	off									3					3	3	0-2	3-5	1	1	0	50	0	none	8000000	input-relative:25		8000000	25	stage-a-v1-no-unvalidated-margin	revision=stage-a-v1-no-unvalidated-margin;window=0.00000000000000000;recovery=0.00000000000000000;socket=0.00000000000000000;host=1.00000000000000000;nic=1.00000000000000000;control=none;waves=none	conditional	expected_rtt_unknown,rtt_variance_unknown,effective_socket_buffer_unknown,host_pps_capacity_unknown,nic_capacity_unknown	2	41d76c895e9558ffd998a76dd2aaf427-24	1	0	11398	11398	0	0	0.127	15.002	276.9	548.7	5192	15	0	0	0	0	0	0	0	1000	759	0	0	250	0	0	0	0	0	0	0	0	0	0	0	0	0	0	0	250	0	0	0	0	0	0	0
tokio	plain	caller	shared-pool:4	per-connection	all	on	on	8	retain	16777216	33554432	33554432	33554432	33554432	3-5	off									3					3	3	0-2	3-5	1	1	1	50	1	none	8000000	input-relative:25		8000000	25	stage-a-v1-no-unvalidated-margin	revision=stage-a-v1-no-unvalidated-margin;window=0.00000000000000000;recovery=0.00000000000000000;socket=0.00000000000000000;host=1.00000000000000000;nic=1.00000000000000000;control=none;waves=none	conditional	expected_rtt_unknown,rtt_variance_unknown,effective_socket_buffer_unknown,host_pps_capacity_unknown	2	41d76c895e9558ffd998a76dd2aaf427-25	1	0	9962	9962	0	0	0.000	15.001	335.5	656.7	5416	15	0	0	0	11397	9962	12174	9959	1000	759	759	678	250	0	0	0	0	0	0	0	0	0	0	0	0	0	0	0	250	0	0	0	0	0	0	0
tokio	plain	listener	shared-pool:4	per-connection	all	on	on	8	retain	16777216	33554432	33554432	33554432	33554432	0-2	off									3					3	3	0-2	3-5	1	1	0	50	0	none	8000000	input-relative:25		8000000	25	stage-a-v1-no-unvalidated-margin	revision=stage-a-v1-no-unvalidated-margin;window=0.00000000000000000;recovery=0.00000000000000000;socket=0.00000000000000000;host=1.00000000000000000;nic=1.00000000000000000;control=none;waves=none	conditional	expected_rtt_unknown,rtt_variance_unknown,effective_socket_buffer_unknown,host_pps_capacity_unknown,nic_capacity_unknown	2	41d76c895e9558ffd998a76dd2aaf427-25	1	0	9962	9962	0	0	0.114	15.004	338.4	408.6	5488	15	0	0	0	0	0	0	0	1000	759	0	0	250	0	0	0	0	0	0	0	0	0	0	0	0	0	0	0	250	0	0	0	0	0	0	0
mio	plain	caller	shared-pool:4	per-connection	all	on	on	8	retain	16777216	33554432	33554432	33554432	33554432	3-5	off									3					3	3	0-2	3-5	30	30	30	50	20	none	8000000	input-relative:25		8000000	25	stage-a-v1-no-unvalidated-margin	revision=stage-a-v1-no-unvalidated-margin;window=0.00000000000000000;recovery=0.00000000000000000;socket=0.00000000000000000;host=1.00000000000000000;nic=1.00000000000000000;control=none;waves=none	conditional	expected_rtt_unknown,rtt_variance_unknown,effective_socket_buffer_unknown,host_pps_capacity_unknown	2	41d76c895e9558ffd998a76dd2aaf427-26	30	0	341951	341951	0	0	0.000	15.003	1623.2	5204.5	6016	15	0	0	0	341952	341951	88904	39346	1000	759	29	0	250	0	0	0	0	0	0	0	0	0	0	0	0	0	0	0	250	0	0	0	0	0	0	0
mio	plain	listener	shared-pool:4	per-connection	all	on	on	8	retain	16777216	33554432	33554432	33554432	33554432	0-2	off									3					3	3	0-2	3-5	30	30	0	50	0	none	8000000	input-relative:25		8000000	25	stage-a-v1-no-unvalidated-margin	revision=stage-a-v1-no-unvalidated-margin;window=0.00000000000000000;recovery=0.00000000000000000;socket=0.00000000000000000;host=1.00000000000000000;nic=1.00000000000000000;control=none;waves=none	conditional	expected_rtt_unknown,rtt_variance_unknown,effective_socket_buffer_unknown,host_pps_capacity_unknown,nic_capacity_unknown	2	41d76c895e9558ffd998a76dd2aaf427-26	30	0	441186	341951	0	0	0.321	15.006	2549.6	3517.3	9856	15	0	0	0	0	0	0	0	1000	759	0	0	250	0	0	0	0	0	0	0	0	0	0	0	0	0	0	0	250	0	0	0	0	0	0	0
tokio	plain	caller	shared-pool:4	per-connection	all	on	on	8	retain	16777216	33554432	33554432	33554432	33554432	3-5	off									3					3	3	0-2	3-5	30	30	30	50	30	none	8000000	input-relative:25		8000000	25	stage-a-v1-no-unvalidated-margin	revision=stage-a-v1-no-unvalidated-margin;window=0.00000000000000000;recovery=0.00000000000000000;socket=0.00000000000000000;host=1.00000000000000000;nic=1.00000000000000000;control=none;waves=none	conditional	expected_rtt_unknown,rtt_variance_unknown,effective_socket_buffer_unknown,host_pps_capacity_unknown	2	41d76c895e9558ffd998a76dd2aaf427-27	30	0	313097	313097	0	0	0.000	15.003	2658.5	4943.6	6764	15	0	0	3	341938	313097	445977	313042	1000	759	759	6108	250	0	0	0	0	0	0	0	0	0	0	0	0	0	0	0	250	0	0	0	0	0	0	0
tokio	plain	listener	shared-pool:4	per-connection	all	on	on	8	retain	16777216	33554432	33554432	33554432	33554432	0-2	off									3					3	3	0-2	3-5	30	30	0	50	0	none	8000000	input-relative:25		8000000	25	stage-a-v1-no-unvalidated-margin	revision=stage-a-v1-no-unvalidated-margin;window=0.00000000000000000;recovery=0.00000000000000000;socket=0.00000000000000000;host=1.00000000000000000;nic=1.00000000000000000;control=none;waves=none	conditional	expected_rtt_unknown,rtt_variance_unknown,effective_socket_buffer_unknown,host_pps_capacity_unknown,nic_capacity_unknown	2	41d76c895e9558ffd998a76dd2aaf427-27	30	0	313097	313097	0	0	0.172	15.007	4591.9	3446.0	11008	15	0	0	3	0	0	0	0	1000	759	0	0	250	0	0	0	0	0	0	0	0	413590	152622	2.710	1024	2048	2048	3684	250	4	1518	6072	0	0	0	0
mio	plain	caller	shared-pool:4	per-connection	all	on	on	8	retain	16777216	33554432	33554432	33554432	33554432	3-5	off									3					3	3	0-2	3-5	200	200	200	50	50	none	8000000	input-relative:25		8000000	25	stage-a-v1-no-unvalidated-margin	revision=stage-a-v1-no-unvalidated-margin;window=0.00000000000000000;recovery=0.00000000000000000;socket=0.00000000000000000;host=1.00000000000000000;nic=1.00000000000000000;control=none;waves=none	conditional	expected_rtt_unknown,rtt_variance_unknown,effective_socket_buffer_unknown,host_pps_capacity_unknown	2	41d76c895e9558ffd998a76dd2aaf427-28	200	0	2273454	2273454	0	0	0.000	15.029	7257.9	21081.0	11136	15	0	0	6	2279788	2273454	4695536	1609272	1000	759	354	0	250	0	0	0	0	0	0	0	0	0	0	0	0	0	0	0	250	0	0	0	0	0	0	0
mio	plain	listener	shared-pool:4	per-connection	all	on	on	8	retain	16777216	33554432	33554432	33554432	33554432	0-2	off									3					3	3	0-2	3-5	200	200	0	50	0	none	8000000	input-relative:25		8000000	25	stage-a-v1-no-unvalidated-margin	revision=stage-a-v1-no-unvalidated-margin;window=0.00000000000000000;recovery=0.00000000000000000;socket=0.00000000000000000;host=1.00000000000000000;nic=1.00000000000000000;control=none;waves=none	conditional	expected_rtt_unknown,rtt_variance_unknown,effective_socket_buffer_unknown,host_pps_capacity_unknown,nic_capacity_unknown	2	41d76c895e9558ffd998a76dd2aaf427-28	200	0	2859614	2273454	0	0	1.218	15.037	13521.4	12501.2	34688	15	0	0	11	0	0	0	0	1000	759	0	0	250	0	0	0	0	0	0	0	0	0	0	0	0	0	0	0	250	0	0	0	0	0	0	0
tokio	plain	caller	shared-pool:4	per-connection	all	on	on	8	retain	16777216	33554432	33554432	33554432	33554432	3-5	off									3					3	3	0-2	3-5	200	200	200	50	50	none	8000000	input-relative:25		8000000	25	stage-a-v1-no-unvalidated-margin	revision=stage-a-v1-no-unvalidated-margin;window=0.00000000000000000;recovery=0.00000000000000000;socket=0.00000000000000000;host=1.00000000000000000;nic=1.00000000000000000;control=none;waves=none	conditional	expected_rtt_unknown,rtt_variance_unknown,effective_socket_buffer_unknown,host_pps_capacity_unknown	2	41d76c895e9558ffd998a76dd2aaf427-29	200	0	1713229	1713229	0	0	0.000	15.027	9176.8	16529.9	11776	15	0	0	39	2279617	1713229	2424694	1712870	1000	759	759	414809	250	0	0	0	0	0	0	0	0	0	0	0	0	0	0	0	250	0	0	0	0	0	0	0
tokio	plain	listener	shared-pool:4	per-connection	all	on	on	8	retain	16777216	33554432	33554432	33554432	33554432	0-2	off									3					3	3	0-2	3-5	200	200	0	50	0	none	8000000	input-relative:25		8000000	25	stage-a-v1-no-unvalidated-margin	revision=stage-a-v1-no-unvalidated-margin;window=0.00000000000000000;recovery=0.00000000000000000;socket=0.00000000000000000;host=1.00000000000000000;nic=1.00000000000000000;control=none;waves=none	conditional	expected_rtt_unknown,rtt_variance_unknown,effective_socket_buffer_unknown,host_pps_capacity_unknown,nic_capacity_unknown	2	41d76c895e9558ffd998a76dd2aaf427-29	200	0	1713229	1713229	0	0	0.863	15.031	14358.1	9362.2	29952	15	0	0	39	0	0	0	0	1000	759	0	0	250	0	0	0	0	0	0	0	0	2320822	499921	4.642	1024	2048	4096	8959	250	4	9487	37948	0	0	0	0
mio	plain	caller	shared-pool:4	per-connection	all	on	on	8	retain	16777216	33554432	33554432	33554432	33554432	3-5	off									3					3	3	0-2	3-5	1	1	1	50	1	none	8000000	input-relative:50		8000000	50	stage-a-v1-no-unvalidated-margin	revision=stage-a-v1-no-unvalidated-margin;window=0.00000000000000000;recovery=0.00000000000000000;socket=0.00000000000000000;host=1.00000000000000000;nic=1.00000000000000000;control=none;waves=none	conditional	expected_rtt_unknown,rtt_variance_unknown,effective_socket_buffer_unknown,host_pps_capacity_unknown	2	41d76c895e9558ffd998a76dd2aaf427-30	1	0	11399	11399	0	0	0.000	15.001	205.8	720.2	5128	15	0	0	0	11399	11399	243	206	1000	759	3	0	250	0	0	0	0	0	0	0	0	0	0	0	0	0	0	0	250	0	0	0	0	0	0	0
mio	plain	listener	shared-pool:4	per-connection	all	on	on	8	retain	16777216	33554432	33554432	33554432	33554432	0-2	off									3					3	3	0-2	3-5	1	1	0	50	0	none	8000000	input-relative:50		8000000	50	stage-a-v1-no-unvalidated-margin	revision=stage-a-v1-no-unvalidated-margin;window=0.00000000000000000;recovery=0.00000000000000000;socket=0.00000000000000000;host=1.00000000000000000;nic=1.00000000000000000;control=none;waves=none	conditional	expected_rtt_unknown,rtt_variance_unknown,effective_socket_buffer_unknown,host_pps_capacity_unknown,nic_capacity_unknown	2	41d76c895e9558ffd998a76dd2aaf427-30	1	0	11399	11399	0	0	0.096	15.003	268.0	459.6	5208	15	0	0	0	0	0	0	0	1000	759	0	0	250	0	0	0	0	0	0	0	0	0	0	0	0	0	0	0	250	0	0	0	0	0	0	0
tokio	plain	caller	shared-pool:4	per-connection	all	on	on	8	retain	16777216	33554432	33554432	33554432	33554432	3-5	off									3					3	3	0-2	3-5	1	1	1	50	1	none	8000000	input-relative:50		8000000	50	stage-a-v1-no-unvalidated-margin	revision=stage-a-v1-no-unvalidated-margin;window=0.00000000000000000;recovery=0.00000000000000000;socket=0.00000000000000000;host=1.00000000000000000;nic=1.00000000000000000;control=none;waves=none	conditional	expected_rtt_unknown,rtt_variance_unknown,effective_socket_buffer_unknown,host_pps_capacity_unknown	2	41d76c895e9558ffd998a76dd2aaf427-31	1	0	10035	10035	0	0	0.000	15.002	310.6	745.3	5408	15	0	0	0	11398	10035	13922	10032	1000	759	759	606	250	0	0	0	0	0	0	0	0	0	0	0	0	0	0	0	250	0	0	0	0	0	0	0
tokio	plain	listener	shared-pool:4	per-connection	all	on	on	8	retain	16777216	33554432	33554432	33554432	33554432	0-2	off									3					3	3	0-2	3-5	1	1	0	50	0	none	8000000	input-relative:50		8000000	50	stage-a-v1-no-unvalidated-margin	revision=stage-a-v1-no-unvalidated-margin;window=0.00000000000000000;recovery=0.00000000000000000;socket=0.00000000000000000;host=1.00000000000000000;nic=1.00000000000000000;control=none;waves=none	conditional	expected_rtt_unknown,rtt_variance_unknown,effective_socket_buffer_unknown,host_pps_capacity_unknown,nic_capacity_unknown	2	41d76c895e9558ffd998a76dd2aaf427-31	1	0	10035	10035	0	0	0.119	15.004	365.4	412.8	5348	15	0	0	0	0	0	0	0	1000	759	0	0	250	0	0	0	0	0	0	0	0	0	0	0	0	0	0	0	250	0	0	0	0	0	0	0
mio	plain	caller	shared-pool:4	per-connection	all	on	on	8	retain	16777216	33554432	33554432	33554432	33554432	3-5	off									3					3	3	0-2	3-5	30	30	30	50	20	none	8000000	input-relative:50		8000000	50	stage-a-v1-no-unvalidated-margin	revision=stage-a-v1-no-unvalidated-margin;window=0.00000000000000000;recovery=0.00000000000000000;socket=0.00000000000000000;host=1.00000000000000000;nic=1.00000000000000000;control=none;waves=none	conditional	expected_rtt_unknown,rtt_variance_unknown,effective_socket_buffer_unknown,host_pps_capacity_unknown	2	41d76c895e9558ffd998a76dd2aaf427-32	30	0	341940	341940	0	0	0.000	15.002	1872.2	6526.7	6016	15	0	0	3	341946	341940	191145	91117	1000	759	64	0	250	0	0	0	0	0	0	0	0	0	0	0	0	0	0	0	250	0	0	0	0	0	0	0
mio	plain	listener	shared-pool:4	per-connection	all	on	on	8	retain	16777216	33554432	33554432	33554432	33554432	0-2	off									3					3	3	0-2	3-5	30	30	0	50	0	none	8000000	input-relative:50		8000000	50	stage-a-v1-no-unvalidated-margin	revision=stage-a-v1-no-unvalidated-margin;window=0.00000000000000000;recovery=0.00000000000000000;socket=0.00000000000000000;host=1.00000000000000000;nic=1.00000000000000000;control=none;waves=none	conditional	expected_rtt_unknown,rtt_variance_unknown,effective_socket_buffer_unknown,host_pps_capacity_unknown,nic_capacity_unknown	2	41d76c895e9558ffd998a76dd2aaf427-32	30	0	440740	341940	0	0	0.401	15.006	2999.7	4167.2	9984	15	0	0	5	0	0	0	0	1000	759	0	0	250	0	0	0	0	0	0	0	0	0	0	0	0	0	0	0	250	0	0	0	0	0	0	0
tokio	plain	caller	shared-pool:4	per-connection	all	on	on	8	retain	16777216	33554432	33554432	33554432	33554432	3-5	off									3					3	3	0-2	3-5	30	30	30	50	30	none	8000000	input-relative:50		8000000	50	stage-a-v1-no-unvalidated-margin	revision=stage-a-v1-no-unvalidated-margin;window=0.00000000000000000;recovery=0.00000000000000000;socket=0.00000000000000000;host=1.00000000000000000;nic=1.00000000000000000;control=none;waves=none	conditional	expected_rtt_unknown,rtt_variance_unknown,effective_socket_buffer_unknown,host_pps_capacity_unknown	2	41d76c895e9558ffd998a76dd2aaf427-33	30	0	314610	314610	0	0	0.000	15.004	2611.1	5035.2	6832	15	0	0	0	341940	314610	446919	314378	1000	759	759	4596	250	0	0	0	0	0	0	0	0	0	0	0	0	0	0	0	250	0	0	0	0	0	0	0
tokio	plain	listener	shared-pool:4	per-connection	all	on	on	8	retain	16777216	33554432	33554432	33554432	33554432	0-2	off									3					3	3	0-2	3-5	30	30	0	50	0	none	8000000	input-relative:50		8000000	50	stage-a-v1-no-unvalidated-margin	revision=stage-a-v1-no-unvalidated-margin;window=0.00000000000000000;recovery=0.00000000000000000;socket=0.00000000000000000;host=1.00000000000000000;nic=1.00000000000000000;control=none;waves=none	conditional	expected_rtt_unknown,rtt_variance_unknown,effective_socket_buffer_unknown,host_pps_capacity_unknown,nic_capacity_unknown	2	41d76c895e9558ffd998a76dd2aaf427-33	30	0	314610	314610	0	0	0.217	15.007	4795.3	3300.7	10880	15	0	0	0	0	0	0	0	1000	759	0	0	250	0	0	0	0	0	0	0	0	415229	153781	2.700	1024	2048	2048	2687	250	4	1518	6072	0	0	0	0
mio	plain	caller	shared-pool:4	per-connection	all	on	on	8	retain	16777216	33554432	33554432	33554432	33554432	3-5	off									3					3	3	0-2	3-5	200	200	200	50	50	none	8000000	input-relative:50		8000000	50	stage-a-v1-no-unvalidated-margin	revision=stage-a-v1-no-unvalidated-margin;window=0.00000000000000000;recovery=0.00000000000000000;socket=0.00000000000000000;host=1.00000000000000000;nic=1.00000000000000000;control=none;waves=none	conditional	expected_rtt_unknown,rtt_variance_unknown,effective_socket_buffer_unknown,host_pps_capacity_unknown	2	41d76c895e9558ffd998a76dd2aaf427-34	200	0	2279340	2279340	0	0	0.000	15.025	7429.2	21151.5	10336	15	0	0	8	2279773	2279340	4103726	1468318	1000	759	115	0	250	0	0	0	0	0	0	0	0	0	0	0	0	0	0	0	250	0	0	0	0	0	0	0
mio	plain	listener	shared-pool:4	per-connection	all	on	on	8	retain	16777216	33554432	33554432	33554432	33554432	0-2	off									3					3	3	0-2	3-5	200	200	0	50	0	none	8000000	input-relative:50		8000000	50	stage-a-v1-no-unvalidated-margin	revision=stage-a-v1-no-unvalidated-margin;window=0.00000000000000000;recovery=0.00000000000000000;socket=0.00000000000000000;host=1.00000000000000000;nic=1.00000000000000000;control=none;waves=none	conditional	expected_rtt_unknown,rtt_variance_unknown,effective_socket_buffer_unknown,host_pps_capacity_unknown,nic_capacity_unknown	2	41d76c895e9558ffd998a76dd2aaf427-34	200	0	2866902	2279340	0	0	1.150	15.033	13369.8	12810.8	37376	15	0	0	22	0	0	0	0	1000	759	0	0	250	0	0	0	0	0	0	0	0	0	0	0	0	0	0	0	250	0	0	0	0	0	0	0
tokio	plain	caller	shared-pool:4	per-connection	all	on	on	8	retain	16777216	33554432	33554432	33554432	33554432	3-5	off									3					3	3	0-2	3-5	200	200	200	50	50	none	8000000	input-relative:50		8000000	50	stage-a-v1-no-unvalidated-margin	revision=stage-a-v1-no-unvalidated-margin;window=0.00000000000000000;recovery=0.00000000000000000;socket=0.00000000000000000;host=1.00000000000000000;nic=1.00000000000000000;control=none;waves=none	conditional	expected_rtt_unknown,rtt_variance_unknown,effective_socket_buffer_unknown,host_pps_capacity_unknown	2	41d76c895e9558ffd998a76dd2aaf427-35	200	0	1710070	1710070	0	0	0.000	15.030	9657.7	17049.0	12032	15	0	0	39	2279566	1710070	2290665	1709729	1000	759	759	417906	250	0	0	0	0	0	0	0	0	0	0	0	0	0	0	0	250	0	0	0	0	0	0	0
tokio	plain	listener	shared-pool:4	per-connection	all	on	on	8	retain	16777216	33554432	33554432	33554432	33554432	0-2	off									3					3	3	0-2	3-5	200	200	0	50	0	none	8000000	input-relative:50		8000000	50	stage-a-v1-no-unvalidated-margin	revision=stage-a-v1-no-unvalidated-margin;window=0.00000000000000000;recovery=0.00000000000000000;socket=0.00000000000000000;host=1.00000000000000000;nic=1.00000000000000000;control=none;waves=none	conditional	expected_rtt_unknown,rtt_variance_unknown,effective_socket_buffer_unknown,host_pps_capacity_unknown,nic_capacity_unknown	2	41d76c895e9558ffd998a76dd2aaf427-35	200	0	1710070	1710070	0	0	1.028	15.038	14323.6	9670.6	30080	15	0	0	44	0	0	0	0	1000	759	0	0	250	0	0	0	0	0	0	0	0	2319392	475310	4.880	1024	2048	4096	7977	250	4	9487	37948	0	0	0	0
mio	plain	caller	shared-pool:4	per-connection	all	on	on	8	retain	16777216	33554432	33554432	33554432	33554432	3-5	off									3					3	3	0-2	3-5	1	1	1	50	1	none	8000000	input-relative:100		8000000	100	stage-a-v1-no-unvalidated-margin	revision=stage-a-v1-no-unvalidated-margin;window=0.00000000000000000;recovery=0.00000000000000000;socket=0.00000000000000000;host=1.00000000000000000;nic=1.00000000000000000;control=none;waves=none	conditional	expected_rtt_unknown,rtt_variance_unknown,effective_socket_buffer_unknown,host_pps_capacity_unknown	2	41d76c895e9558ffd998a76dd2aaf427-36	1	0	11398	11398	0	0	0.000	15.001	235.4	742.3	5176	15	0	0	0	11398	11398	224	204	1000	759	3	0	250	0	0	0	0	0	0	0	0	0	0	0	0	0	0	0	250	0	0	0	0	0	0	0
mio	plain	listener	shared-pool:4	per-connection	all	on	on	8	retain	16777216	33554432	33554432	33554432	33554432	0-2	off									3					3	3	0-2	3-5	1	1	0	50	0	none	8000000	input-relative:100		8000000	100	stage-a-v1-no-unvalidated-margin	revision=stage-a-v1-no-unvalidated-margin;window=0.00000000000000000;recovery=0.00000000000000000;socket=0.00000000000000000;host=1.00000000000000000;nic=1.00000000000000000;control=none;waves=none	conditional	expected_rtt_unknown,rtt_variance_unknown,effective_socket_buffer_unknown,host_pps_capacity_unknown,nic_capacity_unknown	2	41d76c895e9558ffd998a76dd2aaf427-36	1	0	11398	11398	0	0	0.088	15.003	267.9	491.3	5212	15	0	0	0	0	0	0	0	1000	759	0	0	250	0	0	0	0	0	0	0	0	0	0	0	0	0	0	0	250	0	0	0	0	0	0	0
tokio	plain	caller	shared-pool:4	per-connection	all	on	on	8	retain	16777216	33554432	33554432	33554432	33554432	3-5	off									3					3	3	0-2	3-5	1	1	1	50	1	none	8000000	input-relative:100		8000000	100	stage-a-v1-no-unvalidated-margin	revision=stage-a-v1-no-unvalidated-margin;window=0.00000000000000000;recovery=0.00000000000000000;socket=0.00000000000000000;host=1.00000000000000000;nic=1.00000000000000000;control=none;waves=none	conditional	expected_rtt_unknown,rtt_variance_unknown,effective_socket_buffer_unknown,host_pps_capacity_unknown	2	41d76c895e9558ffd998a76dd2aaf427-37	1	0	10964	10964	0	0	0.000	15.002	354.7	708.4	5444	15	0	0	0	11399	10964	16351	10962	1000	759	437	0	250	0	0	0	0	0	0	0	0	0	0	0	0	0	0	0	250	0	0	0	0	0	0	0
tokio	plain	listener	shared-pool:4	per-connection	all	on	on	8	retain	16777216	33554432	33554432	33554432	33554432	0-2	off									3					3	3	0-2	3-5	1	1	0	50	0	none	8000000	input-relative:100		8000000	100	stage-a-v1-no-unvalidated-margin	revision=stage-a-v1-no-unvalidated-margin;window=0.00000000000000000;recovery=0.00000000000000000;socket=0.00000000000000000;host=1.00000000000000000;nic=1.00000000000000000;control=none;waves=none	conditional	expected_rtt_unknown,rtt_variance_unknown,effective_socket_buffer_unknown,host_pps_capacity_unknown,nic_capacity_unknown	2	41d76c895e9558ffd998a76dd2aaf427-37	1	0	10964	10964	0	0	0.108	15.004	394.9	399.1	5484	15	0	0	0	0	0	0	0	1000	759	0	0	250	0	0	0	0	0	0	0	0	0	0	0	0	0	0	0	250	0	0	0	0	0	0	0
mio	plain	caller	shared-pool:4	per-connection	all	on	on	8	retain	16777216	33554432	33554432	33554432	33554432	3-5	off									3					3	3	0-2	3-5	30	30	30	50	30	none	8000000	input-relative:100		8000000	100	stage-a-v1-no-unvalidated-margin	revision=stage-a-v1-no-unvalidated-margin;window=0.00000000000000000;recovery=0.00000000000000000;socket=0.00000000000000000;host=1.00000000000000000;nic=1.00000000000000000;control=none;waves=none	conditional	expected_rtt_unknown,rtt_variance_unknown,effective_socket_buffer_unknown,host_pps_capacity_unknown	2	41d76c895e9558ffd998a76dd2aaf427-38	30	0	341961	341961	0	0	0.000	15.002	1852.2	5741.9	6016	15	0	0	0	341961	341961	92632	44219	1000	759	23	0	250	0	0	0	0	0	0	0	0	0	0	0	0	0	0	0	250	0	0	0	0	0	0	0
mio	plain	listener	shared-pool:4	per-connection	all	on	on	8	retain	16777216	33554432	33554432	33554432	33554432	0-2	off									3					3	3	0-2	3-5	30	30	0	50	0	none	8000000	input-relative:100		8000000	100	stage-a-v1-no-unvalidated-margin	revision=stage-a-v1-no-unvalidated-margin;window=0.00000000000000000;recovery=0.00000000000000000;socket=0.00000000000000000;host=1.00000000000000000;nic=1.00000000000000000;control=none;waves=none	conditional	expected_rtt_unknown,rtt_variance_unknown,effective_socket_buffer_unknown,host_pps_capacity_unknown,nic_capacity_unknown	2	41d76c895e9558ffd998a76dd2aaf427-38	30	0	440842	341961	0	0	0.287	15.005	2857.3	3867.4	10112	15	0	0	0	0	0	0	0	1000	759	0	0	250	0	0	0	0	0	0	0	0	0	0	0	0	0	0	0	250	0	0	0	0	0	0	0
tokio	plain	caller	shared-pool:4	per-connection	all	on	on	8	retain	16777216	33554432	33554432	33554432	33554432	3-5	off									3					3	3	0-2	3-5	30	30	30	50	30	none	8000000	input-relative:100		8000000	100	stage-a-v1-no-unvalidated-margin	revision=stage-a-v1-no-unvalidated-margin;window=0.00000000000000000;recovery=0.00000000000000000;socket=0.00000000000000000;host=1.00000000000000000;nic=1.00000000000000000;control=none;waves=none	conditional	expected_rtt_unknown,rtt_variance_unknown,effective_socket_buffer_unknown,host_pps_capacity_unknown	2	41d76c895e9558ffd998a76dd2aaf427-39	30	0	325898	325898	0	0	0.000	15.004	2946.0	5876.2	6528	15	0	0	3	341946	325898	462871	325802	1000	759	625	0	250	0	0	0	0	0	0	0	0	0	0	0	0	0	0	0	250	0	0	0	0	0	0	0
tokio	plain	listener	shared-pool:4	per-connection	all	on	on	8	retain	16777216	33554432	33554432	33554432	33554432	0-2	off									3					3	3	0-2	3-5	30	30	0	50	0	none	8000000	input-relative:100		8000000	100	stage-a-v1-no-unvalidated-margin	revision=stage-a-v1-no-unvalidated-margin;window=0.00000000000000000;recovery=0.00000000000000000;socket=0.00000000000000000;host=1.00000000000000000;nic=1.00000000000000000;control=none;waves=none	conditional	expected_rtt_unknown,rtt_variance_unknown,effective_socket_buffer_unknown,host_pps_capacity_unknown,nic_capacity_unknown	2	41d76c895e9558ffd998a76dd2aaf427-39	30	0	325898	325898	0	0	0.263	15.006	5226.0	3818.5	11392	15	0	0	3	0	0	0	0	1000	759	0	0	250	0	0	0	0	0	0	0	0	427093	148328	2.879	1024	2048	2048	10305	250	4	1518	6072	0	0	0	0
mio	plain	caller	shared-pool:4	per-connection	all	on	on	8	retain	16777216	33554432	33554432	33554432	33554432	3-5	off									3					3	3	0-2	3-5	200	200	200	50	50	none	8000000	input-relative:100		8000000	100	stage-a-v1-no-unvalidated-margin	revision=stage-a-v1-no-unvalidated-margin;window=0.00000000000000000;recovery=0.00000000000000000;socket=0.00000000000000000;host=1.00000000000000000;nic=1.00000000000000000;control=none;waves=none	conditional	expected_rtt_unknown,rtt_variance_unknown,effective_socket_buffer_unknown,host_pps_capacity_unknown	2	41d76c895e9558ffd998a76dd2aaf427-40	200	0	2279783	2279783	0	0	0.000	15.033	7675.4	21866.4	10752	15	0	0	18	2279783	2279783	1418727	740069	1000	759	23	0	250	0	0	0	0	0	0	0	0	0	0	0	0	0	0	0	250	0	0	0	0	0	0	0
mio	plain	listener	shared-pool:4	per-connection	all	on	on	8	retain	16777216	33554432	33554432	33554432	33554432	0-2	off									3					3	3	0-2	3-5	200	200	0	50	0	none	8000000	input-relative:100		8000000	100	stage-a-v1-no-unvalidated-margin	revision=stage-a-v1-no-unvalidated-margin;window=0.00000000000000000;recovery=0.00000000000000000;socket=0.00000000000000000;host=1.00000000000000000;nic=1.00000000000000000;control=none;waves=none	conditional	expected_rtt_unknown,rtt_variance_unknown,effective_socket_buffer_unknown,host_pps_capacity_unknown,nic_capacity_unknown	2	41d76c895e9558ffd998a76dd2aaf427-40	200	0	2871595	2279783	0	0	0.972	15.042	13900.9	12772.3	37760	15	0	0	23	0	0	0	0	1000	759	0	0	250	0	0	0	0	0	0	0	0	0	0	0	0	0	0	0	250	0	0	0	0	0	0	0
tokio	plain	caller	shared-pool:4	per-connection	all	on	on	8	retain	16777216	33554432	33554432	33554432	33554432	3-5	off									3					3	3	0-2	3-5	200	200	200	50	50	none	8000000	input-relative:100		8000000	100	stage-a-v1-no-unvalidated-margin	revision=stage-a-v1-no-unvalidated-margin;window=0.00000000000000000;recovery=0.00000000000000000;socket=0.00000000000000000;host=1.00000000000000000;nic=1.00000000000000000;control=none;waves=none	conditional	expected_rtt_unknown,rtt_variance_unknown,effective_socket_buffer_unknown,host_pps_capacity_unknown	2	41d76c895e9558ffd998a76dd2aaf427-41	200	0	1854161	1854161	0	0	0.000	15.030	10260.8	17083.9	12160	15	0	0	45	2279623	1854161	2352971	1853729	1000	759	759	273893	250	0	0	0	0	0	0	0	0	0	0	0	0	0	0	0	250	0	0	0	0	0	0	0
tokio	plain	listener	shared-pool:4	per-connection	all	on	on	8	retain	16777216	33554432	33554432	33554432	33554432	0-2	off									3					3	3	0-2	3-5	200	200	0	50	0	none	8000000	input-relative:100		8000000	100	stage-a-v1-no-unvalidated-margin	revision=stage-a-v1-no-unvalidated-margin;window=0.00000000000000000;recovery=0.00000000000000000;socket=0.00000000000000000;host=1.00000000000000000;nic=1.00000000000000000;control=none;waves=none	conditional	expected_rtt_unknown,rtt_variance_unknown,effective_socket_buffer_unknown,host_pps_capacity_unknown,nic_capacity_unknown	2	41d76c895e9558ffd998a76dd2aaf427-41	200	0	1854161	1854161	0	0	1.256	15.036	14972.5	9831.3	31872	15	0	0	45	0	0	0	0	1000	759	0	0	250	0	0	0	0	0	0	0	0	2464527	514517	4.790	1024	2048	4096	41008	250	4	9487	37948	0	0	0	0
mio	plain	caller	shared-pool:4	per-connection	all	on	on	8	retain	16777216	33554432	33554432	33554432	33554432	3-5	off									3					3	3	0-2	3-5	1	1	1	50	1	none	8000000	fixed:100000000	100000000		25	stage-a-v1-no-unvalidated-margin	revision=stage-a-v1-no-unvalidated-margin;window=0.00000000000000000;recovery=0.00000000000000000;socket=0.00000000000000000;host=1.00000000000000000;nic=1.00000000000000000;control=none;waves=none	conditional	expected_rtt_unknown,rtt_variance_unknown,effective_socket_buffer_unknown,host_pps_capacity_unknown	2	41d76c895e9558ffd998a76dd2aaf427-42	1	0	11398	11398	0	0	0.000	15.001	197.7	687.6	5196	15	0	0	0	11398	11398	67	66	1000	759	7	0	250	0	0	0	0	0	0	0	0	0	0	0	0	0	0	0	250	0	0	0	0	0	0	0
mio	plain	listener	shared-pool:4	per-connection	all	on	on	8	retain	16777216	33554432	33554432	33554432	33554432	0-2	off									3					3	3	0-2	3-5	1	1	0	50	0	none	8000000	fixed:100000000	100000000		25	stage-a-v1-no-unvalidated-margin	revision=stage-a-v1-no-unvalidated-margin;window=0.00000000000000000;recovery=0.00000000000000000;socket=0.00000000000000000;host=1.00000000000000000;nic=1.00000000000000000;control=none;waves=none	conditional	expected_rtt_unknown,rtt_variance_unknown,effective_socket_buffer_unknown,host_pps_capacity_unknown,nic_capacity_unknown	2	41d76c895e9558ffd998a76dd2aaf427-42	1	0	11398	11398	0	0	0.120	15.003	253.9	440.2	5212	15	0	0	0	0	0	0	0	1000	759	0	0	250	0	0	0	0	0	0	0	0	0	0	0	0	0	0	0	250	0	0	0	0	0	0	0
tokio	plain	caller	shared-pool:4	per-connection	all	on	on	8	retain	16777216	33554432	33554432	33554432	33554432	3-5	off									3					3	3	0-2	3-5	1	1	1	50	1	none	8000000	fixed:100000000	100000000		25	stage-a-v1-no-unvalidated-margin	revision=stage-a-v1-no-unvalidated-margin;window=0.00000000000000000;recovery=0.00000000000000000;socket=0.00000000000000000;host=1.00000000000000000;nic=1.00000000000000000;control=none;waves=none	conditional	expected_rtt_unknown,rtt_variance_unknown,effective_socket_buffer_unknown,host_pps_capacity_unknown	2	41d76c895e9558ffd998a76dd2aaf427-43	1	0	11398	11398	0	0	0.000	15.002	625.0	648.5	5400	15	0	0	1	11398	11398	6960	4720	1000	759	4	0	250	0	0	0	0	0	0	0	0	0	0	0	0	0	0	0	250	0	0	0	0	0	0	0
tokio	plain	listener	shared-pool:4	per-connection	all	on	on	8	retain	16777216	33554432	33554432	33554432	33554432	0-2	off									3					3	3	0-2	3-5	1	1	0	50	0	none	8000000	fixed:100000000	100000000		25	stage-a-v1-no-unvalidated-margin	revision=stage-a-v1-no-unvalidated-margin;window=0.00000000000000000;recovery=0.00000000000000000;socket=0.00000000000000000;host=1.00000000000000000;nic=1.00000000000000000;control=none;waves=none	conditional	expected_rtt_unknown,rtt_variance_unknown,effective_socket_buffer_unknown,host_pps_capacity_unknown,nic_capacity_unknown	2	41d76c895e9558ffd998a76dd2aaf427-43	1	0	11398	11398	0	0	0.106	15.004	377.2	407.3	5404	15	0	0	1	0	0	0	0	1000	759	0	0	250	0	0	0	0	0	0	0	0	0	0	0	0	0	0	0	250	0	0	0	0	0	0	0
mio	plain	caller	shared-pool:4	per-connection	all	on	on	8	retain	16777216	33554432	33554432	33554432	33554432	3-5	off									3					3	3	0-2	3-5	30	30	30	50	30	none	8000000	fixed:100000000	100000000		25	stage-a-v1-no-unvalidated-margin	revision=stage-a-v1-no-unvalidated-margin;window=0.00000000000000000;recovery=0.00000000000000000;socket=0.00000000000000000;host=1.00000000000000000;nic=1.00000000000000000;control=none;waves=none	conditional	expected_rtt_unknown,rtt_variance_unknown,effective_socket_buffer_unknown,host_pps_capacity_unknown	2	41d76c895e9558ffd998a76dd2aaf427-44	30	0	341953	341953	0	0	0.000	15.003	2246.7	12591.0	6656	15	0	0	3	341953	341953	121820	94820	1000	759	261	0	250	0	0	0	0	0	0	0	0	0	0	0	0	0	0	0	250	0	0	0	0	0	0	0
mio	plain	listener	shared-pool:4	per-connection	all	on	on	8	retain	16777216	33554432	33554432	33554432	33554432	0-2	off									3					3	3	0-2	3-5	30	30	0	50	0	none	8000000	fixed:100000000	100000000		25	stage-a-v1-no-unvalidated-margin	revision=stage-a-v1-no-unvalidated-margin;window=0.00000000000000000;recovery=0.00000000000000000;socket=0.00000000000000000;host=1.00000000000000000;nic=1.00000000000000000;control=none;waves=none	conditional	expected_rtt_unknown,rtt_variance_unknown,effective_socket_buffer_unknown,host_pps_capacity_unknown,nic_capacity_unknown	2	41d76c895e9558ffd998a76dd2aaf427-44	30	0	439041	341953	0	0	0.953	15.006	3536.7	7266.2	12148	15	0	0	5	0	0	0	0	1000	759	0	0	250	0	0	0	0	0	0	0	0	0	0	0	0	0	0	0	250	0	0	0	0	0	0	0
tokio	plain	caller	shared-pool:4	per-connection	all	on	on	8	retain	16777216	33554432	33554432	33554432	33554432	3-5	off									3					3	3	0-2	3-5	30	30	30	50	30	none	8000000	fixed:100000000	100000000		25	stage-a-v1-no-unvalidated-margin	revision=stage-a-v1-no-unvalidated-margin;window=0.00000000000000000;recovery=0.00000000000000000;socket=0.00000000000000000;host=1.00000000000000000;nic=1.00000000000000000;control=none;waves=none	conditional	expected_rtt_unknown,rtt_variance_unknown,effective_socket_buffer_unknown,host_pps_capacity_unknown	2	41d76c895e9558ffd998a76dd2aaf427-45	30	0	340562	340562	0	0	0.000	15.004	4255.9	10983.4	6656	15	0	0	5	341945	340562	648249	327408	1000	759	229	0	250	0	0	0	0	0	0	0	0	0	0	0	0	0	0	0	250	0	0	0	0	0	0	0
tokio	plain	listener	shared-pool:4	per-connection	all	on	on	8	retain	16777216	33554432	33554432	33554432	33554432	0-2	off									3					3	3	0-2	3-5	30	30	0	50	0	none	8000000	fixed:100000000	100000000		25	stage-a-v1-no-unvalidated-margin	revision=stage-a-v1-no-unvalidated-margin;window=0.00000000000000000;recovery=0.00000000000000000;socket=0.00000000000000000;host=1.00000000000000000;nic=1.00000000000000000;control=none;waves=none	conditional	expected_rtt_unknown,rtt_variance_unknown,effective_socket_buffer_unknown,host_pps_capacity_unknown,nic_capacity_unknown	2	41d76c895e9558ffd998a76dd2aaf427-45	30	0	340562	340562	0	0	0.313	15.007	6736.8	6645.2	11648	15	0	0	5	0	0	0	0	1000	759	0	0	250	0	0	0	0	0	0	0	0	440987	146118	3.018	1024	4096	8192	60566	250	4	1518	6072	0	0	0	0
mio	plain	caller	shared-pool:4	per-connection	all	on	on	8	retain	16777216	33554432	33554432	33554432	33554432	3-5	off									3					3	3	0-2	3-5	200	200	200	50	50	none	8000000	fixed:100000000	100000000		25	stage-a-v1-no-unvalidated-margin	revision=stage-a-v1-no-unvalidated-margin;window=0.00000000000000000;recovery=0.00000000000000000;socket=0.00000000000000000;host=1.00000000000000000;nic=1.00000000000000000;control=none;waves=none	conditional	expected_rtt_unknown,rtt_variance_unknown,effective_socket_buffer_unknown,host_pps_capacity_unknown	2	41d76c895e9558ffd998a76dd2aaf427-46	200	0	2279795	2279795	0	0	0.000	15.042	8446.2	22948.1	13536	15	0	0	19	2279795	2279795	374830	374796	1000	759	28	0	250	0	0	0	0	0	0	0	0	0	0	0	0	0	0	0	250	0	0	0	0	0	0	0
mio	plain	listener	shared-pool:4	per-connection	all	on	on	8	retain	16777216	33554432	33554432	33554432	33554432	0-2	off									3					3	3	0-2	3-5	200	200	0	50	0	none	8000000	fixed:100000000	100000000		25	stage-a-v1-no-unvalidated-margin	revision=stage-a-v1-no-unvalidated-margin;window=0.00000000000000000;recovery=0.00000000000000000;socket=0.00000000000000000;host=1.00000000000000000;nic=1.00000000000000000;control=none;waves=none	conditional	expected_rtt_unknown,rtt_variance_unknown,effective_socket_buffer_unknown,host_pps_capacity_unknown,nic_capacity_unknown	2	41d76c895e9558ffd998a76dd2aaf427-46	200	0	2871529	2279795	0	0	1.406	15.049	14830.8	13257.7	37776	15	0	0	19	0	0	0	0	1000	759	0	0	250	0	0	0	0	0	0	0	0	0	0	0	0	0	0	0	250	0	0	0	0	0	0	0
tokio	plain	caller	shared-pool:4	per-connection	all	on	on	8	retain	16777216	33554432	33554432	33554432	33554432	3-5	off									3					3	3	0-2	3-5	200	200	200	50	50	none	8000000	fixed:100000000	100000000		25	stage-a-v1-no-unvalidated-margin	revision=stage-a-v1-no-unvalidated-margin;window=0.00000000000000000;recovery=0.00000000000000000;socket=0.00000000000000000;host=1.00000000000000000;nic=1.00000000000000000;control=none;waves=none	conditional	expected_rtt_unknown,rtt_variance_unknown,effective_socket_buffer_unknown,host_pps_capacity_unknown	2	41d76c895e9558ffd998a76dd2aaf427-47	200	0	2136008	2136008	0	0	0.000	15.037	12039.5	21093.0	12544	15	0	0	44	2279585	2136008	4252659	2129539	1000	759	759	1397	250	0	0	0	0	0	0	0	0	0	0	0	0	0	0	0	250	0	0	0	0	0	0	0
tokio	plain	listener	shared-pool:4	per-connection	all	on	on	8	retain	16777216	33554432	33554432	33554432	33554432	0-2	off									3					3	3	0-2	3-5	200	200	0	50	0	none	8000000	fixed:100000000	100000000		25	stage-a-v1-no-unvalidated-margin	revision=stage-a-v1-no-unvalidated-margin;window=0.00000000000000000;recovery=0.00000000000000000;socket=0.00000000000000000;host=1.00000000000000000;nic=1.00000000000000000;control=none;waves=none	conditional	expected_rtt_unknown,rtt_variance_unknown,effective_socket_buffer_unknown,host_pps_capacity_unknown,nic_capacity_unknown	2	41d76c895e9558ffd998a76dd2aaf427-47	200	0	2136008	2136008	0	0	1.384	15.044	18055.3	11207.9	35968	15	0	0	44	0	0	0	0	1000	759	0	0	250	0	0	0	0	0	0	0	0	2761063	485617	5.686	1024	4096	8192	22788	250	4	9487	37948	0	0	0	0
mio	plain	caller	shared-pool:4	per-connection	all	on	on	8	retain	16777216	33554432	33554432	33554432	33554432	3-5	off									3					3	3	0-2	3-5	1	1	1	50	1	none	8000000	input-relative:25		8000000	25	stage-a-v1-no-unvalidated-margin	revision=stage-a-v1-no-unvalidated-margin;window=0.00000000000000000;recovery=0.00000000000000000;socket=0.00000000000000000;host=1.00000000000000000;nic=1.00000000000000000;control=none;waves=none	conditional	expected_rtt_unknown,rtt_variance_unknown,effective_socket_buffer_unknown,host_pps_capacity_unknown	3	41d76c895e9558ffd998a76dd2aaf427-48	1	0	11398	11398	0	0	0.000	15.003	235.8	1069.4	5200	15	0	0	0	11398	11398	1802	1529	1000	759	11	0	250	0	0	0	0	0	0	0	0	0	0	0	0	0	0	0	250	0	0	0	0	0	0	0
mio	plain	listener	shared-pool:4	per-connection	all	on	on	8	retain	16777216	33554432	33554432	33554432	33554432	0-2	off									3					3	3	0-2	3-5	1	1	0	50	0	none	8000000	input-relative:25		8000000	25	stage-a-v1-no-unvalidated-margin	revision=stage-a-v1-no-unvalidated-margin;window=0.00000000000000000;recovery=0.00000000000000000;socket=0.00000000000000000;host=1.00000000000000000;nic=1.00000000000000000;control=none;waves=none	conditional	expected_rtt_unknown,rtt_variance_unknown,effective_socket_buffer_unknown,host_pps_capacity_unknown,nic_capacity_unknown	3	41d76c895e9558ffd998a76dd2aaf427-48	1	0	11398	11398	0	0	0.215	15.005	314.2	754.8	5320	15	0	0	0	0	0	0	0	1000	759	0	0	250	0	0	0	0	0	0	0	0	0	0	0	0	0	0	0	250	0	0	0	0	0	0	0
tokio	plain	caller	shared-pool:4	per-connection	all	on	on	8	retain	16777216	33554432	33554432	33554432	33554432	3-5	off									3					3	3	0-2	3-5	1	1	1	50	1	none	8000000	input-relative:25		8000000	25	stage-a-v1-no-unvalidated-margin	revision=stage-a-v1-no-unvalidated-margin;window=0.00000000000000000;recovery=0.00000000000000000;socket=0.00000000000000000;host=1.00000000000000000;nic=1.00000000000000000;control=none;waves=none	conditional	expected_rtt_unknown,rtt_variance_unknown,effective_socket_buffer_unknown,host_pps_capacity_unknown	3	41d76c895e9558ffd998a76dd2aaf427-49	1	0	9966	9966	0	0	0.000	15.002	343.9	784.3	5364	15	0	0	1	11398	9966	12451	9963	1000	759	759	674	250	0	0	0	0	0	0	0	0	0	0	0	0	0	0	0	250	0	0	0	0	0	0	0
tokio	plain	listener	shared-pool:4	per-connection	all	on	on	8	retain	16777216	33554432	33554432	33554432	33554432	0-2	off									3					3	3	0-2	3-5	1	1	0	50	0	none	8000000	input-relative:25		8000000	25	stage-a-v1-no-unvalidated-margin	revision=stage-a-v1-no-unvalidated-margin;window=0.00000000000000000;recovery=0.00000000000000000;socket=0.00000000000000000;host=1.00000000000000000;nic=1.00000000000000000;control=none;waves=none	conditional	expected_rtt_unknown,rtt_variance_unknown,effective_socket_buffer_unknown,host_pps_capacity_unknown,nic_capacity_unknown	3	41d76c895e9558ffd998a76dd2aaf427-49	1	0	9966	9966	0	0	0.134	15.005	396.9	447.8	5472	15	0	0	1	0	0	0	0	1000	759	0	0	250	0	0	0	0	0	0	0	0	0	0	0	0	0	0	0	250	0	0	0	0	0	0	0
mio	plain	caller	shared-pool:4	per-connection	all	on	on	8	retain	16777216	33554432	33554432	33554432	33554432	3-5	off									3					3	3	0-2	3-5	30	30	30	50	20	none	8000000	input-relative:25		8000000	25	stage-a-v1-no-unvalidated-margin	revision=stage-a-v1-no-unvalidated-margin;window=0.00000000000000000;recovery=0.00000000000000000;socket=0.00000000000000000;host=1.00000000000000000;nic=1.00000000000000000;control=none;waves=none	conditional	expected_rtt_unknown,rtt_variance_unknown,effective_socket_buffer_unknown,host_pps_capacity_unknown	3	41d76c895e9558ffd998a76dd2aaf427-50	30	0	341892	341892	0	0	0.000	15.003	1803.3	6333.9	6016	15	0	0	2	341954	341892	217634	97251	1000	759	53	0	250	0	0	0	0	0	0	0	0	0	0	0	0	0	0	0	250	0	0	0	0	0	0	0
mio	plain	listener	shared-pool:4	per-connection	all	on	on	8	retain	16777216	33554432	33554432	33554432	33554432	0-2	off									3					3	3	0-2	3-5	30	30	0	50	0	none	8000000	input-relative:25		8000000	25	stage-a-v1-no-unvalidated-margin	revision=stage-a-v1-no-unvalidated-margin;window=0.00000000000000000;recovery=0.00000000000000000;socket=0.00000000000000000;host=1.00000000000000000;nic=1.00000000000000000;control=none;waves=none	conditional	expected_rtt_unknown,rtt_variance_unknown,effective_socket_buffer_unknown,host_pps_capacity_unknown,nic_capacity_unknown	3	41d76c895e9558ffd998a76dd2aaf427-50	30	0	440470	341892	0	0	0.422	15.005	2877.7	4147.9	9984	15	0	0	2	0	0	0	0	1000	759	0	0	250	0	0	0	0	0	0	0	0	0	0	0	0	0	0	0	250	0	0	0	0	0	0	0
tokio	plain	caller	shared-pool:4	per-connection	all	on	on	8	retain	16777216	33554432	33554432	33554432	33554432	3-5	off									3					3	3	0-2	3-5	30	30	30	50	30	none	8000000	input-relative:25		8000000	25	stage-a-v1-no-unvalidated-margin	revision=stage-a-v1-no-unvalidated-margin;window=0.00000000000000000;recovery=0.00000000000000000;socket=0.00000000000000000;host=1.00000000000000000;nic=1.00000000000000000;control=none;waves=none	conditional	expected_rtt_unknown,rtt_variance_unknown,effective_socket_buffer_unknown,host_pps_capacity_unknown	3	41d76c895e9558ffd998a76dd2aaf427-51	30	0	308569	308569	0	0	0.000	15.002	2736.8	5379.3	6656	15	0	0	9	341934	308569	438637	308503	1000	759	759	10634	250	0	0	0	0	0	0	0	0	0	0	0	0	0	0	0	250	0	0	0	0	0	0	0
tokio	plain	listener	shared-pool:4	per-connection	all	on	on	8	retain	16777216	33554432	33554432	33554432	33554432	0-2	off									3					3	3	0-2	3-5	30	30	0	50	0	none	8000000	input-relative:25		8000000	25	stage-a-v1-no-unvalidated-margin	revision=stage-a-v1-no-unvalidated-margin;window=0.00000000000000000;recovery=0.00000000000000000;socket=0.00000000000000000;host=1.00000000000000000;nic=1.00000000000000000;control=none;waves=none	conditional	expected_rtt_unknown,rtt_variance_unknown,effective_socket_buffer_unknown,host_pps_capacity_unknown,nic_capacity_unknown	3	41d76c895e9558ffd998a76dd2aaf427-51	30	0	308569	308569	0	0	0.244	15.005	4852.0	3589.5	10752	15	0	0	10	0	0	0	0	1000	759	0	0	250	0	0	0	0	0	0	0	0	408874	147790	2.767	1024	2048	2048	21583	250	4	1518	6072	0	0	0	0
mio	plain	caller	shared-pool:4	per-connection	all	on	on	8	retain	16777216	33554432	33554432	33554432	33554432	3-5	off									3					3	3	0-2	3-5	200	200	200	50	50	none	8000000	input-relative:25		8000000	25	stage-a-v1-no-unvalidated-margin	revision=stage-a-v1-no-unvalidated-margin;window=0.00000000000000000;recovery=0.00000000000000000;socket=0.00000000000000000;host=1.00000000000000000;nic=1.00000000000000000;control=none;waves=none	conditional	expected_rtt_unknown,rtt_variance_unknown,effective_socket_buffer_unknown,host_pps_capacity_unknown	3	41d76c895e9558ffd998a76dd2aaf427-52	200	0	2192190	2192190	0	0	0.000	15.029	8121.8	23303.1	10556	15	0	0	4	2279762	2192190	4725757	1939842	1000	759	759	9010	250	0	0	0	0	0	0	0	0	0	0	0	0	0	0	0	250	0	0	0	0	0	0	0
mio	plain	listener	shared-pool:4	per-connection	all	on	on	8	retain	16777216	33554432	33554432	33554432	33554432	0-2	off									3					3	3	0-2	3-5	200	200	0	50	0	none	8000000	input-relative:25		8000000	25	stage-a-v1-no-unvalidated-margin	revision=stage-a-v1-no-unvalidated-margin;window=0.00000000000000000;recovery=0.00000000000000000;socket=0.00000000000000000;host=1.00000000000000000;nic=1.00000000000000000;control=none;waves=none	conditional	expected_rtt_unknown,rtt_variance_unknown,effective_socket_buffer_unknown,host_pps_capacity_unknown,nic_capacity_unknown	3	41d76c895e9558ffd998a76dd2aaf427-52	200	0	2776218	2192190	0	0	1.512	15.038	14833.4	13267.0	35072	15	0	0	4	0	0	0	0	1000	759	0	0	250	0	0	0	0	0	0	0	0	0	0	0	0	0	0	0	250	0	0	0	0	0	0	0
tokio	plain	caller	shared-pool:4	per-connection	all	on	on	8	retain	16777216	33554432	33554432	33554432	33554432	3-5	off									3					3	3	0-2	3-5	200	200	200	50	50	none	8000000	input-relative:25		8000000	25	stage-a-v1-no-unvalidated-margin	revision=stage-a-v1-no-unvalidated-margin;window=0.00000000000000000;recovery=0.00000000000000000;socket=0.00000000000000000;host=1.00000000000000000;nic=1.00000000000000000;control=none;waves=none	conditional	expected_rtt_unknown,rtt_variance_unknown,effective_socket_buffer_unknown,host_pps_capacity_unknown	3	41d76c895e9558ffd998a76dd2aaf427-53	200	0	1596009	1596009	0	0	0.000	15.037	10722.0	18806.1	12268	15	0	0	30	2279595	1596009	2192800	1595634	1000	759	759	532004	250	0	0	0	0	0	0	0	0	0	0	0	0	0	0	0	250	0	0	0	0	0	0	0
tokio	plain	listener	shared-pool:4	per-connection	all	on	on	8	retain	16777216	33554432	33554432	33554432	33554432	0-2	off									3					3	3	0-2	3-5	200	200	0	50	0	none	8000000	input-relative:25		8000000	25	stage-a-v1-no-unvalidated-margin	revision=stage-a-v1-no-unvalidated-margin;window=0.00000000000000000;recovery=0.00000000000000000;socket=0.00000000000000000;host=1.00000000000000000;nic=1.00000000000000000;control=none;waves=none	conditional	expected_rtt_unknown,rtt_variance_unknown,effective_socket_buffer_unknown,host_pps_capacity_unknown,nic_capacity_unknown	3	41d76c895e9558ffd998a76dd2aaf427-53	200	0	1596009	1596009	0	0	1.059	15.040	15258.3	10848.6	30208	15	0	0	30	0	0	0	0	1000	759	0	0	250	0	0	0	0	0	0	0	0	2213439	383298	5.775	1024	4096	8192	41594	250	4	9487	37948	0	0	0	0
mio	plain	caller	shared-pool:4	per-connection	all	on	on	8	retain	16777216	33554432	33554432	33554432	33554432	3-5	off									3					3	3	0-2	3-5	1	1	1	50	1	none	8000000	input-relative:50		8000000	50	stage-a-v1-no-unvalidated-margin	revision=stage-a-v1-no-unvalidated-margin;window=0.00000000000000000;recovery=0.00000000000000000;socket=0.00000000000000000;host=1.00000000000000000;nic=1.00000000000000000;control=none;waves=none	conditional	expected_rtt_unknown,rtt_variance_unknown,effective_socket_buffer_unknown,host_pps_capacity_unknown	3	41d76c895e9558ffd998a76dd2aaf427-54	1	0	11398	11398	0	0	0.000	15.001	238.0	974.2	5196	15	0	0	0	11398	11398	695	577	1000	759	9	0	250	0	0	0	0	0	0	0	0	0	0	0	0	0	0	0	250	0	0	0	0	0	0	0
mio	plain	listener	shared-pool:4	per-connection	all	on	on	8	retain	16777216	33554432	33554432	33554432	33554432	0-2	off									3					3	3	0-2	3-5	1	1	0	50	0	none	8000000	input-relative:50		8000000	50	stage-a-v1-no-unvalidated-margin	revision=stage-a-v1-no-unvalidated-margin;window=0.00000000000000000;recovery=0.00000000000000000;socket=0.00000000000000000;host=1.00000000000000000;nic=1.00000000000000000;control=none;waves=none	conditional	expected_rtt_unknown,rtt_variance_unknown,effective_socket_buffer_unknown,host_pps_capacity_unknown,nic_capacity_unknown	3	41d76c895e9558ffd998a76dd2aaf427-54	1	0	11398	11398	0	0	0.138	15.004	295.2	674.1	5236	15	0	0	0	0	0	0	0	1000	759	0	0	250	0	0	0	0	0	0	0	0	0	0	0	0	0	0	0	250	0	0	0	0	0	0	0
tokio	plain	caller	shared-pool:4	per-connection	all	on	on	8	retain	16777216	33554432	33554432	33554432	33554432	3-5	off									3					3	3	0-2	3-5	1	1	1	50	1	none	8000000	input-relative:50		8000000	50	stage-a-v1-no-unvalidated-margin	revision=stage-a-v1-no-unvalidated-margin;window=0.00000000000000000;recovery=0.00000000000000000;socket=0.00000000000000000;host=1.00000000000000000;nic=1.00000000000000000;control=none;waves=none	conditional	expected_rtt_unknown,rtt_variance_unknown,effective_socket_buffer_unknown,host_pps_capacity_unknown	3	41d76c895e9558ffd998a76dd2aaf427-55	1	0	10003	10003	0	0	0.000	15.001	406.7	733.4	5444	15	0	0	0	11397	10003	13763	9972	1000	759	759	637	250	0	0	0	0	0	0	0	0	0	0	0	0	0	0	0	250	0	0	0	0	0	0	0
tokio	plain	listener	shared-pool:4	per-connection	all	on	on	8	retain	16777216	33554432	33554432	33554432	33554432	0-2	off									3					3	3	0-2	3-5	1	1	0	50	0	none	8000000	input-relative:50		8000000	50	stage-a-v1-no-unvalidated-margin	revision=stage-a-v1-no-unvalidated-margin;window=0.00000000000000000;recovery=0.00000000000000000;socket=0.00000000000000000;host=1.00000000000000000;nic=1.00000000000000000;control=none;waves=none	conditional	expected_rtt_unknown,rtt_variance_unknown,effective_socket_buffer_unknown,host_pps_capacity_unknown,nic_capacity_unknown	3	41d76c895e9558ffd998a76dd2aaf427-55	1	0	10003	10003	0	0	0.170	15.004	389.7	461.8	5476	15	0	0	0	0	0	0	0	1000	759	0	0	250	0	0	0	0	0	0	0	0	0	0	0	0	0	0	0	250	0	0	0	0	0	0	0
mio	plain	caller	shared-pool:4	per-connection	all	on	on	8	retain	16777216	33554432	33554432	33554432	33554432	3-5	off									3					3	3	0-2	3-5	30	30	30	50	30	none	8000000	input-relative:50		8000000	50	stage-a-v1-no-unvalidated-margin	revision=stage-a-v1-no-unvalidated-margin;window=0.00000000000000000;recovery=0.00000000000000000;socket=0.00000000000000000;host=1.00000000000000000;nic=1.00000000000000000;control=none;waves=none	conditional	expected_rtt_unknown,rtt_variance_unknown,effective_socket_buffer_unknown,host_pps_capacity_unknown	3	41d76c895e9558ffd998a76dd2aaf427-56	30	0	341896	341896	0	0	0.000	15.003	2052.0	7577.2	5888	15	0	0	4	341942	341896	275990	128354	1000	759	76	0	250	0	0	0	0	0	0	0	0	0	0	0	0	0	0	0	250	0	0	0	0	0	0	0
mio	plain	listener	shared-pool:4	per-connection	all	on	on	8	retain	16777216	33554432	33554432	33554432	33554432	0-2	off									3					3	3	0-2	3-5	30	30	0	50	0	none	8000000	input-relative:50		8000000	50	stage-a-v1-no-unvalidated-margin	revision=stage-a-v1-no-unvalidated-margin;window=0.00000000000000000;recovery=0.00000000000000000;socket=0.00000000000000000;host=1.00000000000000000;nic=1.00000000000000000;control=none;waves=none	conditional	expected_rtt_unknown,rtt_variance_unknown,effective_socket_buffer_unknown,host_pps_capacity_unknown,nic_capacity_unknown	3	41d76c895e9558ffd998a76dd2aaf427-56	30	0	440299	341896	0	0	0.554	15.006	3226.4	4848.7	9984	15	0	0	4	0	0	0	0	1000	759	0	0	250	0	0	0	0	0	0	0	0	0	0	0	0	0	0	0	250	0	0	0	0	0	0	0
tokio	plain	caller	shared-pool:4	per-connection	all	on	on	8	retain	16777216	33554432	33554432	33554432	33554432	3-5	off									3					3	3	0-2	3-5	30	30	30	50	30	none	8000000	input-relative:50		8000000	50	stage-a-v1-no-unvalidated-margin	revision=stage-a-v1-no-unvalidated-margin;window=0.00000000000000000;recovery=0.00000000000000000;socket=0.00000000000000000;host=1.00000000000000000;nic=1.00000000000000000;control=none;waves=none	conditional	expected_rtt_unknown,rtt_variance_unknown,effective_socket_buffer_unknown,host_pps_capacity_unknown	3	41d76c895e9558ffd998a76dd2aaf427-57	30	0	310077	310077	0	0	0.000	15.004	2857.1	6086.5	6804	15	0	0	10	341933	310077	439994	310031	1000	759	759	9110	250	0	0	0	0	0	0	0	0	0	0	0	0	0	0	0	250	0	0	0	0	0	0	0
tokio	plain	listener	shared-pool:4	per-connection	all	on	on	8	retain	16777216	33554432	33554432	33554432	33554432	0-2	off									3					3	3	0-2	3-5	30	30	0	50	0	none	8000000	input-relative:50		8000000	50	stage-a-v1-no-unvalidated-margin	revision=stage-a-v1-no-unvalidated-margin;window=0.00000000000000000;recovery=0.00000000000000000;socket=0.00000000000000000;host=1.00000000000000000;nic=1.00000000000000000;control=none;waves=none	conditional	expected_rtt_unknown,rtt_variance_unknown,effective_socket_buffer_unknown,host_pps_capacity_unknown,nic_capacity_unknown	3	41d76c895e9558ffd998a76dd2aaf427-57	30	0	310077	310077	0	0	0.346	15.007	5160.2	3997.1	10880	15	0	0	10	0	0	0	0	1000	759	0	0	250	0	0	0	0	0	0	0	0	410582	148217	2.770	1024	2048	2048	5730	250	4	1518	6072	0	0	0	0
mio	plain	caller	shared-pool:4	per-connection	all	on	on	8	retain	16777216	33554432	33554432	33554432	33554432	3-5	off									3					3	3	0-2	3-5	200	200	200	50	50	none	8000000	input-relative:50		8000000	50	stage-a-v1-no-unvalidated-margin	revision=stage-a-v1-no-unvalidated-margin;window=0.00000000000000000;recovery=0.00000000000000000;socket=0.00000000000000000;host=1.00000000000000000;nic=1.00000000000000000;control=none;waves=none	conditional	expected_rtt_unknown,rtt_variance_unknown,effective_socket_buffer_unknown,host_pps_capacity_unknown	3	41d76c895e9558ffd998a76dd2aaf427-58	200	0	2278532	2278532	0	0	0.000	15.050	7920.5	22291.6	10240	15	0	0	20	2279757	2278532	3954482	1500508	1000	759	133	0	250	0	0	0	0	0	0	0	0	0	0	0	0	0	0	0	250	0	0	0	0	0	0	0
mio	plain	listener	shared-pool:4	per-connection	all	on	on	8	retain	16777216	33554432	33554432	33554432	33554432	0-2	off									3					3	3	0-2	3-5	200	200	0	50	0	none	8000000	input-relative:50		8000000	50	stage-a-v1-no-unvalidated-margin	revision=stage-a-v1-no-unvalidated-margin;window=0.00000000000000000;recovery=0.00000000000000000;socket=0.00000000000000000;host=1.00000000000000000;nic=1.00000000000000000;control=none;waves=none	conditional	expected_rtt_unknown,rtt_variance_unknown,effective_socket_buffer_unknown,host_pps_capacity_unknown,nic_capacity_unknown	3	41d76c895e9558ffd998a76dd2aaf427-58	200	0	2869702	2278532	0	0	1.411	15.061	14583.9	13044.7	35968	15	0	0	42	0	0	0	0	1000	759	0	0	250	0	0	0	0	0	0	0	0	0	0	0	0	0	0	0	250	0	0	0	0	0	0	0
tokio	plain	caller	shared-pool:4	per-connection	all	on	on	8	retain	16777216	33554432	33554432	33554432	33554432	3-5	off									3					3	3	0-2	3-5	200	200	200	50	50	none	8000000	input-relative:50		8000000	50	stage-a-v1-no-unvalidated-margin	revision=stage-a-v1-no-unvalidated-margin;window=0.00000000000000000;recovery=0.00000000000000000;socket=0.00000000000000000;host=1.00000000000000000;nic=1.00000000000000000;control=none;waves=none	conditional	expected_rtt_unknown,rtt_variance_unknown,effective_socket_buffer_unknown,host_pps_capacity_unknown	3	41d76c895e9558ffd998a76dd2aaf427-59	200	0	1666508	1666508	0	0	0.000	15.034	9963.1	17930.8	11904	15	0	0	48	2279572	1666508	2208003	1666201	1000	759	759	461475	250	0	0	0	0	0	0	0	0	0	0	0	0	0	0	0	250	0	0	0	0	0	0	0
tokio	plain	listener	shared-pool:4	per-connection	all	on	on	8	retain	16777216	33554432	33554432	33554432	33554432	0-2	off									3					3	3	0-2	3-5	200	200	0	50	0	none	8000000	input-relative:50		8000000	50	stage-a-v1-no-unvalidated-margin	revision=stage-a-v1-no-unvalidated-margin;window=0.00000000000000000;recovery=0.00000000000000000;socket=0.00000000000000000;host=1.00000000000000000;nic=1.00000000000000000;control=none;waves=none	conditional	expected_rtt_unknown,rtt_variance_unknown,effective_socket_buffer_unknown,host_pps_capacity_unknown,nic_capacity_unknown	3	41d76c895e9558ffd998a76dd2aaf427-59	200	0	1666508	1666508	0	0	0.903	15.040	15097.7	9924.4	30336	15	0	0	48	0	0	0	0	1000	759	0	0	250	0	0	0	0	0	0	0	0	2278061	436342	5.221	1024	4096	8192	17231	250	4	9487	37948	0	0	0	0
mio	plain	caller	shared-pool:4	per-connection	all	on	on	8	retain	16777216	33554432	33554432	33554432	33554432	3-5	off									3					3	3	0-2	3-5	1	1	1	50	1	none	8000000	input-relative:100		8000000	100	stage-a-v1-no-unvalidated-margin	revision=stage-a-v1-no-unvalidated-margin;window=0.00000000000000000;recovery=0.00000000000000000;socket=0.00000000000000000;host=1.00000000000000000;nic=1.00000000000000000;control=none;waves=none	conditional	expected_rtt_unknown,rtt_variance_unknown,effective_socket_buffer_unknown,host_pps_capacity_unknown	3	41d76c895e9558ffd998a76dd2aaf427-60	1	0	11399	11399	0	0	0.000	15.001	257.9	795.3	5296	15	0	0	1	11399	11399	384	331	1000	759	4	0	250	0	0	0	0	0	0	0	0	0	0	0	0	0	0	0	250	0	0	0	0	0	0	0
mio	plain	listener	shared-pool:4	per-connection	all	on	on	8	retain	16777216	33554432	33554432	33554432	33554432	0-2	off									3					3	3	0-2	3-5	1	1	0	50	0	none	8000000	input-relative:100		8000000	100	stage-a-v1-no-unvalidated-margin	revision=stage-a-v1-no-unvalidated-margin;window=0.00000000000000000;recovery=0.00000000000000000;socket=0.00000000000000000;host=1.00000000000000000;nic=1.00000000000000000;control=none;waves=none	conditional	expected_rtt_unknown,rtt_variance_unknown,effective_socket_buffer_unknown,host_pps_capacity_unknown,nic_capacity_unknown	3	41d76c895e9558ffd998a76dd2aaf427-60	1	0	11399	11399	0	0	0.154	15.005	301.4	526.1	5180	15	0	0	1	0	0	0	0	1000	759	0	0	250	0	0	0	0	0	0	0	0	0	0	0	0	0	0	0	250	0	0	0	0	0	0	0
tokio	plain	caller	shared-pool:4	per-connection	all	on	on	8	retain	16777216	33554432	33554432	33554432	33554432	3-5	off									3					3	3	0-2	3-5	1	1	1	50	1	none	8000000	input-relative:100		8000000	100	stage-a-v1-no-unvalidated-margin	revision=stage-a-v1-no-unvalidated-margin;window=0.00000000000000000;recovery=0.00000000000000000;socket=0.00000000000000000;host=1.00000000000000000;nic=1.00000000000000000;control=none;waves=none	conditional	expected_rtt_unknown,rtt_variance_unknown,effective_socket_buffer_unknown,host_pps_capacity_unknown	3	41d76c895e9558ffd998a76dd2aaf427-61	1	0	10956	10956	0	0	0.000	15.002	411.5	816.4	5420	15	0	0	0	11399	10956	16319	10950	1000	759	444	0	250	0	0	0	0	0	0	0	0	0	0	0	0	0	0	0	250	0	0	0	0	0	0	0
tokio	plain	listener	shared-pool:4	per-connection	all	on	on	8	retain	16777216	33554432	33554432	33554432	33554432	0-2	off									3					3	3	0-2	3-5	1	1	0	50	0	none	8000000	input-relative:100		8000000	100	stage-a-v1-no-unvalidated-margin	revision=stage-a-v1-no-unvalidated-margin;window=0.00000000000000000;recovery=0.00000000000000000;socket=0.00000000000000000;host=1.00000000000000000;nic=1.00000000000000000;control=none;waves=none	conditional	expected_rtt_unknown,rtt_variance_unknown,effective_socket_buffer_unknown,host_pps_capacity_unknown,nic_capacity_unknown	3	41d76c895e9558ffd998a76dd2aaf427-61	1	0	10956	10956	0	0	0.097	15.005	401.0	524.0	5536	15	0	0	0	0	0	0	0	1000	759	0	0	250	0	0	0	0	0	0	0	0	0	0	0	0	0	0	0	250	0	0	0	0	0	0	0
mio	plain	caller	shared-pool:4	per-connection	all	on	on	8	retain	16777216	33554432	33554432	33554432	33554432	3-5	off									3					3	3	0-2	3-5	30	30	30	50	30	none	8000000	input-relative:100		8000000	100	stage-a-v1-no-unvalidated-margin	revision=stage-a-v1-no-unvalidated-margin;window=0.00000000000000000;recovery=0.00000000000000000;socket=0.00000000000000000;host=1.00000000000000000;nic=1.00000000000000000;control=none;waves=none	conditional	expected_rtt_unknown,rtt_variance_unknown,effective_socket_buffer_unknown,host_pps_capacity_unknown	3	41d76c895e9558ffd998a76dd2aaf427-62	30	0	341928	341928	0	0	0.000	15.002	1961.5	6152.9	6016	15	0	0	5	341953	341928	115340	53956	1000	759	21	0	250	0	0	0	0	0	0	0	0	0	0	0	0	0	0	0	250	0	0	0	0	0	0	0
mio	plain	listener	shared-pool:4	per-connection	all	on	on	8	retain	16777216	33554432	33554432	33554432	33554432	0-2	off									3					3	3	0-2	3-5	30	30	0	50	0	none	8000000	input-relative:100		8000000	100	stage-a-v1-no-unvalidated-margin	revision=stage-a-v1-no-unvalidated-margin;window=0.00000000000000000;recovery=0.00000000000000000;socket=0.00000000000000000;host=1.00000000000000000;nic=1.00000000000000000;control=none;waves=none	conditional	expected_rtt_unknown,rtt_variance_unknown,effective_socket_buffer_unknown,host_pps_capacity_unknown,nic_capacity_unknown	3	41d76c895e9558ffd998a76dd2aaf427-62	30	0	440832	341928	0	0	0.746	15.006	3002.4	4025.9	9856	15	0	0	5	0	0	0	0	1000	759	0	0	250	0	0	0	0	0	0	0	0	0	0	0	0	0	0	0	250	0	0	0	0	0	0	0
tokio	plain	caller	shared-pool:4	per-connection	all	on	on	8	retain	16777216	33554432	33554432	33554432	33554432	3-5	off									3					3	3	0-2	3-5	30	30	30	50	30	none	8000000	input-relative:100		8000000	100	stage-a-v1-no-unvalidated-margin	revision=stage-a-v1-no-unvalidated-margin;window=0.00000000000000000;recovery=0.00000000000000000;socket=0.00000000000000000;host=1.00000000000000000;nic=1.00000000000000000;control=none;waves=none	conditional	expected_rtt_unknown,rtt_variance_unknown,effective_socket_buffer_unknown,host_pps_capacity_unknown	3	41d76c895e9558ffd998a76dd2aaf427-63	30	0	315475	315475	0	0	0.000	15.003	3147.1	6940.5	6808	15	0	0	5	341940	315475	440428	315421	1000	759	759	3787	250	0	0	0	0	0	0	0	0	0	0	0	0	0	0	0	250	0	0	0	0	0	0	0
tokio	plain	listener	shared-pool:4	per-connection	all	on	on	8	retain	16777216	33554432	33554432	33554432	33554432	0-2	off									3					3	3	0-2	3-5	30	30	0	50	0	none	8000000	input-relative:100		8000000	100	stage-a-v1-no-unvalidated-margin	revision=stage-a-v1-no-unvalidated-margin;window=0.00000000000000000;recovery=0.00000000000000000;socket=0.00000000000000000;host=1.00000000000000000;nic=1.00000000000000000;control=none;waves=none	conditional	expected_rtt_unknown,rtt_variance_unknown,effective_socket_buffer_unknown,host_pps_capacity_unknown,nic_capacity_unknown	3	41d76c895e9558ffd998a76dd2aaf427-63	30	0	315475	315475	0	0	0.389	15.007	5703.8	4346.5	11264	15	0	0	5	0	0	0	0	1000	759	0	0	250	0	0	0	0	0	0	0	0	415873	144304	2.882	2048	2048	4096	13440	250	4	1518	6072	0	0	0	0
mio	plain	caller	shared-pool:4	per-connection	all	on	on	8	retain	16777216	33554432	33554432	33554432	33554432	3-5	off									3					3	3	0-2	3-5	200	200	200	50	50	none	8000000	input-relative:100		8000000	100	stage-a-v1-no-unvalidated-margin	revision=stage-a-v1-no-unvalidated-margin;window=0.00000000000000000;recovery=0.00000000000000000;socket=0.00000000000000000;host=1.00000000000000000;nic=1.00000000000000000;control=none;waves=none	conditional	expected_rtt_unknown,rtt_variance_unknown,effective_socket_buffer_unknown,host_pps_capacity_unknown	3	41d76c895e9558ffd998a76dd2aaf427-64	200	0	2279772	2279772	0	0	0.000	15.036	8552.1	24302.4	13164	15	0	0	20	2279772	2279772	1420878	927529	1000	759	62	0	250	0	0	0	0	0	0	0	0	0	0	0	0	0	0	0	250	0	0	0	0	0	0	0
mio	plain	listener	shared-pool:4	per-connection	all	on	on	8	retain	16777216	33554432	33554432	33554432	33554432	0-2	off									3					3	3	0-2	3-5	200	200	0	50	0	none	8000000	input-relative:100		8000000	100	stage-a-v1-no-unvalidated-margin	revision=stage-a-v1-no-unvalidated-margin;window=0.00000000000000000;recovery=0.00000000000000000;socket=0.00000000000000000;host=1.00000000000000000;nic=1.00000000000000000;control=none;waves=none	conditional	expected_rtt_unknown,rtt_variance_unknown,effective_socket_buffer_unknown,host_pps_capacity_unknown,nic_capacity_unknown	3	41d76c895e9558ffd998a76dd2aaf427-64	200	0	2873527	2279772	0	0	1.196	15.047	15381.2	13662.3	43252	15	0	0	20	0	0	0	0	1000	759	0	0	250	0	0	0	0	0	0	0	0	0	0	0	0	0	0	0	250	0	0	0	0	0	0	0
tokio	plain	caller	shared-pool:4	per-connection	all	on	on	8	retain	16777216	33554432	33554432	33554432	33554432	3-5	off									3					3	3	0-2	3-5	200	200	200	50	50	none	8000000	input-relative:100		8000000	100	stage-a-v1-no-unvalidated-margin	revision=stage-a-v1-no-unvalidated-margin;window=0.00000000000000000;recovery=0.00000000000000000;socket=0.00000000000000000;host=1.00000000000000000;nic=1.00000000000000000;control=none;waves=none	conditional	expected_rtt_unknown,rtt_variance_unknown,effective_socket_buffer_unknown,host_pps_capacity_unknown	3	41d76c895e9558ffd998a76dd2aaf427-65	200	0	1829883	1829883	0	0	0.000	15.023	10945.6	19497.8	12032	15	0	0	53	2279613	1829883	2306396	1829206	1000	759	759	298163	250	0	0	0	0	0	0	0	0	0	0	0	0	0	0	0	250	0	0	0	0	0	0	0
tokio	plain	listener	shared-pool:4	per-connection	all	on	on	8	retain	16777216	33554432	33554432	33554432	33554432	0-2	off									3					3	3	0-2	3-5	200	200	0	50	0	none	8000000	input-relative:100		8000000	100	stage-a-v1-no-unvalidated-margin	revision=stage-a-v1-no-unvalidated-margin;window=0.00000000000000000;recovery=0.00000000000000000;socket=0.00000000000000000;host=1.00000000000000000;nic=1.00000000000000000;control=none;waves=none	conditional	expected_rtt_unknown,rtt_variance_unknown,effective_socket_buffer_unknown,host_pps_capacity_unknown,nic_capacity_unknown	3	41d76c895e9558ffd998a76dd2aaf427-65	200	0	1829883	1829883	0	0	1.473	15.031	16341.4	10715.8	31516	15	0	0	53	0	0	0	0	1000	759	0	0	250	0	0	0	0	0	0	0	0	2450111	435983	5.620	1024	4096	8192	17324	250	4	9487	37948	0	0	0	0
mio	plain	listener	shared-pool:4	per-connection	all	on	on	8	retain	16777216	33554432	33554432	33554432	33554432	0-2	off									3					3	3	0-2	3-5	1	1	0	50	0	none	8000000	fixed:100000000	100000000		25	stage-a-v1-no-unvalidated-margin	revision=stage-a-v1-no-unvalidated-margin;window=0.00000000000000000;recovery=0.00000000000000000;socket=0.00000000000000000;host=1.00000000000000000;nic=1.00000000000000000;control=none;waves=none	conditional	expected_rtt_unknown,rtt_variance_unknown,effective_socket_buffer_unknown,host_pps_capacity_unknown,nic_capacity_unknown	3	41d76c895e9558ffd998a76dd2aaf427-66	1	0	11398	11398	0	0	0.098	15.004	296.0	707.0	5240	15	0	0	1	0	0	0	0	1000	759	0	0	250	0	0	0	0	0	0	0	0	0	0	0	0	0	0	0	250	0	0	0	0	0	0	0
mio	plain	caller	shared-pool:4	per-connection	all	on	on	8	retain	16777216	33554432	33554432	33554432	33554432	3-5	off									3					3	3	0-2	3-5	1	1	1	50	1	none	8000000	fixed:100000000	100000000		25	stage-a-v1-no-unvalidated-margin	revision=stage-a-v1-no-unvalidated-margin;window=0.00000000000000000;recovery=0.00000000000000000;socket=0.00000000000000000;host=1.00000000000000000;nic=1.00000000000000000;control=none;waves=none	conditional	expected_rtt_unknown,rtt_variance_unknown,effective_socket_buffer_unknown,host_pps_capacity_unknown	3	41d76c895e9558ffd998a76dd2aaf427-66	1	0	11398	11398	0	0	0.000	15.001	232.4	1035.2	5216	15	0	0	1	11398	11398	201	195	1000	759	5	0	250	0	0	0	0	0	0	0	0	0	0	0	0	0	0	0	250	0	0	0	0	0	0	0
tokio	plain	caller	shared-pool:4	per-connection	all	on	on	8	retain	16777216	33554432	33554432	33554432	33554432	3-5	off									3					3	3	0-2	3-5	1	1	1	50	1	none	8000000	fixed:100000000	100000000		25	stage-a-v1-no-unvalidated-margin	revision=stage-a-v1-no-unvalidated-margin;window=0.00000000000000000;recovery=0.00000000000000000;socket=0.00000000000000000;host=1.00000000000000000;nic=1.00000000000000000;control=none;waves=none	conditional	expected_rtt_unknown,rtt_variance_unknown,effective_socket_buffer_unknown,host_pps_capacity_unknown	3	41d76c895e9558ffd998a76dd2aaf427-67	1	0	11398	11398	0	0	0.000	15.001	713.1	737.1	5412	15	0	0	0	11398	11398	6567	4525	1000	759	6	0	250	0	0	0	0	0	0	0	0	0	0	0	0	0	0	0	250	0	0	0	0	0	0	0
tokio	plain	listener	shared-pool:4	per-connection	all	on	on	8	retain	16777216	33554432	33554432	33554432	33554432	0-2	off									3					3	3	0-2	3-5	1	1	0	50	0	none	8000000	fixed:100000000	100000000		25	stage-a-v1-no-unvalidated-margin	revision=stage-a-v1-no-unvalidated-margin;window=0.00000000000000000;recovery=0.00000000000000000;socket=0.00000000000000000;host=1.00000000000000000;nic=1.00000000000000000;control=none;waves=none	conditional	expected_rtt_unknown,rtt_variance_unknown,effective_socket_buffer_unknown,host_pps_capacity_unknown,nic_capacity_unknown	3	41d76c895e9558ffd998a76dd2aaf427-67	1	0	11398	11398	0	0	0.154	15.004	396.2	514.5	5524	15	0	0	0	0	0	0	0	1000	759	0	0	250	0	0	0	0	0	0	0	0	0	0	0	0	0	0	0	250	0	0	0	0	0	0	0
mio	plain	caller	shared-pool:4	per-connection	all	on	on	8	retain	16777216	33554432	33554432	33554432	33554432	3-5	off									3					3	3	0-2	3-5	30	30	30	50	30	none	8000000	fixed:100000000	100000000		25	stage-a-v1-no-unvalidated-margin	revision=stage-a-v1-no-unvalidated-margin;window=0.00000000000000000;recovery=0.00000000000000000;socket=0.00000000000000000;host=1.00000000000000000;nic=1.00000000000000000;control=none;waves=none	conditional	expected_rtt_unknown,rtt_variance_unknown,effective_socket_buffer_unknown,host_pps_capacity_unknown	3	41d76c895e9558ffd998a76dd2aaf427-68	30	0	341940	341940	0	0	0.000	15.002	2030.9	7716.3	6272	15	0	0	4	341940	341940	30511	24647	1000	759	36	0	250	0	0	0	0	0	0	0	0	0	0	0	0	0	0	0	250	0	0	0	0	0	0	0
mio	plain	listener	shared-pool:4	per-connection	all	on	on	8	retain	16777216	33554432	33554432	33554432	33554432	0-2	off									3					3	3	0-2	3-5	30	30	0	50	0	none	8000000	fixed:100000000	100000000		25	stage-a-v1-no-unvalidated-margin	revision=stage-a-v1-no-unvalidated-margin;window=0.00000000000000000;recovery=0.00000000000000000;socket=0.00000000000000000;host=1.00000000000000000;nic=1.00000000000000000;control=none;waves=none	conditional	expected_rtt_unknown,rtt_variance_unknown,effective_socket_buffer_unknown,host_pps_capacity_unknown,nic_capacity_unknown	3	41d76c895e9558ffd998a76dd2aaf427-68	30	0	440425	341940	0	0	0.207	15.005	3068.4	4899.7	9984	15	0	0	4	0	0	0	0	1000	759	0	0	250	0	0	0	0	0	0	0	0	0	0	0	0	0	0	0	250	0	0	0	0	0	0	0
tokio	plain	caller	shared-pool:4	per-connection	all	on	on	8	retain	16777216	33554432	33554432	33554432	33554432	3-5	off									3					3	3	0-2	3-5	30	30	30	50	30	none	8000000	fixed:100000000	100000000		25	stage-a-v1-no-unvalidated-margin	revision=stage-a-v1-no-unvalidated-margin;window=0.00000000000000000;recovery=0.00000000000000000;socket=0.00000000000000000;host=1.00000000000000000;nic=1.00000000000000000;control=none;waves=none	conditional	expected_rtt_unknown,rtt_variance_unknown,effective_socket_buffer_unknown,host_pps_capacity_unknown	3	41d76c895e9558ffd998a76dd2aaf427-69	30	0	341928	341928	0	0	0.000	15.003	4515.5	6347.8	6656	15	0	0	0	341936	341928	399709	228380	1000	759	27	0	250	0	0	0	0	0	0	0	0	0	0	0	0	0	0	0	250	0	0	0	0	0	0	0
tokio	plain	listener	shared-pool:4	per-connection	all	on	on	8	retain	16777216	33554432	33554432	33554432	33554432	0-2	off									3					3	3	0-2	3-5	30	30	0	50	0	none	8000000	fixed:100000000	100000000		25	stage-a-v1-no-unvalidated-margin	revision=stage-a-v1-no-unvalidated-margin;window=0.00000000000000000;recovery=0.00000000000000000;socket=0.00000000000000000;host=1.00000000000000000;nic=1.00000000000000000;control=none;waves=none	conditional	expected_rtt_unknown,rtt_variance_unknown,effective_socket_buffer_unknown,host_pps_capacity_unknown,nic_capacity_unknown	3	41d76c895e9558ffd998a76dd2aaf427-69	30	0	341928	341928	0	0	0.371	15.005	5450.0	4079.4	11520	15	0	0	0	0	0	0	0	1000	759	0	0	250	0	0	0	0	0	0	0	0	442500	165317	2.677	1024	2048	2048	4521	250	4	1518	6072	0	0	0	0
mio	plain	caller	shared-pool:4	per-connection	all	on	on	8	retain	16777216	33554432	33554432	33554432	33554432	3-5	off									3					3	3	0-2	3-5	200	200	200	50	50	none	8000000	fixed:100000000	100000000		25	stage-a-v1-no-unvalidated-margin	revision=stage-a-v1-no-unvalidated-margin;window=0.00000000000000000;recovery=0.00000000000000000;socket=0.00000000000000000;host=1.00000000000000000;nic=1.00000000000000000;control=none;waves=none	conditional	expected_rtt_unknown,rtt_variance_unknown,effective_socket_buffer_unknown,host_pps_capacity_unknown	3	41d76c895e9558ffd998a76dd2aaf427-70	200	0	2279751	2279751	0	0	0.000	15.025	8310.3	22989.7	12992	15	0	0	28	2279754	2279751	369715	369293	1000	759	30	0	250	0	0	0	0	0	0	0	0	0	0	0	0	0	0	0	250	0	0	0	0	0	0	0
mio	plain	listener	shared-pool:4	per-connection	all	on	on	8	retain	16777216	33554432	33554432	33554432	33554432	0-2	off									3					3	3	0-2	3-5	200	200	0	50	0	none	8000000	fixed:100000000	100000000		25	stage-a-v1-no-unvalidated-margin	revision=stage-a-v1-no-unvalidated-margin;window=0.00000000000000000;recovery=0.00000000000000000;socket=0.00000000000000000;host=1.00000000000000000;nic=1.00000000000000000;control=none;waves=none	conditional	expected_rtt_unknown,rtt_variance_unknown,effective_socket_buffer_unknown,host_pps_capacity_unknown,nic_capacity_unknown	3	41d76c895e9558ffd998a76dd2aaf427-70	200	0	2870575	2279751	0	0	1.452	15.033	14857.7	13008.7	39936	15	0	0	45	0	0	0	0	1000	759	0	0	250	0	0	0	0	0	0	0	0	0	0	0	0	0	0	0	250	0	0	0	0	0	0	0
tokio	plain	caller	shared-pool:4	per-connection	all	on	on	8	retain	16777216	33554432	33554432	33554432	33554432	3-5	off									3					3	3	0-2	3-5	200	200	200	50	50	none	8000000	fixed:100000000	100000000		25	stage-a-v1-no-unvalidated-margin	revision=stage-a-v1-no-unvalidated-margin;window=0.00000000000000000;recovery=0.00000000000000000;socket=0.00000000000000000;host=1.00000000000000000;nic=1.00000000000000000;control=none;waves=none	conditional	expected_rtt_unknown,rtt_variance_unknown,effective_socket_buffer_unknown,host_pps_capacity_unknown	3	41d76c895e9558ffd998a76dd2aaf427-71	200	0	2150048	2150048	0	0	0.000	15.034	12015.3	20791.3	12520	15	0	0	143	2279523	2150048	4294687	2148999	1000	759	750	0	250	0	0	0	0	0	0	0	0	0	0	0	0	0	0	0	250	0	0	0	0	0	0	0
tokio	plain	listener	shared-pool:4	per-connection	all	on	on	8	retain	16777216	33554432	33554432	33554432	33554432	0-2	off									3					3	3	0-2	3-5	200	200	0	50	0	none	8000000	fixed:100000000	100000000		25	stage-a-v1-no-unvalidated-margin	revision=stage-a-v1-no-unvalidated-margin;window=0.00000000000000000;recovery=0.00000000000000000;socket=0.00000000000000000;host=1.00000000000000000;nic=1.00000000000000000;control=none;waves=none	conditional	expected_rtt_unknown,rtt_variance_unknown,effective_socket_buffer_unknown,host_pps_capacity_unknown,nic_capacity_unknown	3	41d76c895e9558ffd998a76dd2aaf427-71	200	0	2150048	2150048	0	0	3.898	15.041	17923.2	11166.9	36352	15	0	0	143	0	0	0	0	1000	759	0	0	250	0	0	0	0	0	0	0	0	2776552	469569	5.913	1024	4096	8192	24310	250	4	9487	37948	0	0	0	0
