runtime	encryption	role	ingress	egress	promotion	cookie	batch	recv_rounds	would_block_policy	sock_buf_requested_bytes	sock_rcvbuf_effective_min_bytes	sock_rcvbuf_effective_max_bytes	sock_sndbuf_effective_min_bytes	sock_sndbuf_effective_max_bytes	cpus	pin	link_delay	link_jitter	link_loss	link_rate	link_reorder	link_duplicate	link_corrupt	link_limit	workers	recv_runtime	send_runtime	recv_ingress	send_ingress	recv_workers	send_workers	recv_cpus	send_cpus	conns	logical_streams	source_streams	connect_cc	cc_peak	bond	source_bps	srt_bw_mode	srt_maxbw_bps	srt_inputbw_bps	srt_oheadbw_pct	model_policy_rev	model_policy_fingerprint	model_class_pre	model_reasons_pre	rep	attempt	established	torn_down	pkt_sent	core_total	sec_a	sec_b	rtt_ms	elapsed_s	cpu_user_ms	cpu_sys_ms	peak_rss_kb	secs	udp_rcvbuf_err	udp_in_err	udp_no_ports	src_generated	src_accepted	src_refusal_polls	src_blocked_streaks	source_backlog_ms	src_backlog_cap	src_backlog_hwm	src_overflow	datapath_q_horizon_ms	datapath_q_count	datapath_q_cap_per_queue	datapath_q_total_cap	datapath_q_peak_depth_max	datapath_q_peak_depth_sum	datapath_q_full	datapath_q_dropped	datapath_q_disconnected	recv_packets	recv_syscalls	datagrams_per_syscall	timer_late_p50_bucket_us	timer_late_p95_bucket_us	timer_late_p99_bucket_us	timer_late_max_us	retry_horizon_ms	retry_count	retry_cap_per_queue	retry_total_cap	retry_peak_depth_max	would_block	retry_overflow	local_dropped
mio	plain	caller	shared-pool:4	per-connection	all	on	on	8	retain	16777216	33554432	33554432	33554432	33554432	3-5	off									3					3	3	0-2	3-5	1	1	1	50	1	none	8000000	input-relative:25		8000000	25	stage-a-v1-no-unvalidated-margin	revision=stage-a-v1-no-unvalidated-margin;window=0.00000000000000000;recovery=0.00000000000000000;socket=0.00000000000000000;host=1.00000000000000000;nic=1.00000000000000000;control=none;waves=none	conditional	expected_rtt_unknown,rtt_variance_unknown,effective_socket_buffer_unknown,host_pps_capacity_unknown	1	4647cadf43af5772b8172e90e71c1174-0	1	0	7719	7719	0	0	0.000	15.001	195.6	838.6	5352	15	0	0	0	11398	7719	9254	7713	1000	759	759	2921	250	0	0	0	0	0	0	0	0	0	0	0	0	0	0	0	250	0	0	0	0	0	0	0
mio	plain	listener	shared-pool:4	per-connection	all	on	on	8	retain	16777216	33554432	33554432	33554432	33554432	0-2	off									3					3	3	0-2	3-5	1	1	0	50	0	none	8000000	input-relative:25		8000000	25	stage-a-v1-no-unvalidated-margin	revision=stage-a-v1-no-unvalidated-margin;window=0.00000000000000000;recovery=0.00000000000000000;socket=0.00000000000000000;host=1.00000000000000000;nic=1.00000000000000000;control=none;waves=none	conditional	expected_rtt_unknown,rtt_variance_unknown,effective_socket_buffer_unknown,host_pps_capacity_unknown,nic_capacity_unknown	1	4647cadf43af5772b8172e90e71c1174-0	1	0	7719	7719	0	0	0.226	15.004	229.1	544.2	5340	15	0	0	0	0	0	0	0	1000	759	0	0	250	0	0	0	0	0	0	0	0	0	0	0	0	0	0	0	250	0	0	0	0	0	0	0
tokio	plain	caller	shared-pool:4	per-connection	all	on	on	8	retain	16777216	33554432	33554432	33554432	33554432	3-5	off									3					3	3	0-2	3-5	1	1	1	50	1	none	8000000	input-relative:25		8000000	25	stage-a-v1-no-unvalidated-margin	revision=stage-a-v1-no-unvalidated-margin;window=0.00000000000000000;recovery=0.00000000000000000;socket=0.00000000000000000;host=1.00000000000000000;nic=1.00000000000000000;control=none;waves=none	conditional	expected_rtt_unknown,rtt_variance_unknown,effective_socket_buffer_unknown,host_pps_capacity_unknown	1	4647cadf43af5772b8172e90e71c1174-1	1	0	7850	7850	0	0	0.000	15.002	402.3	804.7	5500	15	0	0	0	11397	7850	9742	7848	1000	759	759	2789	250	0	0	0	0	0	0	0	0	0	0	0	0	0	0	0	250	0	0	0	0	0	0	0
tokio	plain	listener	shared-pool:4	per-connection	all	on	on	8	retain	16777216	33554432	33554432	33554432	33554432	0-2	off									3					3	3	0-2	3-5	1	1	0	50	0	none	8000000	input-relative:25		8000000	25	stage-a-v1-no-unvalidated-margin	revision=stage-a-v1-no-unvalidated-margin;window=0.00000000000000000;recovery=0.00000000000000000;socket=0.00000000000000000;host=1.00000000000000000;nic=1.00000000000000000;control=none;waves=none	conditional	expected_rtt_unknown,rtt_variance_unknown,effective_socket_buffer_unknown,host_pps_capacity_unknown,nic_capacity_unknown	1	4647cadf43af5772b8172e90e71c1174-1	1	0	7850	7850	0	0	0.133	15.006	371.6	515.3	5636	15	0	0	0	0	0	0	0	1000	759	0	0	250	0	0	0	0	0	0	0	0	0	0	0	0	0	0	0	250	0	0	0	0	0	0	0
mio	plain	caller	shared-pool:4	per-connection	all	on	on	8	retain	16777216	33554432	33554432	33554432	33554432	3-5	off									3					3	3	0-2	3-5	30	30	30	50	20	none	8000000	input-relative:25		8000000	25	stage-a-v1-no-unvalidated-margin	revision=stage-a-v1-no-unvalidated-margin;window=0.00000000000000000;recovery=0.00000000000000000;socket=0.00000000000000000;host=1.00000000000000000;nic=1.00000000000000000;control=none;waves=none	conditional	expected_rtt_unknown,rtt_variance_unknown,effective_socket_buffer_unknown,host_pps_capacity_unknown	1	4647cadf43af5772b8172e90e71c1174-2	30	0	333991	333991	0	0	0.000	15.003	1814.6	5524.8	5888	15	0	0	0	341940	333991	784565	333423	1000	759	308	0	250	0	0	0	0	0	0	0	0	0	0	0	0	0	0	0	250	0	0	0	0	0	0	0
mio	plain	listener	shared-pool:4	per-connection	all	on	on	8	retain	16777216	33554432	33554432	33554432	33554432	0-2	off									3					3	3	0-2	3-5	30	30	0	50	0	none	8000000	input-relative:25		8000000	25	stage-a-v1-no-unvalidated-margin	revision=stage-a-v1-no-unvalidated-margin;window=0.00000000000000000;recovery=0.00000000000000000;socket=0.00000000000000000;host=1.00000000000000000;nic=1.00000000000000000;control=none;waves=none	conditional	expected_rtt_unknown,rtt_variance_unknown,effective_socket_buffer_unknown,host_pps_capacity_unknown,nic_capacity_unknown	1	4647cadf43af5772b8172e90e71c1174-2	30	0	433537	333991	0	0	0.240	15.006	2789.5	3766.4	9856	15	0	0	0	0	0	0	0	1000	759	0	0	250	0	0	0	0	0	0	0	0	0	0	0	0	0	0	0	250	0	0	0	0	0	0	0
tokio	plain	caller	shared-pool:4	per-connection	all	on	on	8	retain	16777216	33554432	33554432	33554432	33554432	3-5	off									3					3	3	0-2	3-5	30	30	30	50	30	none	8000000	input-relative:25		8000000	25	stage-a-v1-no-unvalidated-margin	revision=stage-a-v1-no-unvalidated-margin;window=0.00000000000000000;recovery=0.00000000000000000;socket=0.00000000000000000;host=1.00000000000000000;nic=1.00000000000000000;control=none;waves=none	conditional	expected_rtt_unknown,rtt_variance_unknown,effective_socket_buffer_unknown,host_pps_capacity_unknown	1	4647cadf43af5772b8172e90e71c1174-3	30	0	237114	237114	0	0	0.000	15.005	2568.6	5194.1	6784	15	0	0	2	341941	237114	299468	237058	1000	759	759	82087	250	0	0	0	0	0	0	0	0	0	0	0	0	0	0	0	250	0	0	0	0	0	0	0
tokio	plain	listener	shared-pool:4	per-connection	all	on	on	8	retain	16777216	33554432	33554432	33554432	33554432	0-2	off									3					3	3	0-2	3-5	30	30	0	50	0	none	8000000	input-relative:25		8000000	25	stage-a-v1-no-unvalidated-margin	revision=stage-a-v1-no-unvalidated-margin;window=0.00000000000000000;recovery=0.00000000000000000;socket=0.00000000000000000;host=1.00000000000000000;nic=1.00000000000000000;control=none;waves=none	conditional	expected_rtt_unknown,rtt_variance_unknown,effective_socket_buffer_unknown,host_pps_capacity_unknown,nic_capacity_unknown	1	4647cadf43af5772b8172e90e71c1174-3	30	0	237114	237114	0	0	0.217	15.008	4424.6	3440.6	10240	15	0	0	2	0	0	0	0	1000	759	0	0	250	0	0	0	0	0	0	0	0	335460	116388	2.882	1024	2048	4096	35022	250	4	1518	6072	0	0	0	0
mio	plain	caller	shared-pool:4	per-connection	all	on	on	8	retain	16777216	33554432	33554432	33554432	33554432	3-5	off									3					3	3	0-2	3-5	200	200	200	50	50	none	8000000	input-relative:25		8000000	25	stage-a-v1-no-unvalidated-margin	revision=stage-a-v1-no-unvalidated-margin;window=0.00000000000000000;recovery=0.00000000000000000;socket=0.00000000000000000;host=1.00000000000000000;nic=1.00000000000000000;control=none;waves=none	conditional	expected_rtt_unknown,rtt_variance_unknown,effective_socket_buffer_unknown,host_pps_capacity_unknown	1	4647cadf43af5772b8172e90e71c1174-4	200	0	1776546	1776546	0	0	0.000	15.032	6889.0	19333.6	9596	15	0	0	22	2279754	1776546	5991798	1776262	1000	759	759	351839	250	0	0	0	0	0	0	0	0	0	0	0	0	0	0	0	250	0	0	0	0	0	0	0
mio	plain	listener	shared-pool:4	per-connection	all	on	on	8	retain	16777216	33554432	33554432	33554432	33554432	0-2	off									3					3	3	0-2	3-5	200	200	0	50	0	none	8000000	input-relative:25		8000000	25	stage-a-v1-no-unvalidated-margin	revision=stage-a-v1-no-unvalidated-margin;window=0.00000000000000000;recovery=0.00000000000000000;socket=0.00000000000000000;host=1.00000000000000000;nic=1.00000000000000000;control=none;waves=none	conditional	expected_rtt_unknown,rtt_variance_unknown,effective_socket_buffer_unknown,host_pps_capacity_unknown,nic_capacity_unknown	1	4647cadf43af5772b8172e90e71c1174-4	200	0	2354505	1776546	0	0	1.438	15.040	12064.6	11592.8	29056	15	0	0	22	0	0	0	0	1000	759	0	0	250	0	0	0	0	0	0	0	0	0	0	0	0	0	0	0	250	0	0	0	0	0	0	0
tokio	plain	caller	shared-pool:4	per-connection	all	on	on	8	retain	16777216	33554432	33554432	33554432	33554432	3-5	off									3					3	3	0-2	3-5	200	200	200	50	50	none	8000000	input-relative:25		8000000	25	stage-a-v1-no-unvalidated-margin	revision=stage-a-v1-no-unvalidated-margin;window=0.00000000000000000;recovery=0.00000000000000000;socket=0.00000000000000000;host=1.00000000000000000;nic=1.00000000000000000;control=none;waves=none	conditional	expected_rtt_unknown,rtt_variance_unknown,effective_socket_buffer_unknown,host_pps_capacity_unknown	1	4647cadf43af5772b8172e90e71c1174-5	200	0	1433437	1433437	0	0	0.000	15.034	9212.5	16138.6	11776	15	0	0	66	2279546	1433437	1857144	1433047	1000	759	759	694497	250	0	0	0	0	0	0	0	0	0	0	0	0	0	0	0	250	0	0	0	0	0	0	0
tokio	plain	listener	shared-pool:4	per-connection	all	on	on	8	retain	16777216	33554432	33554432	33554432	33554432	0-2	off									3					3	3	0-2	3-5	200	200	0	50	0	none	8000000	input-relative:25		8000000	25	stage-a-v1-no-unvalidated-margin	revision=stage-a-v1-no-unvalidated-margin;window=0.00000000000000000;recovery=0.00000000000000000;socket=0.00000000000000000;host=1.00000000000000000;nic=1.00000000000000000;control=none;waves=none	conditional	expected_rtt_unknown,rtt_variance_unknown,effective_socket_buffer_unknown,host_pps_capacity_unknown,nic_capacity_unknown	1	4647cadf43af5772b8172e90e71c1174-5	200	0	1433437	1433437	0	0	1.857	15.040	12957.2	9418.4	26496	15	0	0	68	0	0	0	0	1000	759	0	0	250	0	0	0	0	0	0	0	0	2043159	386510	5.286	1024	2048	4096	14768	250	4	9487	37948	0	0	0	0
mio	plain	caller	shared-pool:4	per-connection	all	on	on	8	retain	16777216	33554432	33554432	33554432	33554432	3-5	off									3					3	3	0-2	3-5	1	1	1	50	1	none	8000000	input-relative:50		8000000	50	stage-a-v1-no-unvalidated-margin	revision=stage-a-v1-no-unvalidated-margin;window=0.00000000000000000;recovery=0.00000000000000000;socket=0.00000000000000000;host=1.00000000000000000;nic=1.00000000000000000;control=none;waves=none	conditional	expected_rtt_unknown,rtt_variance_unknown,effective_socket_buffer_unknown,host_pps_capacity_unknown	1	4647cadf43af5772b8172e90e71c1174-6	1	0	11398	11398	0	0	0.000	15.001	220.9	696.7	5104	15	0	0	0	11398	11398	344	280	1000	759	4	0	250	0	0	0	0	0	0	0	0	0	0	0	0	0	0	0	250	0	0	0	0	0	0	0
mio	plain	listener	shared-pool:4	per-connection	all	on	on	8	retain	16777216	33554432	33554432	33554432	33554432	0-2	off									3					3	3	0-2	3-5	1	1	0	50	0	none	8000000	input-relative:50		8000000	50	stage-a-v1-no-unvalidated-margin	revision=stage-a-v1-no-unvalidated-margin;window=0.00000000000000000;recovery=0.00000000000000000;socket=0.00000000000000000;host=1.00000000000000000;nic=1.00000000000000000;control=none;waves=none	conditional	expected_rtt_unknown,rtt_variance_unknown,effective_socket_buffer_unknown,host_pps_capacity_unknown,nic_capacity_unknown	1	4647cadf43af5772b8172e90e71c1174-6	1	0	11398	11398	0	0	0.132	15.004	257.7	463.3	5248	15	0	0	0	0	0	0	0	1000	759	0	0	250	0	0	0	0	0	0	0	0	0	0	0	0	0	0	0	250	0	0	0	0	0	0	0
tokio	plain	caller	shared-pool:4	per-connection	all	on	on	8	retain	16777216	33554432	33554432	33554432	33554432	3-5	off									3					3	3	0-2	3-5	1	1	1	50	1	none	8000000	input-relative:50		8000000	50	stage-a-v1-no-unvalidated-margin	revision=stage-a-v1-no-unvalidated-margin;window=0.00000000000000000;recovery=0.00000000000000000;socket=0.00000000000000000;host=1.00000000000000000;nic=1.00000000000000000;control=none;waves=none	conditional	expected_rtt_unknown,rtt_variance_unknown,effective_socket_buffer_unknown,host_pps_capacity_unknown	1	4647cadf43af5772b8172e90e71c1174-7	1	0	8781	8781	0	0	0.000	15.001	368.7	827.4	5564	15	0	0	0	11397	8781	10412	8778	1000	759	759	1858	250	0	0	0	0	0	0	0	0	0	0	0	0	0	0	0	250	0	0	0	0	0	0	0
tokio	plain	listener	shared-pool:4	per-connection	all	on	on	8	retain	16777216	33554432	33554432	33554432	33554432	0-2	off									3					3	3	0-2	3-5	1	1	0	50	0	none	8000000	input-relative:50		8000000	50	stage-a-v1-no-unvalidated-margin	revision=stage-a-v1-no-unvalidated-margin;window=0.00000000000000000;recovery=0.00000000000000000;socket=0.00000000000000000;host=1.00000000000000000;nic=1.00000000000000000;control=none;waves=none	conditional	expected_rtt_unknown,rtt_variance_unknown,effective_socket_buffer_unknown,host_pps_capacity_unknown,nic_capacity_unknown	1	4647cadf43af5772b8172e90e71c1174-7	1	0	8781	8781	0	0	0.388	15.003	371.8	512.4	5552	15	0	0	0	0	0	0	0	1000	759	0	0	250	0	0	0	0	0	0	0	0	0	0	0	0	0	0	0	250	0	0	0	0	0	0	0
mio	plain	caller	shared-pool:4	per-connection	all	on	on	8	retain	16777216	33554432	33554432	33554432	33554432	3-5	off									3					3	3	0-2	3-5	30	30	30	50	26	none	8000000	input-relative:50		8000000	50	stage-a-v1-no-unvalidated-margin	revision=stage-a-v1-no-unvalidated-margin;window=0.00000000000000000;recovery=0.00000000000000000;socket=0.00000000000000000;host=1.00000000000000000;nic=1.00000000000000000;control=none;waves=none	conditional	expected_rtt_unknown,rtt_variance_unknown,effective_socket_buffer_unknown,host_pps_capacity_unknown	1	4647cadf43af5772b8172e90e71c1174-8	30	0	329888	329888	0	0	0.000	15.004	1825.7	6468.1	6016	15	0	0	4	341944	329888	778247	329327	1000	759	512	0	250	0	0	0	0	0	0	0	0	0	0	0	0	0	0	0	250	0	0	0	0	0	0	0
mio	plain	listener	shared-pool:4	per-connection	all	on	on	8	retain	16777216	33554432	33554432	33554432	33554432	0-2	off									3					3	3	0-2	3-5	30	30	0	50	0	none	8000000	input-relative:50		8000000	50	stage-a-v1-no-unvalidated-margin	revision=stage-a-v1-no-unvalidated-margin;window=0.00000000000000000;recovery=0.00000000000000000;socket=0.00000000000000000;host=1.00000000000000000;nic=1.00000000000000000;control=none;waves=none	conditional	expected_rtt_unknown,rtt_variance_unknown,effective_socket_buffer_unknown,host_pps_capacity_unknown,nic_capacity_unknown	1	4647cadf43af5772b8172e90e71c1174-8	30	0	429080	329888	0	0	0.281	15.007	3035.0	4102.8	9728	15	0	0	4	0	0	0	0	1000	759	0	0	250	0	0	0	0	0	0	0	0	0	0	0	0	0	0	0	250	0	0	0	0	0	0	0
tokio	plain	caller	shared-pool:4	per-connection	all	on	on	8	retain	16777216	33554432	33554432	33554432	33554432	3-5	off									3					3	3	0-2	3-5	30	30	30	50	30	none	8000000	input-relative:50		8000000	50	stage-a-v1-no-unvalidated-margin	revision=stage-a-v1-no-unvalidated-margin;window=0.00000000000000000;recovery=0.00000000000000000;socket=0.00000000000000000;host=1.00000000000000000;nic=1.00000000000000000;control=none;waves=none	conditional	expected_rtt_unknown,rtt_variance_unknown,effective_socket_buffer_unknown,host_pps_capacity_unknown	1	4647cadf43af5772b8172e90e71c1174-9	30	0	264057	264057	0	0	0.000	15.004	2542.9	5329.9	6528	15	0	0	14	341957	264057	326268	263971	1000	759	759	55156	250	0	0	0	0	0	0	0	0	0	0	0	0	0	0	0	250	0	0	0	0	0	0	0
tokio	plain	listener	shared-pool:4	per-connection	all	on	on	8	retain	16777216	33554432	33554432	33554432	33554432	0-2	off									3					3	3	0-2	3-5	30	30	0	50	0	none	8000000	input-relative:50		8000000	50	stage-a-v1-no-unvalidated-margin	revision=stage-a-v1-no-unvalidated-margin;window=0.00000000000000000;recovery=0.00000000000000000;socket=0.00000000000000000;host=1.00000000000000000;nic=1.00000000000000000;control=none;waves=none	conditional	expected_rtt_unknown,rtt_variance_unknown,effective_socket_buffer_unknown,host_pps_capacity_unknown,nic_capacity_unknown	1	4647cadf43af5772b8172e90e71c1174-9	30	0	264057	264057	0	0	0.532	15.008	4644.5	3500.7	10624	15	0	0	14	0	0	0	0	1000	759	0	0	250	0	0	0	0	0	0	0	0	363593	129913	2.799	1024	2048	2048	10466	250	4	1518	6072	0	0	0	0
mio	plain	caller	shared-pool:4	per-connection	all	on	on	8	retain	16777216	33554432	33554432	33554432	33554432	3-5	off									3					3	3	0-2	3-5	200	200	200	50	50	none	8000000	input-relative:50		8000000	50	stage-a-v1-no-unvalidated-margin	revision=stage-a-v1-no-unvalidated-margin;window=0.00000000000000000;recovery=0.00000000000000000;socket=0.00000000000000000;host=1.00000000000000000;nic=1.00000000000000000;control=none;waves=none	conditional	expected_rtt_unknown,rtt_variance_unknown,effective_socket_buffer_unknown,host_pps_capacity_unknown	1	4647cadf43af5772b8172e90e71c1174-10	200	0	2003762	2003762	0	0	0.000	15.033	7293.1	20631.6	11388	15	0	0	14	2279765	2003762	5174537	2003293	1000	759	759	126574	250	0	0	0	0	0	0	0	0	0	0	0	0	0	0	0	250	0	0	0	0	0	0	0
mio	plain	listener	shared-pool:4	per-connection	all	on	on	8	retain	16777216	33554432	33554432	33554432	33554432	0-2	off									3					3	3	0-2	3-5	200	200	0	50	0	none	8000000	input-relative:50		8000000	50	stage-a-v1-no-unvalidated-margin	revision=stage-a-v1-no-unvalidated-margin;window=0.00000000000000000;recovery=0.00000000000000000;socket=0.00000000000000000;host=1.00000000000000000;nic=1.00000000000000000;control=none;waves=none	conditional	expected_rtt_unknown,rtt_variance_unknown,effective_socket_buffer_unknown,host_pps_capacity_unknown,nic_capacity_unknown	1	4647cadf43af5772b8172e90e71c1174-10	200	0	2576801	2003762	0	0	1.348	15.040	13312.3	12150.7	31872	15	0	0	33	0	0	0	0	1000	759	0	0	250	0	0	0	0	0	0	0	0	0	0	0	0	0	0	0	250	0	0	0	0	0	0	0
tokio	plain	caller	shared-pool:4	per-connection	all	on	on	8	retain	16777216	33554432	33554432	33554432	33554432	3-5	off									3					3	3	0-2	3-5	200	200	200	50	50	none	8000000	input-relative:50		8000000	50	stage-a-v1-no-unvalidated-margin	revision=stage-a-v1-no-unvalidated-margin;window=0.00000000000000000;recovery=0.00000000000000000;socket=0.00000000000000000;host=1.00000000000000000;nic=1.00000000000000000;control=none;waves=none	conditional	expected_rtt_unknown,rtt_variance_unknown,effective_socket_buffer_unknown,host_pps_capacity_unknown	1	4647cadf43af5772b8172e90e71c1174-11	200	0	1545627	1545627	0	0	0.000	15.042	9555.1	16745.1	11904	15	0	0	46	2279611	1545627	1929978	1545320	1000	759	759	582384	250	0	0	0	0	0	0	0	0	0	0	0	0	0	0	0	250	0	0	0	0	0	0	0
tokio	plain	listener	shared-pool:4	per-connection	all	on	on	8	retain	16777216	33554432	33554432	33554432	33554432	0-2	off									3					3	3	0-2	3-5	200	200	0	50	0	none	8000000	input-relative:50		8000000	50	stage-a-v1-no-unvalidated-margin	revision=stage-a-v1-no-unvalidated-margin;window=0.00000000000000000;recovery=0.00000000000000000;socket=0.00000000000000000;host=1.00000000000000000;nic=1.00000000000000000;control=none;waves=none	conditional	expected_rtt_unknown,rtt_variance_unknown,effective_socket_buffer_unknown,host_pps_capacity_unknown,nic_capacity_unknown	1	4647cadf43af5772b8172e90e71c1174-11	200	0	1545627	1545627	0	0	0.871	15.048	13798.0	9613.3	28032	15	0	0	46	0	0	0	0	1000	759	0	0	250	0	0	0	0	0	0	0	0	2156220	404867	5.326	1024	2048	4096	14061	250	4	9487	37948	0	0	0	0
mio	plain	caller	shared-pool:4	per-connection	all	on	on	8	retain	16777216	33554432	33554432	33554432	33554432	3-5	off									3					3	3	0-2	3-5	1	1	1	50	1	none	8000000	input-relative:100		8000000	100	stage-a-v1-no-unvalidated-margin	revision=stage-a-v1-no-unvalidated-margin;window=0.00000000000000000;recovery=0.00000000000000000;socket=0.00000000000000000;host=1.00000000000000000;nic=1.00000000000000000;control=none;waves=none	conditional	expected_rtt_unknown,rtt_variance_unknown,effective_socket_buffer_unknown,host_pps_capacity_unknown	1	4647cadf43af5772b8172e90e71c1174-12	1	0	11394	11394	0	0	0.000	15.002	222.4	871.0	5208	15	0	0	0	11398	11394	695	579	1000	759	6	0	250	0	0	0	0	0	0	0	0	0	0	0	0	0	0	0	250	0	0	0	0	0	0	0
mio	plain	listener	shared-pool:4	per-connection	all	on	on	8	retain	16777216	33554432	33554432	33554432	33554432	0-2	off									3					3	3	0-2	3-5	1	1	0	50	0	none	8000000	input-relative:100		8000000	100	stage-a-v1-no-unvalidated-margin	revision=stage-a-v1-no-unvalidated-margin;window=0.00000000000000000;recovery=0.00000000000000000;socket=0.00000000000000000;host=1.00000000000000000;nic=1.00000000000000000;control=none;waves=none	conditional	expected_rtt_unknown,rtt_variance_unknown,effective_socket_buffer_unknown,host_pps_capacity_unknown,nic_capacity_unknown	1	4647cadf43af5772b8172e90e71c1174-12	1	0	11394	11394	0	0	1.238	15.005	259.6	601.9	5392	15	0	0	0	0	0	0	0	1000	759	0	0	250	0	0	0	0	0	0	0	0	0	0	0	0	0	0	0	250	0	0	0	0	0	0	0
tokio	plain	caller	shared-pool:4	per-connection	all	on	on	8	retain	16777216	33554432	33554432	33554432	33554432	3-5	off									3					3	3	0-2	3-5	1	1	1	50	1	none	8000000	input-relative:100		8000000	100	stage-a-v1-no-unvalidated-margin	revision=stage-a-v1-no-unvalidated-margin;window=0.00000000000000000;recovery=0.00000000000000000;socket=0.00000000000000000;host=1.00000000000000000;nic=1.00000000000000000;control=none;waves=none	conditional	expected_rtt_unknown,rtt_variance_unknown,effective_socket_buffer_unknown,host_pps_capacity_unknown	1	4647cadf43af5772b8172e90e71c1174-13	1	0	10084	10084	0	0	0.000	15.001	375.6	778.5	5612	15	0	0	1	11397	10084	11691	10082	1000	759	759	555	250	0	0	0	0	0	0	0	0	0	0	0	0	0	0	0	250	0	0	0	0	0	0	0
tokio	plain	listener	shared-pool:4	per-connection	all	on	on	8	retain	16777216	33554432	33554432	33554432	33554432	0-2	off									3					3	3	0-2	3-5	1	1	0	50	0	none	8000000	input-relative:100		8000000	100	stage-a-v1-no-unvalidated-margin	revision=stage-a-v1-no-unvalidated-margin;window=0.00000000000000000;recovery=0.00000000000000000;socket=0.00000000000000000;host=1.00000000000000000;nic=1.00000000000000000;control=none;waves=none	conditional	expected_rtt_unknown,rtt_variance_unknown,effective_socket_buffer_unknown,host_pps_capacity_unknown,nic_capacity_unknown	1	4647cadf43af5772b8172e90e71c1174-13	1	0	10084	10084	0	0	0.415	15.004	384.0	476.8	5568	15	0	0	1	0	0	0	0	1000	759	0	0	250	0	0	0	0	0	0	0	0	0	0	0	0	0	0	0	250	0	0	0	0	0	0	0
mio	plain	caller	shared-pool:4	per-connection	all	on	on	8	retain	16777216	33554432	33554432	33554432	33554432	3-5	off									3					3	3	0-2	3-5	30	30	30	50	25	none	8000000	input-relative:100		8000000	100	stage-a-v1-no-unvalidated-margin	revision=stage-a-v1-no-unvalidated-margin;window=0.00000000000000000;recovery=0.00000000000000000;socket=0.00000000000000000;host=1.00000000000000000;nic=1.00000000000000000;control=none;waves=none	conditional	expected_rtt_unknown,rtt_variance_unknown,effective_socket_buffer_unknown,host_pps_capacity_unknown	1	4647cadf43af5772b8172e90e71c1174-14	30	0	341094	341094	0	0	0.000	15.002	1878.5	5833.9	6016	15	0	0	2	341941	341094	739706	301616	1000	759	154	0	250	0	0	0	0	0	0	0	0	0	0	0	0	0	0	0	250	0	0	0	0	0	0	0
mio	plain	listener	shared-pool:4	per-connection	all	on	on	8	retain	16777216	33554432	33554432	33554432	33554432	0-2	off									3					3	3	0-2	3-5	30	30	0	50	0	none	8000000	input-relative:100		8000000	100	stage-a-v1-no-unvalidated-margin	revision=stage-a-v1-no-unvalidated-margin;window=0.00000000000000000;recovery=0.00000000000000000;socket=0.00000000000000000;host=1.00000000000000000;nic=1.00000000000000000;control=none;waves=none	conditional	expected_rtt_unknown,rtt_variance_unknown,effective_socket_buffer_unknown,host_pps_capacity_unknown,nic_capacity_unknown	1	4647cadf43af5772b8172e90e71c1174-14	30	0	440659	341094	0	0	0.357	15.005	2860.3	3883.4	9984	15	0	0	2	0	0	0	0	1000	759	0	0	250	0	0	0	0	0	0	0	0	0	0	0	0	0	0	0	250	0	0	0	0	0	0	0
tokio	plain	caller	shared-pool:4	per-connection	all	on	on	8	retain	16777216	33554432	33554432	33554432	33554432	3-5	off									3					3	3	0-2	3-5	30	30	30	50	30	none	8000000	input-relative:100		8000000	100	stage-a-v1-no-unvalidated-margin	revision=stage-a-v1-no-unvalidated-margin;window=0.00000000000000000;recovery=0.00000000000000000;socket=0.00000000000000000;host=1.00000000000000000;nic=1.00000000000000000;control=none;waves=none	conditional	expected_rtt_unknown,rtt_variance_unknown,effective_socket_buffer_unknown,host_pps_capacity_unknown	1	4647cadf43af5772b8172e90e71c1174-15	30	0	296948	296948	0	0	0.000	15.003	2804.9	5570.6	6828	15	0	0	8	341936	296948	361141	296886	1000	759	759	22247	250	0	0	0	0	0	0	0	0	0	0	0	0	0	0	0	250	0	0	0	0	0	0	0
tokio	plain	listener	shared-pool:4	per-connection	all	on	on	8	retain	16777216	33554432	33554432	33554432	33554432	0-2	off									3					3	3	0-2	3-5	30	30	0	50	0	none	8000000	input-relative:100		8000000	100	stage-a-v1-no-unvalidated-margin	revision=stage-a-v1-no-unvalidated-margin;window=0.00000000000000000;recovery=0.00000000000000000;socket=0.00000000000000000;host=1.00000000000000000;nic=1.00000000000000000;control=none;waves=none	conditional	expected_rtt_unknown,rtt_variance_unknown,effective_socket_buffer_unknown,host_pps_capacity_unknown,nic_capacity_unknown	1	4647cadf43af5772b8172e90e71c1174-15	30	0	296948	296948	0	0	0.630	15.006	4987.1	3767.8	11008	15	0	0	10	0	0	0	0	1000	759	0	0	250	0	0	0	0	0	0	0	0	397334	142173	2.795	1024	2048	2048	5046	250	4	1518	6072	0	0	0	0
mio	plain	caller	shared-pool:4	per-connection	all	on	on	8	retain	16777216	33554432	33554432	33554432	33554432	3-5	off									3					3	3	0-2	3-5	200	200	200	50	50	none	8000000	input-relative:100		8000000	100	stage-a-v1-no-unvalidated-margin	revision=stage-a-v1-no-unvalidated-margin;window=0.00000000000000000;recovery=0.00000000000000000;socket=0.00000000000000000;host=1.00000000000000000;nic=1.00000000000000000;control=none;waves=none	conditional	expected_rtt_unknown,rtt_variance_unknown,effective_socket_buffer_unknown,host_pps_capacity_unknown	1	4647cadf43af5772b8172e90e71c1174-16	200	0	2277794	2277794	0	0	0.000	15.031	7738.0	22706.1	10348	15	0	0	2	2279791	2277794	2888631	1341521	1000	759	253	0	250	0	0	0	0	0	0	0	0	0	0	0	0	0	0	0	250	0	0	0	0	0	0	0
mio	plain	listener	shared-pool:4	per-connection	all	on	on	8	retain	16777216	33554432	33554432	33554432	33554432	0-2	off									3					3	3	0-2	3-5	200	200	0	50	0	none	8000000	input-relative:100		8000000	100	stage-a-v1-no-unvalidated-margin	revision=stage-a-v1-no-unvalidated-margin;window=0.00000000000000000;recovery=0.00000000000000000;socket=0.00000000000000000;host=1.00000000000000000;nic=1.00000000000000000;control=none;waves=none	conditional	expected_rtt_unknown,rtt_variance_unknown,effective_socket_buffer_unknown,host_pps_capacity_unknown,nic_capacity_unknown	1	4647cadf43af5772b8172e90e71c1174-16	200	0	2864399	2277794	0	0	1.094	15.039	14438.9	12983.1	37376	15	0	0	6	0	0	0	0	1000	759	0	0	250	0	0	0	0	0	0	0	0	0	0	0	0	0	0	0	250	0	0	0	0	0	0	0
tokio	plain	caller	shared-pool:4	per-connection	all	on	on	8	retain	16777216	33554432	33554432	33554432	33554432	3-5	off									3					3	3	0-2	3-5	200	200	200	50	50	none	8000000	input-relative:100		8000000	100	stage-a-v1-no-unvalidated-margin	revision=stage-a-v1-no-unvalidated-margin;window=0.00000000000000000;recovery=0.00000000000000000;socket=0.00000000000000000;host=1.00000000000000000;nic=1.00000000000000000;control=none;waves=none	conditional	expected_rtt_unknown,rtt_variance_unknown,effective_socket_buffer_unknown,host_pps_capacity_unknown	1	4647cadf43af5772b8172e90e71c1174-17	200	0	1779177	1779177	0	0	0.000	15.028	9898.2	17371.2	11904	15	0	0	36	2279621	1779177	2073761	1778847	1000	759	759	348847	250	0	0	0	0	0	0	0	0	0	0	0	0	0	0	0	250	0	0	0	0	0	0	0
tokio	plain	listener	shared-pool:4	per-connection	all	on	on	8	retain	16777216	33554432	33554432	33554432	33554432	0-2	off									3					3	3	0-2	3-5	200	200	0	50	0	none	8000000	input-relative:100		8000000	100	stage-a-v1-no-unvalidated-margin	revision=stage-a-v1-no-unvalidated-margin;window=0.00000000000000000;recovery=0.00000000000000000;socket=0.00000000000000000;host=1.00000000000000000;nic=1.00000000000000000;control=none;waves=none	conditional	expected_rtt_unknown,rtt_variance_unknown,effective_socket_buffer_unknown,host_pps_capacity_unknown,nic_capacity_unknown	1	4647cadf43af5772b8172e90e71c1174-17	200	0	1779177	1779177	0	0	1.477	15.034	14835.2	9831.0	30720	15	0	0	36	0	0	0	0	1000	759	0	0	250	0	0	0	0	0	0	0	0	2391627	476999	5.014	1024	2048	4096	12399	250	4	9487	37948	0	0	0	0
mio	plain	caller	shared-pool:4	per-connection	all	on	on	8	retain	16777216	33554432	33554432	33554432	33554432	3-5	off									3					3	3	0-2	3-5	1	1	1	50	1	none	8000000	fixed:100000000	100000000		25	stage-a-v1-no-unvalidated-margin	revision=stage-a-v1-no-unvalidated-margin;window=0.00000000000000000;recovery=0.00000000000000000;socket=0.00000000000000000;host=1.00000000000000000;nic=1.00000000000000000;control=none;waves=none	conditional	expected_rtt_unknown,rtt_variance_unknown,effective_socket_buffer_unknown,host_pps_capacity_unknown	1	4647cadf43af5772b8172e90e71c1174-18	1	0	11398	11398	0	0	0.000	15.001	235.5	797.3	5336	15	0	0	0	11398	11398	101	97	1000	759	4	0	250	0	0	0	0	0	0	0	0	0	0	0	0	0	0	0	250	0	0	0	0	0	0	0
mio	plain	listener	shared-pool:4	per-connection	all	on	on	8	retain	16777216	33554432	33554432	33554432	33554432	0-2	off									3					3	3	0-2	3-5	1	1	0	50	0	none	8000000	fixed:100000000	100000000		25	stage-a-v1-no-unvalidated-margin	revision=stage-a-v1-no-unvalidated-margin;window=0.00000000000000000;recovery=0.00000000000000000;socket=0.00000000000000000;host=1.00000000000000000;nic=1.00000000000000000;control=none;waves=none	conditional	expected_rtt_unknown,rtt_variance_unknown,effective_socket_buffer_unknown,host_pps_capacity_unknown,nic_capacity_unknown	1	4647cadf43af5772b8172e90e71c1174-18	1	0	11398	11398	0	0	0.090	15.003	254.7	556.8	5220	15	0	0	0	0	0	0	0	1000	759	0	0	250	0	0	0	0	0	0	0	0	0	0	0	0	0	0	0	250	0	0	0	0	0	0	0
tokio	plain	caller	shared-pool:4	per-connection	all	on	on	8	retain	16777216	33554432	33554432	33554432	33554432	3-5	off									3					3	3	0-2	3-5	1	1	1	50	1	none	8000000	fixed:100000000	100000000		25	stage-a-v1-no-unvalidated-margin	revision=stage-a-v1-no-unvalidated-margin;window=0.00000000000000000;recovery=0.00000000000000000;socket=0.00000000000000000;host=1.00000000000000000;nic=1.00000000000000000;control=none;waves=none	conditional	expected_rtt_unknown,rtt_variance_unknown,effective_socket_buffer_unknown,host_pps_capacity_unknown	1	4647cadf43af5772b8172e90e71c1174-19	1	0	11398	11398	0	0	0.000	15.001	626.3	659.0	5436	15	0	0	0	11398	11398	6955	4765	1000	759	4	0	250	0	0	0	0	0	0	0	0	0	0	0	0	0	0	0	250	0	0	0	0	0	0	0
tokio	plain	listener	shared-pool:4	per-connection	all	on	on	8	retain	16777216	33554432	33554432	33554432	33554432	0-2	off									3					3	3	0-2	3-5	1	1	0	50	0	none	8000000	fixed:100000000	100000000		25	stage-a-v1-no-unvalidated-margin	revision=stage-a-v1-no-unvalidated-margin;window=0.00000000000000000;recovery=0.00000000000000000;socket=0.00000000000000000;host=1.00000000000000000;nic=1.00000000000000000;control=none;waves=none	conditional	expected_rtt_unknown,rtt_variance_unknown,effective_socket_buffer_unknown,host_pps_capacity_unknown,nic_capacity_unknown	1	4647cadf43af5772b8172e90e71c1174-19	1	0	11398	11398	0	0	0.157	15.003	342.3	462.2	5536	15	0	0	0	0	0	0	0	1000	759	0	0	250	0	0	0	0	0	0	0	0	0	0	0	0	0	0	0	250	0	0	0	0	0	0	0
mio	plain	caller	shared-pool:4	per-connection	all	on	on	8	retain	16777216	33554432	33554432	33554432	33554432	3-5	off									3					3	3	0-2	3-5	30	30	30	50	30	none	8000000	fixed:100000000	100000000		25	stage-a-v1-no-unvalidated-margin	revision=stage-a-v1-no-unvalidated-margin;window=0.00000000000000000;recovery=0.00000000000000000;socket=0.00000000000000000;host=1.00000000000000000;nic=1.00000000000000000;control=none;waves=none	conditional	expected_rtt_unknown,rtt_variance_unknown,effective_socket_buffer_unknown,host_pps_capacity_unknown	1	4647cadf43af5772b8172e90e71c1174-20	30	0	341940	341940	0	0	0.000	15.002	2349.5	13227.7	6272	15	0	0	1	341940	341940	170133	129148	1000	759	242	0	250	0	0	0	0	0	0	0	0	0	0	0	0	0	0	0	250	0	0	0	0	0	0	0
mio	plain	listener	shared-pool:4	per-connection	all	on	on	8	retain	16777216	33554432	33554432	33554432	33554432	0-2	off									3					3	3	0-2	3-5	30	30	0	50	0	none	8000000	fixed:100000000	100000000		25	stage-a-v1-no-unvalidated-margin	revision=stage-a-v1-no-unvalidated-margin;window=0.00000000000000000;recovery=0.00000000000000000;socket=0.00000000000000000;host=1.00000000000000000;nic=1.00000000000000000;control=none;waves=none	conditional	expected_rtt_unknown,rtt_variance_unknown,effective_socket_buffer_unknown,host_pps_capacity_unknown,nic_capacity_unknown	1	4647cadf43af5772b8172e90e71c1174-20	30	0	439307	341940	0	0	0.283	15.004	3699.5	7279.6	10932	15	0	0	1	0	0	0	0	1000	759	0	0	250	0	0	0	0	0	0	0	0	0	0	0	0	0	0	0	250	0	0	0	0	0	0	0
tokio	plain	caller	shared-pool:4	per-connection	all	on	on	8	retain	16777216	33554432	33554432	33554432	33554432	3-5	off									3					3	3	0-2	3-5	30	30	30	50	29	none	8000000	fixed:100000000	100000000		25	stage-a-v1-no-unvalidated-margin	revision=stage-a-v1-no-unvalidated-margin;window=0.00000000000000000;recovery=0.00000000000000000;socket=0.00000000000000000;host=1.00000000000000000;nic=1.00000000000000000;control=none;waves=none	conditional	expected_rtt_unknown,rtt_variance_unknown,effective_socket_buffer_unknown,host_pps_capacity_unknown	1	4647cadf43af5772b8172e90e71c1174-21	30	0	341579	341579	0	0	0.000	15.004	5703.1	8496.7	7000	15	0	0	5	341944	341579	476846	256409	1000	759	91	0	250	0	0	0	0	0	0	0	0	0	0	0	0	0	0	0	250	0	0	0	0	0	0	0
tokio	plain	listener	shared-pool:4	per-connection	all	on	on	8	retain	16777216	33554432	33554432	33554432	33554432	0-2	off									3					3	3	0-2	3-5	30	30	0	50	0	none	8000000	fixed:100000000	100000000		25	stage-a-v1-no-unvalidated-margin	revision=stage-a-v1-no-unvalidated-margin;window=0.00000000000000000;recovery=0.00000000000000000;socket=0.00000000000000000;host=1.00000000000000000;nic=1.00000000000000000;control=none;waves=none	conditional	expected_rtt_unknown,rtt_variance_unknown,effective_socket_buffer_unknown,host_pps_capacity_unknown,nic_capacity_unknown	1	4647cadf43af5772b8172e90e71c1174-21	30	0	341579	341579	0	0	0.761	15.008	6373.3	5509.9	11776	15	0	0	5	0	0	0	0	1000	759	0	0	250	0	0	0	0	0	0	0	0	440780	171776	2.566	1024	2048	4096	33023	250	4	1518	6072	0	0	0	0
mio	plain	caller	shared-pool:4	per-connection	all	on	on	8	retain	16777216	33554432	33554432	33554432	33554432	3-5	off									3					3	3	0-2	3-5	200	200	200	50	50	none	8000000	fixed:100000000	100000000		25	stage-a-v1-no-unvalidated-margin	revision=stage-a-v1-no-unvalidated-margin;window=0.00000000000000000;recovery=0.00000000000000000;socket=0.00000000000000000;host=1.00000000000000000;nic=1.00000000000000000;control=none;waves=none	conditional	expected_rtt_unknown,rtt_variance_unknown,effective_socket_buffer_unknown,host_pps_capacity_unknown	1	4647cadf43af5772b8172e90e71c1174-22	200	0	2279788	2279788	0	0	0.000	15.043	9031.5	24605.7	17860	15	0	0	9	2279788	2279788	646301	646170	1000	759	47	0	250	0	0	0	0	0	0	0	0	0	0	0	0	0	0	0	250	0	0	0	0	0	0	0
mio	plain	listener	shared-pool:4	per-connection	all	on	on	8	retain	16777216	33554432	33554432	33554432	33554432	0-2	off									3					3	3	0-2	3-5	200	200	0	50	0	none	8000000	fixed:100000000	100000000		25	stage-a-v1-no-unvalidated-margin	revision=stage-a-v1-no-unvalidated-margin;window=0.00000000000000000;recovery=0.00000000000000000;socket=0.00000000000000000;host=1.00000000000000000;nic=1.00000000000000000;control=none;waves=none	conditional	expected_rtt_unknown,rtt_variance_unknown,effective_socket_buffer_unknown,host_pps_capacity_unknown,nic_capacity_unknown	1	4647cadf43af5772b8172e90e71c1174-22	200	0	2867256	2279788	0	0	1.183	15.055	15924.1	13521.7	44544	15	0	0	18	0	0	0	0	1000	759	0	0	250	0	0	0	0	0	0	0	0	0	0	0	0	0	0	0	250	0	0	0	0	0	0	0
tokio	plain	caller	shared-pool:4	per-connection	all	on	on	8	retain	16777216	33554432	33554432	33554432	33554432	3-5	off									3					3	3	0-2	3-5	200	200	200	50	50	none	8000000	fixed:100000000	100000000		25	stage-a-v1-no-unvalidated-margin	revision=stage-a-v1-no-unvalidated-margin;window=0.00000000000000000;recovery=0.00000000000000000;socket=0.00000000000000000;host=1.00000000000000000;nic=1.00000000000000000;control=none;waves=none	conditional	expected_rtt_unknown,rtt_variance_unknown,effective_socket_buffer_unknown,host_pps_capacity_unknown	1	4647cadf43af5772b8172e90e71c1174-23	200	0	2160633	2160633	0	0	0.000	15.030	12468.1	20690.6	12948	15	0	0	60	2279618	2160633	4308644	2155944	1000	759	759	157	250	0	0	0	0	0	0	0	0	0	0	0	0	0	0	0	250	0	0	0	0	0	0	0
tokio	plain	listener	shared-pool:4	per-connection	all	on	on	8	retain	16777216	33554432	33554432	33554432	33554432	0-2	off									3					3	3	0-2	3-5	200	200	0	50	0	none	8000000	fixed:100000000	100000000		25	stage-a-v1-no-unvalidated-margin	revision=stage-a-v1-no-unvalidated-margin;window=0.00000000000000000;recovery=0.00000000000000000;socket=0.00000000000000000;host=1.00000000000000000;nic=1.00000000000000000;control=none;waves=none	conditional	expected_rtt_unknown,rtt_variance_unknown,effective_socket_buffer_unknown,host_pps_capacity_unknown,nic_capacity_unknown	1	4647cadf43af5772b8172e90e71c1174-23	200	0	2160633	2160633	0	0	1.175	15.038	18280.6	11098.2	36052	15	0	0	60	0	0	0	0	1000	759	0	0	250	0	0	0	0	0	0	0	0	2786870	479124	5.817	1024	4096	16384	31290	250	4	9487	37948	0	0	0	0
mio	plain	caller	shared-pool:4	per-connection	all	on	on	8	retain	16777216	33554432	33554432	33554432	33554432	3-5	off									3					3	3	0-2	3-5	1	1	1	50	1	none	8000000	input-relative:25		8000000	25	stage-a-v1-no-unvalidated-margin	revision=stage-a-v1-no-unvalidated-margin;window=0.00000000000000000;recovery=0.00000000000000000;socket=0.00000000000000000;host=1.00000000000000000;nic=1.00000000000000000;control=none;waves=none	conditional	expected_rtt_unknown,rtt_variance_unknown,effective_socket_buffer_unknown,host_pps_capacity_unknown	2	4647cadf43af5772b8172e90e71c1174-24	1	0	7763	7763	0	0	0.000	15.002	202.2	881.2	5228	15	0	0	0	11399	7763	9412	7761	1000	759	759	2878	250	0	0	0	0	0	0	0	0	0	0	0	0	0	0	0	250	0	0	0	0	0	0	0
mio	plain	listener	shared-pool:4	per-connection	all	on	on	8	retain	16777216	33554432	33554432	33554432	33554432	0-2	off									3					3	3	0-2	3-5	1	1	0	50	0	none	8000000	input-relative:25		8000000	25	stage-a-v1-no-unvalidated-margin	revision=stage-a-v1-no-unvalidated-margin;window=0.00000000000000000;recovery=0.00000000000000000;socket=0.00000000000000000;host=1.00000000000000000;nic=1.00000000000000000;control=none;waves=none	conditional	expected_rtt_unknown,rtt_variance_unknown,effective_socket_buffer_unknown,host_pps_capacity_unknown,nic_capacity_unknown	2	4647cadf43af5772b8172e90e71c1174-24	1	0	7763	7763	0	0	0.144	15.004	232.5	606.8	5184	15	0	0	0	0	0	0	0	1000	759	0	0	250	0	0	0	0	0	0	0	0	0	0	0	0	0	0	0	250	0	0	0	0	0	0	0
tokio	plain	caller	shared-pool:4	per-connection	all	on	on	8	retain	16777216	33554432	33554432	33554432	33554432	3-5	off									3					3	3	0-2	3-5	1	1	1	50	1	none	8000000	input-relative:25		8000000	25	stage-a-v1-no-unvalidated-margin	revision=stage-a-v1-no-unvalidated-margin;window=0.00000000000000000;recovery=0.00000000000000000;socket=0.00000000000000000;host=1.00000000000000000;nic=1.00000000000000000;control=none;waves=none	conditional	expected_rtt_unknown,rtt_variance_unknown,effective_socket_buffer_unknown,host_pps_capacity_unknown	2	4647cadf43af5772b8172e90e71c1174-25	1	0	7814	7814	0	0	0.000	15.003	433.0	810.3	5580	15	0	0	1	11399	7814	9655	7811	1000	759	759	2827	250	0	0	0	0	0	0	0	0	0	0	0	0	0	0	0	250	0	0	0	0	0	0	0
tokio	plain	listener	shared-pool:4	per-connection	all	on	on	8	retain	16777216	33554432	33554432	33554432	33554432	0-2	off									3					3	3	0-2	3-5	1	1	0	50	0	none	8000000	input-relative:25		8000000	25	stage-a-v1-no-unvalidated-margin	revision=stage-a-v1-no-unvalidated-margin;window=0.00000000000000000;recovery=0.00000000000000000;socket=0.00000000000000000;host=1.00000000000000000;nic=1.00000000000000000;control=none;waves=none	conditional	expected_rtt_unknown,rtt_variance_unknown,effective_socket_buffer_unknown,host_pps_capacity_unknown,nic_capacity_unknown	2	4647cadf43af5772b8172e90e71c1174-25	1	0	7814	7814	0	0	0.142	15.005	322.1	578.1	5556	15	0	0	1	0	0	0	0	1000	759	0	0	250	0	0	0	0	0	0	0	0	0	0	0	0	0	0	0	250	0	0	0	0	0	0	0
mio	plain	caller	shared-pool:4	per-connection	all	on	on	8	retain	16777216	33554432	33554432	33554432	33554432	3-5	off									3					3	3	0-2	3-5	30	30	30	50	30	none	8000000	input-relative:25		8000000	25	stage-a-v1-no-unvalidated-margin	revision=stage-a-v1-no-unvalidated-margin;window=0.00000000000000000;recovery=0.00000000000000000;socket=0.00000000000000000;host=1.00000000000000000;nic=1.00000000000000000;control=none;waves=none	conditional	expected_rtt_unknown,rtt_variance_unknown,effective_socket_buffer_unknown,host_pps_capacity_unknown	2	4647cadf43af5772b8172e90e71c1174-26	30	0	297075	297075	0	0	0.000	15.003	2099.1	8799.9	6144	15	0	0	2	341970	297075	697398	296895	1000	759	759	22151	250	0	0	0	0	0	0	0	0	0	0	0	0	0	0	0	250	0	0	0	0	0	0	0
mio	plain	listener	shared-pool:4	per-connection	all	on	on	8	retain	16777216	33554432	33554432	33554432	33554432	0-2	off									3					3	3	0-2	3-5	30	30	0	50	0	none	8000000	input-relative:25		8000000	25	stage-a-v1-no-unvalidated-margin	revision=stage-a-v1-no-unvalidated-margin;window=0.00000000000000000;recovery=0.00000000000000000;socket=0.00000000000000000;host=1.00000000000000000;nic=1.00000000000000000;control=none;waves=none	conditional	expected_rtt_unknown,rtt_variance_unknown,effective_socket_buffer_unknown,host_pps_capacity_unknown,nic_capacity_unknown	2	4647cadf43af5772b8172e90e71c1174-26	30	0	394951	297075	0	0	0.438	15.006	3181.9	5421.5	9856	15	0	0	2	0	0	0	0	1000	759	0	0	250	0	0	0	0	0	0	0	0	0	0	0	0	0	0	0	250	0	0	0	0	0	0	0
tokio	plain	caller	shared-pool:4	per-connection	all	on	on	8	retain	16777216	33554432	33554432	33554432	33554432	3-5	off									3					3	3	0-2	3-5	30	30	30	50	30	none	8000000	input-relative:25		8000000	25	stage-a-v1-no-unvalidated-margin	revision=stage-a-v1-no-unvalidated-margin;window=0.00000000000000000;recovery=0.00000000000000000;socket=0.00000000000000000;host=1.00000000000000000;nic=1.00000000000000000;control=none;waves=none	conditional	expected_rtt_unknown,rtt_variance_unknown,effective_socket_buffer_unknown,host_pps_capacity_unknown	2	4647cadf43af5772b8172e90e71c1174-27	30	0	228632	228632	0	0	0.000	15.003	2848.9	6563.7	6928	15	0	0	2	341926	228632	288509	228539	1000	759	759	90552	250	0	0	0	0	0	0	0	0	0	0	0	0	0	0	0	250	0	0	0	0	0	0	0
tokio	plain	listener	shared-pool:4	per-connection	all	on	on	8	retain	16777216	33554432	33554432	33554432	33554432	0-2	off									3					3	3	0-2	3-5	30	30	0	50	0	none	8000000	input-relative:25		8000000	25	stage-a-v1-no-unvalidated-margin	revision=stage-a-v1-no-unvalidated-margin;window=0.00000000000000000;recovery=0.00000000000000000;socket=0.00000000000000000;host=1.00000000000000000;nic=1.00000000000000000;control=none;waves=none	conditional	expected_rtt_unknown,rtt_variance_unknown,effective_socket_buffer_unknown,host_pps_capacity_unknown,nic_capacity_unknown	2	4647cadf43af5772b8172e90e71c1174-27	30	0	228632	228632	0	0	0.292	15.007	4890.6	4259.3	10368	15	0	0	2	0	0	0	0	1000	759	0	0	250	0	0	0	0	0	0	0	0	326188	112200	2.907	1024	2048	8192	35189	250	4	1518	6072	0	0	0	0
mio	plain	caller	shared-pool:4	per-connection	all	on	on	8	retain	16777216	33554432	33554432	33554432	33554432	3-5	off									3					3	3	0-2	3-5	200	200	200	50	50	none	8000000	input-relative:25		8000000	25	stage-a-v1-no-unvalidated-margin	revision=stage-a-v1-no-unvalidated-margin;window=0.00000000000000000;recovery=0.00000000000000000;socket=0.00000000000000000;host=1.00000000000000000;nic=1.00000000000000000;control=none;waves=none	conditional	expected_rtt_unknown,rtt_variance_unknown,effective_socket_buffer_unknown,host_pps_capacity_unknown	2	4647cadf43af5772b8172e90e71c1174-28	200	0	1605683	1605683	0	0	0.000	15.033	7432.5	21669.3	10112	15	0	0	4	2279575	1605683	4933885	1605387	1000	759	759	522335	250	0	0	0	0	0	0	0	0	0	0	0	0	0	0	0	250	0	0	0	0	0	0	0
mio	plain	listener	shared-pool:4	per-connection	all	on	on	8	retain	16777216	33554432	33554432	33554432	33554432	0-2	off									3					3	3	0-2	3-5	200	200	0	50	0	none	8000000	input-relative:25		8000000	25	stage-a-v1-no-unvalidated-margin	revision=stage-a-v1-no-unvalidated-margin;window=0.00000000000000000;recovery=0.00000000000000000;socket=0.00000000000000000;host=1.00000000000000000;nic=1.00000000000000000;control=none;waves=none	conditional	expected_rtt_unknown,rtt_variance_unknown,effective_socket_buffer_unknown,host_pps_capacity_unknown,nic_capacity_unknown	2	4647cadf43af5772b8172e90e71c1174-28	200	0	2177177	1605683	0	0	3.856	15.038	12299.9	12687.4	28800	15	0	0	4	0	0	0	0	1000	759	0	0	250	0	0	0	0	0	0	0	0	0	0	0	0	0	0	0	250	0	0	0	0	0	0	0
tokio	plain	caller	shared-pool:4	per-connection	all	on	on	8	retain	16777216	33554432	33554432	33554432	33554432	3-5	off									3					3	3	0-2	3-5	200	200	200	50	50	none	8000000	input-relative:25		8000000	25	stage-a-v1-no-unvalidated-margin	revision=stage-a-v1-no-unvalidated-margin;window=0.00000000000000000;recovery=0.00000000000000000;socket=0.00000000000000000;host=1.00000000000000000;nic=1.00000000000000000;control=none;waves=none	conditional	expected_rtt_unknown,rtt_variance_unknown,effective_socket_buffer_unknown,host_pps_capacity_unknown	2	4647cadf43af5772b8172e90e71c1174-29	200	0	1387574	1387574	0	0	0.000	15.045	9890.7	17103.1	11392	15	0	0	39	2279529	1387574	1777974	1387358	1000	759	759	740347	250	0	0	0	0	0	0	0	0	0	0	0	0	0	0	0	250	0	0	0	0	0	0	0
tokio	plain	listener	shared-pool:4	per-connection	all	on	on	8	retain	16777216	33554432	33554432	33554432	33554432	0-2	off									3					3	3	0-2	3-5	200	200	0	50	0	none	8000000	input-relative:25		8000000	25	stage-a-v1-no-unvalidated-margin	revision=stage-a-v1-no-unvalidated-margin;window=0.00000000000000000;recovery=0.00000000000000000;socket=0.00000000000000000;host=1.00000000000000000;nic=1.00000000000000000;control=none;waves=none	conditional	expected_rtt_unknown,rtt_variance_unknown,effective_socket_buffer_unknown,host_pps_capacity_unknown,nic_capacity_unknown	2	4647cadf43af5772b8172e90e71c1174-29	200	0	1387574	1387574	0	0	1.018	15.051	13764.8	9967.4	26240	15	0	0	39	0	0	0	0	1000	759	0	0	250	0	0	0	0	0	0	0	0	1999338	350689	5.701	1024	4096	8192	12802	250	4	9487	37948	0	0	0	0
mio	plain	caller	shared-pool:4	per-connection	all	on	on	8	retain	16777216	33554432	33554432	33554432	33554432	3-5	off									3					3	3	0-2	3-5	1	1	1	50	1	none	8000000	input-relative:50		8000000	50	stage-a-v1-no-unvalidated-margin	revision=stage-a-v1-no-unvalidated-margin;window=0.00000000000000000;recovery=0.00000000000000000;socket=0.00000000000000000;host=1.00000000000000000;nic=1.00000000000000000;control=none;waves=none	conditional	expected_rtt_unknown,rtt_variance_unknown,effective_socket_buffer_unknown,host_pps_capacity_unknown	2	4647cadf43af5772b8172e90e71c1174-30	1	0	11398	11398	0	0	0.000	15.001	236.2	1204.6	5340	15	0	0	0	11398	11398	2520	2081	1000	759	23	0	250	0	0	0	0	0	0	0	0	0	0	0	0	0	0	0	250	0	0	0	0	0	0	0
mio	plain	listener	shared-pool:4	per-connection	all	on	on	8	retain	16777216	33554432	33554432	33554432	33554432	0-2	off									3					3	3	0-2	3-5	1	1	0	50	0	none	8000000	input-relative:50		8000000	50	stage-a-v1-no-unvalidated-margin	revision=stage-a-v1-no-unvalidated-margin;window=0.00000000000000000;recovery=0.00000000000000000;socket=0.00000000000000000;host=1.00000000000000000;nic=1.00000000000000000;control=none;waves=none	conditional	expected_rtt_unknown,rtt_variance_unknown,effective_socket_buffer_unknown,host_pps_capacity_unknown,nic_capacity_unknown	2	4647cadf43af5772b8172e90e71c1174-30	1	0	11398	11398	0	0	0.276	15.004	316.3	862.9	5304	15	0	0	0	0	0	0	0	1000	759	0	0	250	0	0	0	0	0	0	0	0	0	0	0	0	0	0	0	250	0	0	0	0	0	0	0
tokio	plain	listener	shared-pool:4	per-connection	all	on	on	8	retain	16777216	33554432	33554432	33554432	33554432	0-2	off									3					3	3	0-2	3-5	1	1	0	50	0	none	8000000	input-relative:50		8000000	50	stage-a-v1-no-unvalidated-margin	revision=stage-a-v1-no-unvalidated-margin;window=0.00000000000000000;recovery=0.00000000000000000;socket=0.00000000000000000;host=1.00000000000000000;nic=1.00000000000000000;control=none;waves=none	conditional	expected_rtt_unknown,rtt_variance_unknown,effective_socket_buffer_unknown,host_pps_capacity_unknown,nic_capacity_unknown	2	4647cadf43af5772b8172e90e71c1174-31	1	0	8603	8603	0	0	0.431	15.004	431.1	1019.0	5492	15	0	0	1	0	0	0	0	1000	759	0	0	250	0	0	0	0	0	0	0	0	0	0	0	0	0	0	0	250	0	0	0	0	0	0	0
tokio	plain	caller	shared-pool:4	per-connection	all	on	on	8	retain	16777216	33554432	33554432	33554432	33554432	3-5	off									3					3	3	0-2	3-5	1	1	1	50	1	none	8000000	input-relative:50		8000000	50	stage-a-v1-no-unvalidated-margin	revision=stage-a-v1-no-unvalidated-margin;window=0.00000000000000000;recovery=0.00000000000000000;socket=0.00000000000000000;host=1.00000000000000000;nic=1.00000000000000000;control=none;waves=none	conditional	expected_rtt_unknown,rtt_variance_unknown,effective_socket_buffer_unknown,host_pps_capacity_unknown	2	4647cadf43af5772b8172e90e71c1174-31	1	0	8603	8603	0	0	0.000	15.001	439.6	1380.0	5508	15	0	0	1	11399	8603	10417	8599	1000	759	759	2038	250	0	0	0	0	0	0	0	0	0	0	0	0	0	0	0	250	0	0	0	0	0	0	0
mio	plain	caller	shared-pool:4	per-connection	all	on	on	8	retain	16777216	33554432	33554432	33554432	33554432	3-5	off									3					3	3	0-2	3-5	30	30	30	50	30	none	8000000	input-relative:50		8000000	50	stage-a-v1-no-unvalidated-margin	revision=stage-a-v1-no-unvalidated-margin;window=0.00000000000000000;recovery=0.00000000000000000;socket=0.00000000000000000;host=1.00000000000000000;nic=1.00000000000000000;control=none;waves=none	conditional	expected_rtt_unknown,rtt_variance_unknown,effective_socket_buffer_unknown,host_pps_capacity_unknown	2	4647cadf43af5772b8172e90e71c1174-32	30	0	315755	315755	0	0	0.000	15.005	2023.3	7962.9	6016	15	0	0	0	341961	315755	758658	315686	1000	759	759	4109	250	0	0	0	0	0	0	0	0	0	0	0	0	0	0	0	250	0	0	0	0	0	0	0
mio	plain	listener	shared-pool:4	per-connection	all	on	on	8	retain	16777216	33554432	33554432	33554432	33554432	0-2	off									3					3	3	0-2	3-5	30	30	0	50	0	none	8000000	input-relative:50		8000000	50	stage-a-v1-no-unvalidated-margin	revision=stage-a-v1-no-unvalidated-margin;window=0.00000000000000000;recovery=0.00000000000000000;socket=0.00000000000000000;host=1.00000000000000000;nic=1.00000000000000000;control=none;waves=none	conditional	expected_rtt_unknown,rtt_variance_unknown,effective_socket_buffer_unknown,host_pps_capacity_unknown,nic_capacity_unknown	2	4647cadf43af5772b8172e90e71c1174-32	30	0	414442	315755	0	0	0.283	15.009	3156.6	5061.4	9728	15	0	0	0	0	0	0	0	1000	759	0	0	250	0	0	0	0	0	0	0	0	0	0	0	0	0	0	0	250	0	0	0	0	0	0	0
tokio	plain	caller	shared-pool:4	per-connection	all	on	on	8	retain	16777216	33554432	33554432	33554432	33554432	3-5	off									3					3	3	0-2	3-5	30	30	30	50	20	none	8000000	input-relative:50		8000000	50	stage-a-v1-no-unvalidated-margin	revision=stage-a-v1-no-unvalidated-margin;window=0.00000000000000000;recovery=0.00000000000000000;socket=0.00000000000000000;host=1.00000000000000000;nic=1.00000000000000000;control=none;waves=none	conditional	expected_rtt_unknown,rtt_variance_unknown,effective_socket_buffer_unknown,host_pps_capacity_unknown	2	4647cadf43af5772b8172e90e71c1174-33	30	0	266813	266813	0	0	0.000	15.004	2493.0	5032.0	6528	15	0	0	7	341927	266813	329679	266767	1000	759	759	52371	250	0	0	0	0	0	0	0	0	0	0	0	0	0	0	0	250	0	0	0	0	0	0	0
tokio	plain	listener	shared-pool:4	per-connection	all	on	on	8	retain	16777216	33554432	33554432	33554432	33554432	0-2	off									3					3	3	0-2	3-5	30	30	0	50	0	none	8000000	input-relative:50		8000000	50	stage-a-v1-no-unvalidated-margin	revision=stage-a-v1-no-unvalidated-margin;window=0.00000000000000000;recovery=0.00000000000000000;socket=0.00000000000000000;host=1.00000000000000000;nic=1.00000000000000000;control=none;waves=none	conditional	expected_rtt_unknown,rtt_variance_unknown,effective_socket_buffer_unknown,host_pps_capacity_unknown,nic_capacity_unknown	2	4647cadf43af5772b8172e90e71c1174-33	30	0	266813	266813	0	0	0.346	15.007	4698.7	3407.0	10368	15	0	0	7	0	0	0	0	1000	759	0	0	250	0	0	0	0	0	0	0	0	365962	134026	2.731	1024	2048	2048	3675	250	4	1518	6072	0	0	0	0
mio	plain	caller	shared-pool:4	per-connection	all	on	on	8	retain	16777216	33554432	33554432	33554432	33554432	3-5	off									3					3	3	0-2	3-5	200	200	200	50	50	none	8000000	input-relative:50		8000000	50	stage-a-v1-no-unvalidated-margin	revision=stage-a-v1-no-unvalidated-margin;window=0.00000000000000000;recovery=0.00000000000000000;socket=0.00000000000000000;host=1.00000000000000000;nic=1.00000000000000000;control=none;waves=none	conditional	expected_rtt_unknown,rtt_variance_unknown,effective_socket_buffer_unknown,host_pps_capacity_unknown	2	4647cadf43af5772b8172e90e71c1174-34	200	0	1953431	1953431	0	0	0.000	15.035	7353.5	20666.8	10228	15	0	0	7	2279761	1953431	5110565	1952949	1000	759	759	175511	250	0	0	0	0	0	0	0	0	0	0	0	0	0	0	0	250	0	0	0	0	0	0	0
mio	plain	listener	shared-pool:4	per-connection	all	on	on	8	retain	16777216	33554432	33554432	33554432	33554432	0-2	off									3					3	3	0-2	3-5	200	200	0	50	0	none	8000000	input-relative:50		8000000	50	stage-a-v1-no-unvalidated-margin	revision=stage-a-v1-no-unvalidated-margin;window=0.00000000000000000;recovery=0.00000000000000000;socket=0.00000000000000000;host=1.00000000000000000;nic=1.00000000000000000;control=none;waves=none	conditional	expected_rtt_unknown,rtt_variance_unknown,effective_socket_buffer_unknown,host_pps_capacity_unknown,nic_capacity_unknown	2	4647cadf43af5772b8172e90e71c1174-34	200	0	2527767	1953431	0	0	1.163	15.045	13059.6	12186.7	32116	15	0	0	7	0	0	0	0	1000	759	0	0	250	0	0	0	0	0	0	0	0	0	0	0	0	0	0	0	250	0	0	0	0	0	0	0
tokio	plain	caller	shared-pool:4	per-connection	all	on	on	8	retain	16777216	33554432	33554432	33554432	33554432	3-5	off									3					3	3	0-2	3-5	200	200	200	50	50	none	8000000	input-relative:50		8000000	50	stage-a-v1-no-unvalidated-margin	revision=stage-a-v1-no-unvalidated-margin;window=0.00000000000000000;recovery=0.00000000000000000;socket=0.00000000000000000;host=1.00000000000000000;nic=1.00000000000000000;control=none;waves=none	conditional	expected_rtt_unknown,rtt_variance_unknown,effective_socket_buffer_unknown,host_pps_capacity_unknown	2	4647cadf43af5772b8172e90e71c1174-35	200	0	1540574	1540574	0	0	0.000	15.037	9185.7	16231.9	11904	15	0	0	54	2279603	1540574	1933178	1540280	1000	759	759	587412	250	0	0	0	0	0	0	0	0	0	0	0	0	0	0	0	250	0	0	0	0	0	0	0
tokio	plain	listener	shared-pool:4	per-connection	all	on	on	8	retain	16777216	33554432	33554432	33554432	33554432	0-2	off									3					3	3	0-2	3-5	200	200	0	50	0	none	8000000	input-relative:50		8000000	50	stage-a-v1-no-unvalidated-margin	revision=stage-a-v1-no-unvalidated-margin;window=0.00000000000000000;recovery=0.00000000000000000;socket=0.00000000000000000;host=1.00000000000000000;nic=1.00000000000000000;control=none;waves=none	conditional	expected_rtt_unknown,rtt_variance_unknown,effective_socket_buffer_unknown,host_pps_capacity_unknown,nic_capacity_unknown	2	4647cadf43af5772b8172e90e71c1174-35	200	0	1540574	1540574	0	0	0.907	15.042	13346.8	9338.2	28288	15	0	0	54	0	0	0	0	1000	759	0	0	250	0	0	0	0	0	0	0	0	2147852	419402	5.121	1024	2048	4096	31542	250	4	9487	37948	0	0	0	0
mio	plain	listener	shared-pool:4	per-connection	all	on	on	8	retain	16777216	33554432	33554432	33554432	33554432	0-2	off									3					3	3	0-2	3-5	1	1	0	50	0	none	8000000	input-relative:100		8000000	100	stage-a-v1-no-unvalidated-margin	revision=stage-a-v1-no-unvalidated-margin;window=0.00000000000000000;recovery=0.00000000000000000;socket=0.00000000000000000;host=1.00000000000000000;nic=1.00000000000000000;control=none;waves=none	conditional	expected_rtt_unknown,rtt_variance_unknown,effective_socket_buffer_unknown,host_pps_capacity_unknown,nic_capacity_unknown	2	4647cadf43af5772b8172e90e71c1174-36	1	0	11398	11398	0	0	0.123	15.003	281.7	575.3	5296	15	0	0	0	0	0	0	0	1000	759	0	0	250	0	0	0	0	0	0	0	0	0	0	0	0	0	0	0	250	0	0	0	0	0	0	0
mio	plain	caller	shared-pool:4	per-connection	all	on	on	8	retain	16777216	33554432	33554432	33554432	33554432	3-5	off									3					3	3	0-2	3-5	1	1	1	50	1	none	8000000	input-relative:100		8000000	100	stage-a-v1-no-unvalidated-margin	revision=stage-a-v1-no-unvalidated-margin;window=0.00000000000000000;recovery=0.00000000000000000;socket=0.00000000000000000;host=1.00000000000000000;nic=1.00000000000000000;control=none;waves=none	conditional	expected_rtt_unknown,rtt_variance_unknown,effective_socket_buffer_unknown,host_pps_capacity_unknown	2	4647cadf43af5772b8172e90e71c1174-36	1	0	11398	11398	0	0	0.000	15.001	225.3	847.7	5188	15	0	0	0	11398	11398	842	713	1000	759	13	0	250	0	0	0	0	0	0	0	0	0	0	0	0	0	0	0	250	0	0	0	0	0	0	0
tokio	plain	caller	shared-pool:4	per-connection	all	on	on	8	retain	16777216	33554432	33554432	33554432	33554432	3-5	off									3					3	3	0-2	3-5	1	1	1	50	1	none	8000000	input-relative:100		8000000	100	stage-a-v1-no-unvalidated-margin	revision=stage-a-v1-no-unvalidated-margin;window=0.00000000000000000;recovery=0.00000000000000000;socket=0.00000000000000000;host=1.00000000000000000;nic=1.00000000000000000;control=none;waves=none	conditional	expected_rtt_unknown,rtt_variance_unknown,effective_socket_buffer_unknown,host_pps_capacity_unknown	2	4647cadf43af5772b8172e90e71c1174-37	1	0	10078	10078	0	0	0.000	15.001	358.6	794.9	5448	15	0	0	0	11397	10078	11849	10075	1000	759	759	561	250	0	0	0	0	0	0	0	0	0	0	0	0	0	0	0	250	0	0	0	0	0	0	0
tokio	plain	listener	shared-pool:4	per-connection	all	on	on	8	retain	16777216	33554432	33554432	33554432	33554432	0-2	off									3					3	3	0-2	3-5	1	1	0	50	0	none	8000000	input-relative:100		8000000	100	stage-a-v1-no-unvalidated-margin	revision=stage-a-v1-no-unvalidated-margin;window=0.00000000000000000;recovery=0.00000000000000000;socket=0.00000000000000000;host=1.00000000000000000;nic=1.00000000000000000;control=none;waves=none	conditional	expected_rtt_unknown,rtt_variance_unknown,effective_socket_buffer_unknown,host_pps_capacity_unknown,nic_capacity_unknown	2	4647cadf43af5772b8172e90e71c1174-37	1	0	10078	10078	0	0	0.199	15.004	363.3	509.2	5576	15	0	0	0	0	0	0	0	1000	759	0	0	250	0	0	0	0	0	0	0	0	0	0	0	0	0	0	0	250	0	0	0	0	0	0	0
mio	plain	caller	shared-pool:4	per-connection	all	on	on	8	retain	16777216	33554432	33554432	33554432	33554432	3-5	off									3					3	3	0-2	3-5	30	30	30	50	30	none	8000000	input-relative:100		8000000	100	stage-a-v1-no-unvalidated-margin	revision=stage-a-v1-no-unvalidated-margin;window=0.00000000000000000;recovery=0.00000000000000000;socket=0.00000000000000000;host=1.00000000000000000;nic=1.00000000000000000;control=none;waves=none	conditional	expected_rtt_unknown,rtt_variance_unknown,effective_socket_buffer_unknown,host_pps_capacity_unknown	2	4647cadf43af5772b8172e90e71c1174-38	30	0	340707	340707	0	0	0.000	15.002	1854.2	5686.1	5888	15	0	0	3	341941	340707	651690	268702	1000	759	103	0	250	0	0	0	0	0	0	0	0	0	0	0	0	0	0	0	250	0	0	0	0	0	0	0
mio	plain	listener	shared-pool:4	per-connection	all	on	on	8	retain	16777216	33554432	33554432	33554432	33554432	0-2	off									3					3	3	0-2	3-5	30	30	0	50	0	none	8000000	input-relative:100		8000000	100	stage-a-v1-no-unvalidated-margin	revision=stage-a-v1-no-unvalidated-margin;window=0.00000000000000000;recovery=0.00000000000000000;socket=0.00000000000000000;host=1.00000000000000000;nic=1.00000000000000000;control=none;waves=none	conditional	expected_rtt_unknown,rtt_variance_unknown,effective_socket_buffer_unknown,host_pps_capacity_unknown,nic_capacity_unknown	2	4647cadf43af5772b8172e90e71c1174-38	30	0	440250	340707	0	0	0.209	15.005	2876.6	3841.8	10112	15	0	0	3	0	0	0	0	1000	759	0	0	250	0	0	0	0	0	0	0	0	0	0	0	0	0	0	0	250	0	0	0	0	0	0	0
tokio	plain	caller	shared-pool:4	per-connection	all	on	on	8	retain	16777216	33554432	33554432	33554432	33554432	3-5	off									3					3	3	0-2	3-5	30	30	30	50	30	none	8000000	input-relative:100		8000000	100	stage-a-v1-no-unvalidated-margin	revision=stage-a-v1-no-unvalidated-margin;window=0.00000000000000000;recovery=0.00000000000000000;socket=0.00000000000000000;host=1.00000000000000000;nic=1.00000000000000000;control=none;waves=none	conditional	expected_rtt_unknown,rtt_variance_unknown,effective_socket_buffer_unknown,host_pps_capacity_unknown	2	4647cadf43af5772b8172e90e71c1174-39	30	0	300745	300745	0	0	0.000	15.004	2652.3	5075.5	6784	15	0	0	5	341952	300745	366916	300683	1000	759	759	18473	250	0	0	0	0	0	0	0	0	0	0	0	0	0	0	0	250	0	0	0	0	0	0	0
tokio	plain	listener	shared-pool:4	per-connection	all	on	on	8	retain	16777216	33554432	33554432	33554432	33554432	0-2	off									3					3	3	0-2	3-5	30	30	0	50	0	none	8000000	input-relative:100		8000000	100	stage-a-v1-no-unvalidated-margin	revision=stage-a-v1-no-unvalidated-margin;window=0.00000000000000000;recovery=0.00000000000000000;socket=0.00000000000000000;host=1.00000000000000000;nic=1.00000000000000000;control=none;waves=none	conditional	expected_rtt_unknown,rtt_variance_unknown,effective_socket_buffer_unknown,host_pps_capacity_unknown,nic_capacity_unknown	2	4647cadf43af5772b8172e90e71c1174-39	30	0	300745	300745	0	0	0.333	15.008	4733.3	3445.1	10752	15	0	0	5	0	0	0	0	1000	759	0	0	250	0	0	0	0	0	0	0	0	401900	141877	2.833	1024	2048	2048	3311	250	4	1518	6072	0	0	0	0
mio	plain	caller	shared-pool:4	per-connection	all	on	on	8	retain	16777216	33554432	33554432	33554432	33554432	3-5	off									3					3	3	0-2	3-5	200	200	200	50	50	none	8000000	input-relative:100		8000000	100	stage-a-v1-no-unvalidated-margin	revision=stage-a-v1-no-unvalidated-margin;window=0.00000000000000000;recovery=0.00000000000000000;socket=0.00000000000000000;host=1.00000000000000000;nic=1.00000000000000000;control=none;waves=none	conditional	expected_rtt_unknown,rtt_variance_unknown,effective_socket_buffer_unknown,host_pps_capacity_unknown	2	4647cadf43af5772b8172e90e71c1174-40	200	0	2275241	2275241	0	0	0.000	15.046	8245.9	23801.2	12276	15	0	0	3	2279769	2275241	3210572	1608410	1000	759	361	0	250	0	0	0	0	0	0	0	0	0	0	0	0	0	0	0	250	0	0	0	0	0	0	0
mio	plain	listener	shared-pool:4	per-connection	all	on	on	8	retain	16777216	33554432	33554432	33554432	33554432	0-2	off									3					3	3	0-2	3-5	200	200	0	50	0	none	8000000	input-relative:100		8000000	100	stage-a-v1-no-unvalidated-margin	revision=stage-a-v1-no-unvalidated-margin;window=0.00000000000000000;recovery=0.00000000000000000;socket=0.00000000000000000;host=1.00000000000000000;nic=1.00000000000000000;control=none;waves=none	conditional	expected_rtt_unknown,rtt_variance_unknown,effective_socket_buffer_unknown,host_pps_capacity_unknown,nic_capacity_unknown	2	4647cadf43af5772b8172e90e71c1174-40	200	0	2863081	2275241	0	0	1.538	15.055	15501.2	13366.2	38016	15	0	0	3	0	0	0	0	1000	759	0	0	250	0	0	0	0	0	0	0	0	0	0	0	0	0	0	0	250	0	0	0	0	0	0	0
tokio	plain	caller	shared-pool:4	per-connection	all	on	on	8	retain	16777216	33554432	33554432	33554432	33554432	3-5	off									3					3	3	0-2	3-5	200	200	200	50	50	none	8000000	input-relative:100		8000000	100	stage-a-v1-no-unvalidated-margin	revision=stage-a-v1-no-unvalidated-margin;window=0.00000000000000000;recovery=0.00000000000000000;socket=0.00000000000000000;host=1.00000000000000000;nic=1.00000000000000000;control=none;waves=none	conditional	expected_rtt_unknown,rtt_variance_unknown,effective_socket_buffer_unknown,host_pps_capacity_unknown	2	4647cadf43af5772b8172e90e71c1174-41	200	0	1754108	1754108	0	0	0.000	15.032	10335.9	18514.7	11648	15	0	0	53	2279609	1754108	2023109	1753850	1000	759	759	373908	250	0	0	0	0	0	0	0	0	0	0	0	0	0	0	0	250	0	0	0	0	0	0	0
tokio	plain	listener	shared-pool:4	per-connection	all	on	on	8	retain	16777216	33554432	33554432	33554432	33554432	0-2	off									3					3	3	0-2	3-5	200	200	0	50	0	none	8000000	input-relative:100		8000000	100	stage-a-v1-no-unvalidated-margin	revision=stage-a-v1-no-unvalidated-margin;window=0.00000000000000000;recovery=0.00000000000000000;socket=0.00000000000000000;host=1.00000000000000000;nic=1.00000000000000000;control=none;waves=none	conditional	expected_rtt_unknown,rtt_variance_unknown,effective_socket_buffer_unknown,host_pps_capacity_unknown,nic_capacity_unknown	2	4647cadf43af5772b8172e90e71c1174-41	200	0	1754108	1754108	0	0	0.877	15.039	15728.7	10121.9	30592	15	0	0	54	0	0	0	0	1000	759	0	0	250	0	0	0	0	0	0	0	0	2373071	433122	5.479	1024	4096	8192	13423	250	4	9487	37948	0	0	0	0
mio	plain	caller	shared-pool:4	per-connection	all	on	on	8	retain	16777216	33554432	33554432	33554432	33554432	3-5	off									3					3	3	0-2	3-5	1	1	1	50	1	none	8000000	fixed:100000000	100000000		25	stage-a-v1-no-unvalidated-margin	revision=stage-a-v1-no-unvalidated-margin;window=0.00000000000000000;recovery=0.00000000000000000;socket=0.00000000000000000;host=1.00000000000000000;nic=1.00000000000000000;control=none;waves=none	conditional	expected_rtt_unknown,rtt_variance_unknown,effective_socket_buffer_unknown,host_pps_capacity_unknown	2	4647cadf43af5772b8172e90e71c1174-42	1	0	11398	11398	0	0	0.000	15.001	194.9	777.3	5180	15	0	0	0	11398	11398	76	73	1000	759	3	0	250	0	0	0	0	0	0	0	0	0	0	0	0	0	0	0	250	0	0	0	0	0	0	0
mio	plain	listener	shared-pool:4	per-connection	all	on	on	8	retain	16777216	33554432	33554432	33554432	33554432	0-2	off									3					3	3	0-2	3-5	1	1	0	50	0	none	8000000	fixed:100000000	100000000		25	stage-a-v1-no-unvalidated-margin	revision=stage-a-v1-no-unvalidated-margin;window=0.00000000000000000;recovery=0.00000000000000000;socket=0.00000000000000000;host=1.00000000000000000;nic=1.00000000000000000;control=none;waves=none	conditional	expected_rtt_unknown,rtt_variance_unknown,effective_socket_buffer_unknown,host_pps_capacity_unknown,nic_capacity_unknown	2	4647cadf43af5772b8172e90e71c1174-42	1	0	11398	11398	0	0	0.141	15.003	274.7	492.7	5452	15	0	0	0	0	0	0	0	1000	759	0	0	250	0	0	0	0	0	0	0	0	0	0	0	0	0	0	0	250	0	0	0	0	0	0	0
tokio	plain	caller	shared-pool:4	per-connection	all	on	on	8	retain	16777216	33554432	33554432	33554432	33554432	3-5	off									3					3	3	0-2	3-5	1	1	1	50	1	none	8000000	fixed:100000000	100000000		25	stage-a-v1-no-unvalidated-margin	revision=stage-a-v1-no-unvalidated-margin;window=0.00000000000000000;recovery=0.00000000000000000;socket=0.00000000000000000;host=1.00000000000000000;nic=1.00000000000000000;control=none;waves=none	conditional	expected_rtt_unknown,rtt_variance_unknown,effective_socket_buffer_unknown,host_pps_capacity_unknown	2	4647cadf43af5772b8172e90e71c1174-43	1	0	11398	11398	0	0	0.000	15.001	653.7	742.4	5516	15	0	0	0	11398	11398	7372	4957	1000	759	4	0	250	0	0	0	0	0	0	0	0	0	0	0	0	0	0	0	250	0	0	0	0	0	0	0
tokio	plain	listener	shared-pool:4	per-connection	all	on	on	8	retain	16777216	33554432	33554432	33554432	33554432	0-2	off									3					3	3	0-2	3-5	1	1	0	50	0	none	8000000	fixed:100000000	100000000		25	stage-a-v1-no-unvalidated-margin	revision=stage-a-v1-no-unvalidated-margin;window=0.00000000000000000;recovery=0.00000000000000000;socket=0.00000000000000000;host=1.00000000000000000;nic=1.00000000000000000;control=none;waves=none	conditional	expected_rtt_unknown,rtt_variance_unknown,effective_socket_buffer_unknown,host_pps_capacity_unknown,nic_capacity_unknown	2	4647cadf43af5772b8172e90e71c1174-43	1	0	11398	11398	0	0	0.113	15.003	366.4	482.4	5536	15	0	0	0	0	0	0	0	1000	759	0	0	250	0	0	0	0	0	0	0	0	0	0	0	0	0	0	0	250	0	0	0	0	0	0	0
mio	plain	caller	shared-pool:4	per-connection	all	on	on	8	retain	16777216	33554432	33554432	33554432	33554432	3-5	off									3					3	3	0-2	3-5	30	30	30	50	30	none	8000000	fixed:100000000	100000000		25	stage-a-v1-no-unvalidated-margin	revision=stage-a-v1-no-unvalidated-margin;window=0.00000000000000000;recovery=0.00000000000000000;socket=0.00000000000000000;host=1.00000000000000000;nic=1.00000000000000000;control=none;waves=none	conditional	expected_rtt_unknown,rtt_variance_unknown,effective_socket_buffer_unknown,host_pps_capacity_unknown	2	4647cadf43af5772b8172e90e71c1174-44	30	0	341940	341940	0	0	0.000	15.002	1770.3	5622.8	6016	15	0	0	3	341940	341940	9729	7763	1000	759	13	0	250	0	0	0	0	0	0	0	0	0	0	0	0	0	0	0	250	0	0	0	0	0	0	0
mio	plain	listener	shared-pool:4	per-connection	all	on	on	8	retain	16777216	33554432	33554432	33554432	33554432	0-2	off									3					3	3	0-2	3-5	30	30	0	50	0	none	8000000	fixed:100000000	100000000		25	stage-a-v1-no-unvalidated-margin	revision=stage-a-v1-no-unvalidated-margin;window=0.00000000000000000;recovery=0.00000000000000000;socket=0.00000000000000000;host=1.00000000000000000;nic=1.00000000000000000;control=none;waves=none	conditional	expected_rtt_unknown,rtt_variance_unknown,effective_socket_buffer_unknown,host_pps_capacity_unknown,nic_capacity_unknown	2	4647cadf43af5772b8172e90e71c1174-44	30	0	440588	341940	0	0	0.306	15.005	2742.9	3751.0	9856	15	0	0	3	0	0	0	0	1000	759	0	0	250	0	0	0	0	0	0	0	0	0	0	0	0	0	0	0	250	0	0	0	0	0	0	0
tokio	plain	caller	shared-pool:4	per-connection	all	on	on	8	retain	16777216	33554432	33554432	33554432	33554432	3-5	off									3					3	3	0-2	3-5	30	30	30	50	30	none	8000000	fixed:100000000	100000000		25	stage-a-v1-no-unvalidated-margin	revision=stage-a-v1-no-unvalidated-margin;window=0.00000000000000000;recovery=0.00000000000000000;socket=0.00000000000000000;host=1.00000000000000000;nic=1.00000000000000000;control=none;waves=none	conditional	expected_rtt_unknown,rtt_variance_unknown,effective_socket_buffer_unknown,host_pps_capacity_unknown	2	4647cadf43af5772b8172e90e71c1174-45	30	0	341892	341892	0	0	0.000	15.005	4274.5	6017.3	7040	15	0	0	4	341937	341892	416486	236890	1000	759	27	0	250	0	0	0	0	0	0	0	0	0	0	0	0	0	0	0	250	0	0	0	0	0	0	0
tokio	plain	listener	shared-pool:4	per-connection	all	on	on	8	retain	16777216	33554432	33554432	33554432	33554432	0-2	off									3					3	3	0-2	3-5	30	30	0	50	0	none	8000000	fixed:100000000	100000000		25	stage-a-v1-no-unvalidated-margin	revision=stage-a-v1-no-unvalidated-margin;window=0.00000000000000000;recovery=0.00000000000000000;socket=0.00000000000000000;host=1.00000000000000000;nic=1.00000000000000000;control=none;waves=none	conditional	expected_rtt_unknown,rtt_variance_unknown,effective_socket_buffer_unknown,host_pps_capacity_unknown,nic_capacity_unknown	2	4647cadf43af5772b8172e90e71c1174-45	30	0	341892	341892	0	0	0.506	15.008	5319.5	3920.1	11392	15	0	0	4	0	0	0	0	1000	759	0	0	250	0	0	0	0	0	0	0	0	441798	169388	2.608	1024	2048	2048	4197	250	4	1518	6072	0	0	0	0
mio	plain	caller	shared-pool:4	per-connection	all	on	on	8	retain	16777216	33554432	33554432	33554432	33554432	3-5	off									3					3	3	0-2	3-5	200	200	200	50	50	none	8000000	fixed:100000000	100000000		25	stage-a-v1-no-unvalidated-margin	revision=stage-a-v1-no-unvalidated-margin;window=0.00000000000000000;recovery=0.00000000000000000;socket=0.00000000000000000;host=1.00000000000000000;nic=1.00000000000000000;control=none;waves=none	conditional	expected_rtt_unknown,rtt_variance_unknown,effective_socket_buffer_unknown,host_pps_capacity_unknown	2	4647cadf43af5772b8172e90e71c1174-46	200	0	2279789	2279789	0	0	0.000	15.035	7734.0	22229.9	11428	15	0	0	15	2279789	2279789	330738	330679	1000	759	18	0	250	0	0	0	0	0	0	0	0	0	0	0	0	0	0	0	250	0	0	0	0	0	0	0
mio	plain	listener	shared-pool:4	per-connection	all	on	on	8	retain	16777216	33554432	33554432	33554432	33554432	0-2	off									3					3	3	0-2	3-5	200	200	0	50	0	none	8000000	fixed:100000000	100000000		25	stage-a-v1-no-unvalidated-margin	revision=stage-a-v1-no-unvalidated-margin;window=0.00000000000000000;recovery=0.00000000000000000;socket=0.00000000000000000;host=1.00000000000000000;nic=1.00000000000000000;control=none;waves=none	conditional	expected_rtt_unknown,rtt_variance_unknown,effective_socket_buffer_unknown,host_pps_capacity_unknown,nic_capacity_unknown	2	4647cadf43af5772b8172e90e71c1174-46	200	0	2874668	2279789	0	0	1.104	15.044	14257.6	12859.1	37120	15	0	0	17	0	0	0	0	1000	759	0	0	250	0	0	0	0	0	0	0	0	0	0	0	0	0	0	0	250	0	0	0	0	0	0	0
tokio	plain	caller	shared-pool:4	per-connection	all	on	on	8	retain	16777216	33554432	33554432	33554432	33554432	3-5	off									3					3	3	0-2	3-5	200	200	200	50	50	none	8000000	fixed:100000000	100000000		25	stage-a-v1-no-unvalidated-margin	revision=stage-a-v1-no-unvalidated-margin;window=0.00000000000000000;recovery=0.00000000000000000;socket=0.00000000000000000;host=1.00000000000000000;nic=1.00000000000000000;control=none;waves=none	conditional	expected_rtt_unknown,rtt_variance_unknown,effective_socket_buffer_unknown,host_pps_capacity_unknown	2	4647cadf43af5772b8172e90e71c1174-47	200	0	2111955	2111955	0	0	0.000	15.026	11604.4	20582.9	14208	15	0	0	58	2279618	2111955	4217827	2109705	1000	759	759	16366	250	0	0	0	0	0	0	0	0	0	0	0	0	0	0	0	250	0	0	0	0	0	0	0
tokio	plain	listener	shared-pool:4	per-connection	all	on	on	8	retain	16777216	33554432	33554432	33554432	33554432	0-2	off									3					3	3	0-2	3-5	200	200	0	50	0	none	8000000	fixed:100000000	100000000		25	stage-a-v1-no-unvalidated-margin	revision=stage-a-v1-no-unvalidated-margin;window=0.00000000000000000;recovery=0.00000000000000000;socket=0.00000000000000000;host=1.00000000000000000;nic=1.00000000000000000;control=none;waves=none	conditional	expected_rtt_unknown,rtt_variance_unknown,effective_socket_buffer_unknown,host_pps_capacity_unknown,nic_capacity_unknown	2	4647cadf43af5772b8172e90e71c1174-47	200	0	2111955	2111955	0	0	1.322	15.032	17832.2	10830.6	35840	15	0	0	58	0	0	0	0	1000	759	0	0	250	0	0	0	0	0	0	0	0	2734708	498076	5.491	1024	4096	16384	78698	250	4	9487	37948	0	0	0	0
mio	plain	caller	shared-pool:4	per-connection	all	on	on	8	retain	16777216	33554432	33554432	33554432	33554432	3-5	off									3					3	3	0-2	3-5	1	1	1	50	1	none	8000000	input-relative:25		8000000	25	stage-a-v1-no-unvalidated-margin	revision=stage-a-v1-no-unvalidated-margin;window=0.00000000000000000;recovery=0.00000000000000000;socket=0.00000000000000000;host=1.00000000000000000;nic=1.00000000000000000;control=none;waves=none	conditional	expected_rtt_unknown,rtt_variance_unknown,effective_socket_buffer_unknown,host_pps_capacity_unknown	3	4647cadf43af5772b8172e90e71c1174-48	1	0	7731	7731	0	0	0.000	15.002	207.5	772.9	5320	15	0	0	0	11398	7731	9367	7729	1000	759	759	2909	250	0	0	0	0	0	0	0	0	0	0	0	0	0	0	0	250	0	0	0	0	0	0	0
mio	plain	listener	shared-pool:4	per-connection	all	on	on	8	retain	16777216	33554432	33554432	33554432	33554432	0-2	off									3					3	3	0-2	3-5	1	1	0	50	0	none	8000000	input-relative:25		8000000	25	stage-a-v1-no-unvalidated-margin	revision=stage-a-v1-no-unvalidated-margin;window=0.00000000000000000;recovery=0.00000000000000000;socket=0.00000000000000000;host=1.00000000000000000;nic=1.00000000000000000;control=none;waves=none	conditional	expected_rtt_unknown,rtt_variance_unknown,effective_socket_buffer_unknown,host_pps_capacity_unknown,nic_capacity_unknown	3	4647cadf43af5772b8172e90e71c1174-48	1	0	7731	7731	0	0	0.181	15.004	234.5	511.7	5352	15	0	0	0	0	0	0	0	1000	759	0	0	250	0	0	0	0	0	0	0	0	0	0	0	0	0	0	0	250	0	0	0	0	0	0	0
tokio	plain	caller	shared-pool:4	per-connection	all	on	on	8	retain	16777216	33554432	33554432	33554432	33554432	3-5	off									3					3	3	0-2	3-5	1	1	1	50	1	none	8000000	input-relative:25		8000000	25	stage-a-v1-no-unvalidated-margin	revision=stage-a-v1-no-unvalidated-margin;window=0.00000000000000000;recovery=0.00000000000000000;socket=0.00000000000000000;host=1.00000000000000000;nic=1.00000000000000000;control=none;waves=none	conditional	expected_rtt_unknown,rtt_variance_unknown,effective_socket_buffer_unknown,host_pps_capacity_unknown	3	4647cadf43af5772b8172e90e71c1174-49	1	0	7874	7874	0	0	0.000	15.002	388.7	678.8	5396	15	0	0	1	11398	7874	9747	7872	1000	759	759	2766	250	0	0	0	0	0	0	0	0	0	0	0	0	0	0	0	250	0	0	0	0	0	0	0
tokio	plain	listener	shared-pool:4	per-connection	all	on	on	8	retain	16777216	33554432	33554432	33554432	33554432	0-2	off									3					3	3	0-2	3-5	1	1	0	50	0	none	8000000	input-relative:25		8000000	25	stage-a-v1-no-unvalidated-margin	revision=stage-a-v1-no-unvalidated-margin;window=0.00000000000000000;recovery=0.00000000000000000;socket=0.00000000000000000;host=1.00000000000000000;nic=1.00000000000000000;control=none;waves=none	conditional	expected_rtt_unknown,rtt_variance_unknown,effective_socket_buffer_unknown,host_pps_capacity_unknown,nic_capacity_unknown	3	4647cadf43af5772b8172e90e71c1174-49	1	0	7874	7874	0	0	0.590	15.005	341.0	444.1	5444	15	0	0	1	0	0	0	0	1000	759	0	0	250	0	0	0	0	0	0	0	0	0	0	0	0	0	0	0	250	0	0	0	0	0	0	0
mio	plain	caller	shared-pool:4	per-connection	all	on	on	8	retain	16777216	33554432	33554432	33554432	33554432	3-5	off									3					3	3	0-2	3-5	30	30	30	50	20	none	8000000	input-relative:25		8000000	25	stage-a-v1-no-unvalidated-margin	revision=stage-a-v1-no-unvalidated-margin;window=0.00000000000000000;recovery=0.00000000000000000;socket=0.00000000000000000;host=1.00000000000000000;nic=1.00000000000000000;control=none;waves=none	conditional	expected_rtt_unknown,rtt_variance_unknown,effective_socket_buffer_unknown,host_pps_capacity_unknown	3	4647cadf43af5772b8172e90e71c1174-50	30	0	319286	319286	0	0	0.000	15.006	1846.7	6675.6	6144	15	0	0	0	341944	319286	745896	319172	1000	759	759	823	250	0	0	0	0	0	0	0	0	0	0	0	0	0	0	0	250	0	0	0	0	0	0	0
mio	plain	listener	shared-pool:4	per-connection	all	on	on	8	retain	16777216	33554432	33554432	33554432	33554432	0-2	off									3					3	3	0-2	3-5	30	30	0	50	0	none	8000000	input-relative:25		8000000	25	stage-a-v1-no-unvalidated-margin	revision=stage-a-v1-no-unvalidated-margin;window=0.00000000000000000;recovery=0.00000000000000000;socket=0.00000000000000000;host=1.00000000000000000;nic=1.00000000000000000;control=none;waves=none	conditional	expected_rtt_unknown,rtt_variance_unknown,effective_socket_buffer_unknown,host_pps_capacity_unknown,nic_capacity_unknown	3	4647cadf43af5772b8172e90e71c1174-50	30	0	417958	319286	0	0	0.456	15.012	2954.3	4458.4	9600	15	0	0	0	0	0	0	0	1000	759	0	0	250	0	0	0	0	0	0	0	0	0	0	0	0	0	0	0	250	0	0	0	0	0	0	0
tokio	plain	caller	shared-pool:4	per-connection	all	on	on	8	retain	16777216	33554432	33554432	33554432	33554432	3-5	off									3					3	3	0-2	3-5	30	30	30	50	30	none	8000000	input-relative:25		8000000	25	stage-a-v1-no-unvalidated-margin	revision=stage-a-v1-no-unvalidated-margin;window=0.00000000000000000;recovery=0.00000000000000000;socket=0.00000000000000000;host=1.00000000000000000;nic=1.00000000000000000;control=none;waves=none	conditional	expected_rtt_unknown,rtt_variance_unknown,effective_socket_buffer_unknown,host_pps_capacity_unknown	3	4647cadf43af5772b8172e90e71c1174-51	30	0	238247	238247	0	0	0.000	15.005	2492.0	4904.3	6700	15	0	0	1	341956	238247	301108	238206	1000	759	759	80967	250	0	0	0	0	0	0	0	0	0	0	0	0	0	0	0	250	0	0	0	0	0	0	0
tokio	plain	listener	shared-pool:4	per-connection	all	on	on	8	retain	16777216	33554432	33554432	33554432	33554432	0-2	off									3					3	3	0-2	3-5	30	30	0	50	0	none	8000000	input-relative:25		8000000	25	stage-a-v1-no-unvalidated-margin	revision=stage-a-v1-no-unvalidated-margin;window=0.00000000000000000;recovery=0.00000000000000000;socket=0.00000000000000000;host=1.00000000000000000;nic=1.00000000000000000;control=none;waves=none	conditional	expected_rtt_unknown,rtt_variance_unknown,effective_socket_buffer_unknown,host_pps_capacity_unknown,nic_capacity_unknown	3	4647cadf43af5772b8172e90e71c1174-51	30	0	238247	238247	0	0	0.206	15.008	4382.7	3464.8	10624	15	0	0	1	0	0	0	0	1000	759	0	0	250	0	0	0	0	0	0	0	0	336911	117531	2.867	1024	2048	2048	5008	250	4	1518	6072	0	0	0	0
mio	plain	caller	shared-pool:4	per-connection	all	on	on	8	retain	16777216	33554432	33554432	33554432	33554432	3-5	off									3					3	3	0-2	3-5	200	200	200	50	50	none	8000000	input-relative:25		8000000	25	stage-a-v1-no-unvalidated-margin	revision=stage-a-v1-no-unvalidated-margin;window=0.00000000000000000;recovery=0.00000000000000000;socket=0.00000000000000000;host=1.00000000000000000;nic=1.00000000000000000;control=none;waves=none	conditional	expected_rtt_unknown,rtt_variance_unknown,effective_socket_buffer_unknown,host_pps_capacity_unknown	3	4647cadf43af5772b8172e90e71c1174-52	200	0	1765029	1765029	0	0	0.000	15.020	7023.5	18977.4	9600	15	0	0	3	2279780	1765029	5921380	1764766	1000	759	759	363277	250	0	0	0	0	0	0	0	0	0	0	0	0	0	0	0	250	0	0	0	0	0	0	0
mio	plain	listener	shared-pool:4	per-connection	all	on	on	8	retain	16777216	33554432	33554432	33554432	33554432	0-2	off									3					3	3	0-2	3-5	200	200	0	50	0	none	8000000	input-relative:25		8000000	25	stage-a-v1-no-unvalidated-margin	revision=stage-a-v1-no-unvalidated-margin;window=0.00000000000000000;recovery=0.00000000000000000;socket=0.00000000000000000;host=1.00000000000000000;nic=1.00000000000000000;control=none;waves=none	conditional	expected_rtt_unknown,rtt_variance_unknown,effective_socket_buffer_unknown,host_pps_capacity_unknown,nic_capacity_unknown	3	4647cadf43af5772b8172e90e71c1174-52	200	0	2339632	1765029	0	0	1.095	15.028	11840.6	11531.2	29184	15	0	0	9	0	0	0	0	1000	759	0	0	250	0	0	0	0	0	0	0	0	0	0	0	0	0	0	0	250	0	0	0	0	0	0	0
tokio	plain	caller	shared-pool:4	per-connection	all	on	on	8	retain	16777216	33554432	33554432	33554432	33554432	3-5	off									3					3	3	0-2	3-5	200	200	200	50	50	none	8000000	input-relative:25		8000000	25	stage-a-v1-no-unvalidated-margin	revision=stage-a-v1-no-unvalidated-margin;window=0.00000000000000000;recovery=0.00000000000000000;socket=0.00000000000000000;host=1.00000000000000000;nic=1.00000000000000000;control=none;waves=none	conditional	expected_rtt_unknown,rtt_variance_unknown,effective_socket_buffer_unknown,host_pps_capacity_unknown	3	4647cadf43af5772b8172e90e71c1174-53	200	0	1390754	1390754	0	0	0.000	15.024	9632.8	16852.8	11520	15	0	0	30	2279571	1390754	1784395	1390402	1000	759	759	737199	250	0	0	0	0	0	0	0	0	0	0	0	0	0	0	0	250	0	0	0	0	0	0	0
tokio	plain	listener	shared-pool:4	per-connection	all	on	on	8	retain	16777216	33554432	33554432	33554432	33554432	0-2	off									3					3	3	0-2	3-5	200	200	0	50	0	none	8000000	input-relative:25		8000000	25	stage-a-v1-no-unvalidated-margin	revision=stage-a-v1-no-unvalidated-margin;window=0.00000000000000000;recovery=0.00000000000000000;socket=0.00000000000000000;host=1.00000000000000000;nic=1.00000000000000000;control=none;waves=none	conditional	expected_rtt_unknown,rtt_variance_unknown,effective_socket_buffer_unknown,host_pps_capacity_unknown,nic_capacity_unknown	3	4647cadf43af5772b8172e90e71c1174-53	200	0	1390754	1390754	0	0	0.915	15.028	13465.7	9726.1	26452	15	0	0	30	0	0	0	0	1000	759	0	0	250	0	0	0	0	0	0	0	0	2001297	359564	5.566	1024	4096	4096	12911	250	4	9487	37948	0	0	0	0
mio	plain	caller	shared-pool:4	per-connection	all	on	on	8	retain	16777216	33554432	33554432	33554432	33554432	3-5	off									3					3	3	0-2	3-5	1	1	1	50	1	none	8000000	input-relative:50		8000000	50	stage-a-v1-no-unvalidated-margin	revision=stage-a-v1-no-unvalidated-margin;window=0.00000000000000000;recovery=0.00000000000000000;socket=0.00000000000000000;host=1.00000000000000000;nic=1.00000000000000000;control=none;waves=none	conditional	expected_rtt_unknown,rtt_variance_unknown,effective_socket_buffer_unknown,host_pps_capacity_unknown	3	4647cadf43af5772b8172e90e71c1174-54	1	0	11399	11399	0	0	0.000	15.003	193.8	726.1	5104	15	0	0	1	11399	11399	223	191	1000	759	3	0	250	0	0	0	0	0	0	0	0	0	0	0	0	0	0	0	250	0	0	0	0	0	0	0
mio	plain	listener	shared-pool:4	per-connection	all	on	on	8	retain	16777216	33554432	33554432	33554432	33554432	0-2	off									3					3	3	0-2	3-5	1	1	0	50	0	none	8000000	input-relative:50		8000000	50	stage-a-v1-no-unvalidated-margin	revision=stage-a-v1-no-unvalidated-margin;window=0.00000000000000000;recovery=0.00000000000000000;socket=0.00000000000000000;host=1.00000000000000000;nic=1.00000000000000000;control=none;waves=none	conditional	expected_rtt_unknown,rtt_variance_unknown,effective_socket_buffer_unknown,host_pps_capacity_unknown,nic_capacity_unknown	3	4647cadf43af5772b8172e90e71c1174-54	1	0	11399	11399	0	0	0.131	15.005	290.0	432.1	5388	15	0	0	1	0	0	0	0	1000	759	0	0	250	0	0	0	0	0	0	0	0	0	0	0	0	0	0	0	250	0	0	0	0	0	0	0
tokio	plain	caller	shared-pool:4	per-connection	all	on	on	8	retain	16777216	33554432	33554432	33554432	33554432	3-5	off									3					3	3	0-2	3-5	1	1	1	50	1	none	8000000	input-relative:50		8000000	50	stage-a-v1-no-unvalidated-margin	revision=stage-a-v1-no-unvalidated-margin;window=0.00000000000000000;recovery=0.00000000000000000;socket=0.00000000000000000;host=1.00000000000000000;nic=1.00000000000000000;control=none;waves=none	conditional	expected_rtt_unknown,rtt_variance_unknown,effective_socket_buffer_unknown,host_pps_capacity_unknown	3	4647cadf43af5772b8172e90e71c1174-55	1	0	8819	8819	0	0	0.000	15.001	425.0	700.4	5620	15	0	0	0	11397	8819	10508	8816	1000	759	759	1820	250	0	0	0	0	0	0	0	0	0	0	0	0	0	0	0	250	0	0	0	0	0	0	0
tokio	plain	listener	shared-pool:4	per-connection	all	on	on	8	retain	16777216	33554432	33554432	33554432	33554432	0-2	off									3					3	3	0-2	3-5	1	1	0	50	0	none	8000000	input-relative:50		8000000	50	stage-a-v1-no-unvalidated-margin	revision=stage-a-v1-no-unvalidated-margin;window=0.00000000000000000;recovery=0.00000000000000000;socket=0.00000000000000000;host=1.00000000000000000;nic=1.00000000000000000;control=none;waves=none	conditional	expected_rtt_unknown,rtt_variance_unknown,effective_socket_buffer_unknown,host_pps_capacity_unknown,nic_capacity_unknown	3	4647cadf43af5772b8172e90e71c1174-55	1	0	8819	8819	0	0	0.129	15.003	334.4	492.3	5560	15	0	0	0	0	0	0	0	1000	759	0	0	250	0	0	0	0	0	0	0	0	0	0	0	0	0	0	0	250	0	0	0	0	0	0	0
mio	plain	caller	shared-pool:4	per-connection	all	on	on	8	retain	16777216	33554432	33554432	33554432	33554432	3-5	off									3					3	3	0-2	3-5	30	30	30	50	30	none	8000000	input-relative:50		8000000	50	stage-a-v1-no-unvalidated-margin	revision=stage-a-v1-no-unvalidated-margin;window=0.00000000000000000;recovery=0.00000000000000000;socket=0.00000000000000000;host=1.00000000000000000;nic=1.00000000000000000;control=none;waves=none	conditional	expected_rtt_unknown,rtt_variance_unknown,effective_socket_buffer_unknown,host_pps_capacity_unknown	3	4647cadf43af5772b8172e90e71c1174-56	30	0	330846	330846	0	0	0.000	15.002	1917.5	6257.9	6016	15	0	0	1	341943	330846	796884	326686	1000	759	474	0	250	0	0	0	0	0	0	0	0	0	0	0	0	0	0	0	250	0	0	0	0	0	0	0
mio	plain	listener	shared-pool:4	per-connection	all	on	on	8	retain	16777216	33554432	33554432	33554432	33554432	0-2	off									3					3	3	0-2	3-5	30	30	0	50	0	none	8000000	input-relative:50		8000000	50	stage-a-v1-no-unvalidated-margin	revision=stage-a-v1-no-unvalidated-margin;window=0.00000000000000000;recovery=0.00000000000000000;socket=0.00000000000000000;host=1.00000000000000000;nic=1.00000000000000000;control=none;waves=none	conditional	expected_rtt_unknown,rtt_variance_unknown,effective_socket_buffer_unknown,host_pps_capacity_unknown,nic_capacity_unknown	3	4647cadf43af5772b8172e90e71c1174-56	30	0	430147	330846	0	0	0.217	15.005	2999.6	4128.4	9728	15	0	0	1	0	0	0	0	1000	759	0	0	250	0	0	0	0	0	0	0	0	0	0	0	0	0	0	0	250	0	0	0	0	0	0	0
tokio	plain	caller	shared-pool:4	per-connection	all	on	on	8	retain	16777216	33554432	33554432	33554432	33554432	3-5	off									3					3	3	0-2	3-5	30	30	30	50	30	none	8000000	input-relative:50		8000000	50	stage-a-v1-no-unvalidated-margin	revision=stage-a-v1-no-unvalidated-margin;window=0.00000000000000000;recovery=0.00000000000000000;socket=0.00000000000000000;host=1.00000000000000000;nic=1.00000000000000000;control=none;waves=none	conditional	expected_rtt_unknown,rtt_variance_unknown,effective_socket_buffer_unknown,host_pps_capacity_unknown	3	4647cadf43af5772b8172e90e71c1174-57	30	0	264658	264658	0	0	0.000	15.004	2708.0	4931.4	6472	15	0	0	14	341947	264658	327564	264587	1000	759	759	54557	250	0	0	0	0	0	0	0	0	0	0	0	0	0	0	0	250	0	0	0	0	0	0	0
tokio	plain	listener	shared-pool:4	per-connection	all	on	on	8	retain	16777216	33554432	33554432	33554432	33554432	0-2	off									3					3	3	0-2	3-5	30	30	0	50	0	none	8000000	input-relative:50		8000000	50	stage-a-v1-no-unvalidated-margin	revision=stage-a-v1-no-unvalidated-margin;window=0.00000000000000000;recovery=0.00000000000000000;socket=0.00000000000000000;host=1.00000000000000000;nic=1.00000000000000000;control=none;waves=none	conditional	expected_rtt_unknown,rtt_variance_unknown,effective_socket_buffer_unknown,host_pps_capacity_unknown,nic_capacity_unknown	3	4647cadf43af5772b8172e90e71c1174-57	30	0	264658	264658	0	0	0.249	15.006	4562.8	3451.2	10496	15	0	0	14	0	0	0	0	1000	759	0	0	250	0	0	0	0	0	0	0	0	364259	128776	2.829	1024	2048	2048	5927	250	4	1518	6072	0	0	0	0
mio	plain	caller	shared-pool:4	per-connection	all	on	on	8	retain	16777216	33554432	33554432	33554432	33554432	3-5	off									3					3	3	0-2	3-5	200	200	200	50	50	none	8000000	input-relative:50		8000000	50	stage-a-v1-no-unvalidated-margin	revision=stage-a-v1-no-unvalidated-margin;window=0.00000000000000000;recovery=0.00000000000000000;socket=0.00000000000000000;host=1.00000000000000000;nic=1.00000000000000000;control=none;waves=none	conditional	expected_rtt_unknown,rtt_variance_unknown,effective_socket_buffer_unknown,host_pps_capacity_unknown	3	4647cadf43af5772b8172e90e71c1174-58	200	0	1972039	1972039	0	0	0.000	15.029	7357.9	21115.3	9984	15	0	0	0	2279752	1972039	5139587	1971593	1000	759	759	157231	250	0	0	0	0	0	0	0	0	0	0	0	0	0	0	0	250	0	0	0	0	0	0	0
mio	plain	listener	shared-pool:4	per-connection	all	on	on	8	retain	16777216	33554432	33554432	33554432	33554432	0-2	off									3					3	3	0-2	3-5	200	200	0	50	0	none	8000000	input-relative:50		8000000	50	stage-a-v1-no-unvalidated-margin	revision=stage-a-v1-no-unvalidated-margin;window=0.00000000000000000;recovery=0.00000000000000000;socket=0.00000000000000000;host=1.00000000000000000;nic=1.00000000000000000;control=none;waves=none	conditional	expected_rtt_unknown,rtt_variance_unknown,effective_socket_buffer_unknown,host_pps_capacity_unknown,nic_capacity_unknown	3	4647cadf43af5772b8172e90e71c1174-58	200	0	2548666	1972039	0	0	1.221	15.037	13224.9	12624.4	32128	15	0	0	2	0	0	0	0	1000	759	0	0	250	0	0	0	0	0	0	0	0	0	0	0	0	0	0	0	250	0	0	0	0	0	0	0
tokio	plain	caller	shared-pool:4	per-connection	all	on	on	8	retain	16777216	33554432	33554432	33554432	33554432	3-5	off									3					3	3	0-2	3-5	200	200	200	50	50	none	8000000	input-relative:50		8000000	50	stage-a-v1-no-unvalidated-margin	revision=stage-a-v1-no-unvalidated-margin;window=0.00000000000000000;recovery=0.00000000000000000;socket=0.00000000000000000;host=1.00000000000000000;nic=1.00000000000000000;control=none;waves=none	conditional	expected_rtt_unknown,rtt_variance_unknown,effective_socket_buffer_unknown,host_pps_capacity_unknown	3	4647cadf43af5772b8172e90e71c1174-59	200	0	1559289	1559289	0	0	0.000	15.027	9630.1	16569.9	11520	15	0	0	59	2279597	1559289	1950372	1558972	1000	759	759	568706	250	0	0	0	0	0	0	0	0	0	0	0	0	0	0	0	250	0	0	0	0	0	0	0
tokio	plain	listener	shared-pool:4	per-connection	all	on	on	8	retain	16777216	33554432	33554432	33554432	33554432	0-2	off									3					3	3	0-2	3-5	200	200	0	50	0	none	8000000	input-relative:50		8000000	50	stage-a-v1-no-unvalidated-margin	revision=stage-a-v1-no-unvalidated-margin;window=0.00000000000000000;recovery=0.00000000000000000;socket=0.00000000000000000;host=1.00000000000000000;nic=1.00000000000000000;control=none;waves=none	conditional	expected_rtt_unknown,rtt_variance_unknown,effective_socket_buffer_unknown,host_pps_capacity_unknown,nic_capacity_unknown	3	4647cadf43af5772b8172e90e71c1174-59	200	0	1559289	1559289	0	0	1.142	15.032	14100.6	9426.2	28260	15	0	0	59	0	0	0	0	1000	759	0	0	250	0	0	0	0	0	0	0	0	2169681	413656	5.245	1024	2048	8192	22045	250	4	9487	37948	0	0	0	0
mio	plain	listener	shared-pool:4	per-connection	all	on	on	8	retain	16777216	33554432	33554432	33554432	33554432	0-2	off									3					3	3	0-2	3-5	1	1	0	50	0	none	8000000	input-relative:100		8000000	100	stage-a-v1-no-unvalidated-margin	revision=stage-a-v1-no-unvalidated-margin;window=0.00000000000000000;recovery=0.00000000000000000;socket=0.00000000000000000;host=1.00000000000000000;nic=1.00000000000000000;control=none;waves=none	conditional	expected_rtt_unknown,rtt_variance_unknown,effective_socket_buffer_unknown,host_pps_capacity_unknown,nic_capacity_unknown	3	4647cadf43af5772b8172e90e71c1174-60	1	0	11396	11396	0	0	1.107	15.004	312.5	1276.6	5360	15	0	0	0	0	0	0	0	1000	759	0	0	250	0	0	0	0	0	0	0	0	0	0	0	0	0	0	0	250	0	0	0	0	0	0	0
mio	plain	caller	shared-pool:4	per-connection	all	on	on	8	retain	16777216	33554432	33554432	33554432	33554432	3-5	off									3					3	3	0-2	3-5	1	1	1	50	1	none	8000000	input-relative:100		8000000	100	stage-a-v1-no-unvalidated-margin	revision=stage-a-v1-no-unvalidated-margin;window=0.00000000000000000;recovery=0.00000000000000000;socket=0.00000000000000000;host=1.00000000000000000;nic=1.00000000000000000;control=none;waves=none	conditional	expected_rtt_unknown,rtt_variance_unknown,effective_socket_buffer_unknown,host_pps_capacity_unknown	3	4647cadf43af5772b8172e90e71c1174-60	1	0	11396	11396	0	0	0.000	15.001	287.5	1587.3	5224	15	0	0	0	11398	11396	5387	4549	1000	759	93	0	250	0	0	0	0	0	0	0	0	0	0	0	0	0	0	0	250	0	0	0	0	0	0	0
tokio	plain	caller	shared-pool:4	per-connection	all	on	on	8	retain	16777216	33554432	33554432	33554432	33554432	3-5	off									3					3	3	0-2	3-5	1	1	1	50	1	none	8000000	input-relative:100		8000000	100	stage-a-v1-no-unvalidated-margin	revision=stage-a-v1-no-unvalidated-margin;window=0.00000000000000000;recovery=0.00000000000000000;socket=0.00000000000000000;host=1.00000000000000000;nic=1.00000000000000000;control=none;waves=none	conditional	expected_rtt_unknown,rtt_variance_unknown,effective_socket_buffer_unknown,host_pps_capacity_unknown	3	4647cadf43af5772b8172e90e71c1174-61	1	0	9642	9642	0	0	0.000	15.003	487.2	1732.3	5460	15	0	0	0	11399	9642	11550	9640	1000	759	759	999	250	0	0	0	0	0	0	0	0	0	0	0	0	0	0	0	250	0	0	0	0	0	0	0
tokio	plain	listener	shared-pool:4	per-connection	all	on	on	8	retain	16777216	33554432	33554432	33554432	33554432	0-2	off									3					3	3	0-2	3-5	1	1	0	50	0	none	8000000	input-relative:100		8000000	100	stage-a-v1-no-unvalidated-margin	revision=stage-a-v1-no-unvalidated-margin;window=0.00000000000000000;recovery=0.00000000000000000;socket=0.00000000000000000;host=1.00000000000000000;nic=1.00000000000000000;control=none;waves=none	conditional	expected_rtt_unknown,rtt_variance_unknown,effective_socket_buffer_unknown,host_pps_capacity_unknown,nic_capacity_unknown	3	4647cadf43af5772b8172e90e71c1174-61	1	0	9642	9642	0	0	0.307	15.006	412.2	1393.4	5540	15	0	0	0	0	0	0	0	1000	759	0	0	250	0	0	0	0	0	0	0	0	0	0	0	0	0	0	0	250	0	0	0	0	0	0	0
mio	plain	caller	shared-pool:4	per-connection	all	on	on	8	retain	16777216	33554432	33554432	33554432	33554432	3-5	off									3					3	3	0-2	3-5	30	30	30	50	30	none	8000000	input-relative:100		8000000	100	stage-a-v1-no-unvalidated-margin	revision=stage-a-v1-no-unvalidated-margin;window=0.00000000000000000;recovery=0.00000000000000000;socket=0.00000000000000000;host=1.00000000000000000;nic=1.00000000000000000;control=none;waves=none	conditional	expected_rtt_unknown,rtt_variance_unknown,effective_socket_buffer_unknown,host_pps_capacity_unknown	3	4647cadf43af5772b8172e90e71c1174-62	30	0	327256	327256	0	0	0.000	15.004	2133.8	8019.8	6016	15	0	0	2	341960	327256	731868	326852	1000	759	741	0	250	0	0	0	0	0	0	0	0	0	0	0	0	0	0	0	250	0	0	0	0	0	0	0
mio	plain	listener	shared-pool:4	per-connection	all	on	on	8	retain	16777216	33554432	33554432	33554432	33554432	0-2	off									3					3	3	0-2	3-5	30	30	0	50	0	none	8000000	input-relative:100		8000000	100	stage-a-v1-no-unvalidated-margin	revision=stage-a-v1-no-unvalidated-margin;window=0.00000000000000000;recovery=0.00000000000000000;socket=0.00000000000000000;host=1.00000000000000000;nic=1.00000000000000000;control=none;waves=none	conditional	expected_rtt_unknown,rtt_variance_unknown,effective_socket_buffer_unknown,host_pps_capacity_unknown,nic_capacity_unknown	3	4647cadf43af5772b8172e90e71c1174-62	30	0	425712	327256	0	0	0.446	15.008	3237.8	5123.1	9728	15	0	0	2	0	0	0	0	1000	759	0	0	250	0	0	0	0	0	0	0	0	0	0	0	0	0	0	0	250	0	0	0	0	0	0	0
tokio	plain	caller	shared-pool:4	per-connection	all	on	on	8	retain	16777216	33554432	33554432	33554432	33554432	3-5	off									3					3	3	0-2	3-5	30	30	30	50	30	none	8000000	input-relative:100		8000000	100	stage-a-v1-no-unvalidated-margin	revision=stage-a-v1-no-unvalidated-margin;window=0.00000000000000000;recovery=0.00000000000000000;socket=0.00000000000000000;host=1.00000000000000000;nic=1.00000000000000000;control=none;waves=none	conditional	expected_rtt_unknown,rtt_variance_unknown,effective_socket_buffer_unknown,host_pps_capacity_unknown	3	4647cadf43af5772b8172e90e71c1174-63	30	0	289393	289393	0	0	0.000	15.003	3082.2	6527.8	6600	15	0	0	0	341946	289393	352592	289349	1000	759	759	29816	250	0	0	0	0	0	0	0	0	0	0	0	0	0	0	0	250	0	0	0	0	0	0	0
tokio	plain	listener	shared-pool:4	per-connection	all	on	on	8	retain	16777216	33554432	33554432	33554432	33554432	0-2	off									3					3	3	0-2	3-5	30	30	0	50	0	none	8000000	input-relative:100		8000000	100	stage-a-v1-no-unvalidated-margin	revision=stage-a-v1-no-unvalidated-margin;window=0.00000000000000000;recovery=0.00000000000000000;socket=0.00000000000000000;host=1.00000000000000000;nic=1.00000000000000000;control=none;waves=none	conditional	expected_rtt_unknown,rtt_variance_unknown,effective_socket_buffer_unknown,host_pps_capacity_unknown,nic_capacity_unknown	3	4647cadf43af5772b8172e90e71c1174-63	30	0	289393	289393	0	0	0.352	15.007	5483.0	4225.9	10880	15	0	0	0	0	0	0	0	1000	759	0	0	250	0	0	0	0	0	0	0	0	389839	134594	2.896	1024	2048	4096	15266	250	4	1518	6072	0	0	0	0
mio	plain	caller	shared-pool:4	per-connection	all	on	on	8	retain	16777216	33554432	33554432	33554432	33554432	3-5	off									3					3	3	0-2	3-5	200	200	200	50	50	none	8000000	input-relative:100		8000000	100	stage-a-v1-no-unvalidated-margin	revision=stage-a-v1-no-unvalidated-margin;window=0.00000000000000000;recovery=0.00000000000000000;socket=0.00000000000000000;host=1.00000000000000000;nic=1.00000000000000000;control=none;waves=none	conditional	expected_rtt_unknown,rtt_variance_unknown,effective_socket_buffer_unknown,host_pps_capacity_unknown	3	4647cadf43af5772b8172e90e71c1174-64	200	0	2274235	2274235	0	0	0.000	15.033	8037.3	23606.3	13388	15	0	0	19	2279764	2274235	3184786	1594921	1000	759	491	0	250	0	0	0	0	0	0	0	0	0	0	0	0	0	0	0	250	0	0	0	0	0	0	0
mio	plain	listener	shared-pool:4	per-connection	all	on	on	8	retain	16777216	33554432	33554432	33554432	33554432	0-2	off									3					3	3	0-2	3-5	200	200	0	50	0	none	8000000	input-relative:100		8000000	100	stage-a-v1-no-unvalidated-margin	revision=stage-a-v1-no-unvalidated-margin;window=0.00000000000000000;recovery=0.00000000000000000;socket=0.00000000000000000;host=1.00000000000000000;nic=1.00000000000000000;control=none;waves=none	conditional	expected_rtt_unknown,rtt_variance_unknown,effective_socket_buffer_unknown,host_pps_capacity_unknown,nic_capacity_unknown	3	4647cadf43af5772b8172e90e71c1174-64	200	0	2859032	2274235	0	0	1.305	15.043	15072.2	13411.4	38528	15	0	0	40	0	0	0	0	1000	759	0	0	250	0	0	0	0	0	0	0	0	0	0	0	0	0	0	0	250	0	0	0	0	0	0	0
tokio	plain	caller	shared-pool:4	per-connection	all	on	on	8	retain	16777216	33554432	33554432	33554432	33554432	3-5	off									3					3	3	0-2	3-5	200	200	200	50	50	none	8000000	input-relative:100		8000000	100	stage-a-v1-no-unvalidated-margin	revision=stage-a-v1-no-unvalidated-margin;window=0.00000000000000000;recovery=0.00000000000000000;socket=0.00000000000000000;host=1.00000000000000000;nic=1.00000000000000000;control=none;waves=none	conditional	expected_rtt_unknown,rtt_variance_unknown,effective_socket_buffer_unknown,host_pps_capacity_unknown	3	4647cadf43af5772b8172e90e71c1174-65	200	0	1704097	1704097	0	0	0.000	15.033	10801.3	18420.1	12288	15	0	0	51	2279593	1704097	1960204	1703805	1000	759	759	423925	250	0	0	0	0	0	0	0	0	0	0	0	0	0	0	0	250	0	0	0	0	0	0	0
tokio	plain	listener	shared-pool:4	per-connection	all	on	on	8	retain	16777216	33554432	33554432	33554432	33554432	0-2	off									3					3	3	0-2	3-5	200	200	0	50	0	none	8000000	input-relative:100		8000000	100	stage-a-v1-no-unvalidated-margin	revision=stage-a-v1-no-unvalidated-margin;window=0.00000000000000000;recovery=0.00000000000000000;socket=0.00000000000000000;host=1.00000000000000000;nic=1.00000000000000000;control=none;waves=none	conditional	expected_rtt_unknown,rtt_variance_unknown,effective_socket_buffer_unknown,host_pps_capacity_unknown,nic_capacity_unknown	3	4647cadf43af5772b8172e90e71c1174-65	200	0	1704097	1704097	0	0	1.819	15.040	15372.5	10525.8	30592	15	0	0	51	0	0	0	0	1000	759	0	0	250	0	0	0	0	0	0	0	0	2319237	419629	5.527	1024	4096	8192	36319	250	4	9487	37948	0	0	0	0
mio	plain	caller	shared-pool:4	per-connection	all	on	on	8	retain	16777216	33554432	33554432	33554432	33554432	3-5	off									3					3	3	0-2	3-5	1	1	1	50	1	none	8000000	fixed:100000000	100000000		25	stage-a-v1-no-unvalidated-margin	revision=stage-a-v1-no-unvalidated-margin;window=0.00000000000000000;recovery=0.00000000000000000;socket=0.00000000000000000;host=1.00000000000000000;nic=1.00000000000000000;control=none;waves=none	conditional	expected_rtt_unknown,rtt_variance_unknown,effective_socket_buffer_unknown,host_pps_capacity_unknown	3	4647cadf43af5772b8172e90e71c1174-66	1	0	11398	11398	0	0	0.000	15.001	262.8	1043.9	5176	15	0	0	0	11398	11398	251	243	1000	759	16	0	250	0	0	0	0	0	0	0	0	0	0	0	0	0	0	0	250	0	0	0	0	0	0	0
mio	plain	listener	shared-pool:4	per-connection	all	on	on	8	retain	16777216	33554432	33554432	33554432	33554432	0-2	off									3					3	3	0-2	3-5	1	1	0	50	0	none	8000000	fixed:100000000	100000000		25	stage-a-v1-no-unvalidated-margin	revision=stage-a-v1-no-unvalidated-margin;window=0.00000000000000000;recovery=0.00000000000000000;socket=0.00000000000000000;host=1.00000000000000000;nic=1.00000000000000000;control=none;waves=none	conditional	expected_rtt_unknown,rtt_variance_unknown,effective_socket_buffer_unknown,host_pps_capacity_unknown,nic_capacity_unknown	3	4647cadf43af5772b8172e90e71c1174-66	1	0	11398	11398	0	0	0.294	15.003	272.8	784.8	5220	15	0	0	0	0	0	0	0	1000	759	0	0	250	0	0	0	0	0	0	0	0	0	0	0	0	0	0	0	250	0	0	0	0	0	0	0
tokio	plain	caller	shared-pool:4	per-connection	all	on	on	8	retain	16777216	33554432	33554432	33554432	33554432	3-5	off									3					3	3	0-2	3-5	1	1	1	50	1	none	8000000	fixed:100000000	100000000		25	stage-a-v1-no-unvalidated-margin	revision=stage-a-v1-no-unvalidated-margin;window=0.00000000000000000;recovery=0.00000000000000000;socket=0.00000000000000000;host=1.00000000000000000;nic=1.00000000000000000;control=none;waves=none	conditional	expected_rtt_unknown,rtt_variance_unknown,effective_socket_buffer_unknown,host_pps_capacity_unknown	3	4647cadf43af5772b8172e90e71c1174-67	1	0	11398	11398	0	0	0.000	15.002	687.5	1378.3	5524	15	0	0	0	11398	11398	6292	4432	1000	759	8	0	250	0	0	0	0	0	0	0	0	0	0	0	0	0	0	0	250	0	0	0	0	0	0	0
tokio	plain	listener	shared-pool:4	per-connection	all	on	on	8	retain	16777216	33554432	33554432	33554432	33554432	0-2	off									3					3	3	0-2	3-5	1	1	0	50	0	none	8000000	fixed:100000000	100000000		25	stage-a-v1-no-unvalidated-margin	revision=stage-a-v1-no-unvalidated-margin;window=0.00000000000000000;recovery=0.00000000000000000;socket=0.00000000000000000;host=1.00000000000000000;nic=1.00000000000000000;control=none;waves=none	conditional	expected_rtt_unknown,rtt_variance_unknown,effective_socket_buffer_unknown,host_pps_capacity_unknown,nic_capacity_unknown	3	4647cadf43af5772b8172e90e71c1174-67	1	0	11398	11398	0	0	0.367	15.006	396.2	1011.4	5456	15	0	0	0	0	0	0	0	1000	759	0	0	250	0	0	0	0	0	0	0	0	0	0	0	0	0	0	0	250	0	0	0	0	0	0	0
mio	plain	caller	shared-pool:4	per-connection	all	on	on	8	retain	16777216	33554432	33554432	33554432	33554432	3-5	off									3					3	3	0-2	3-5	30	30	30	50	30	none	8000000	fixed:100000000	100000000		25	stage-a-v1-no-unvalidated-margin	revision=stage-a-v1-no-unvalidated-margin;window=0.00000000000000000;recovery=0.00000000000000000;socket=0.00000000000000000;host=1.00000000000000000;nic=1.00000000000000000;control=none;waves=none	conditional	expected_rtt_unknown,rtt_variance_unknown,effective_socket_buffer_unknown,host_pps_capacity_unknown	3	4647cadf43af5772b8172e90e71c1174-68	30	0	341942	341942	0	0	0.000	15.002	2090.9	8202.8	6016	15	0	0	0	341942	341942	37712	30324	1000	759	26	0	250	0	0	0	0	0	0	0	0	0	0	0	0	0	0	0	250	0	0	0	0	0	0	0
mio	plain	listener	shared-pool:4	per-connection	all	on	on	8	retain	16777216	33554432	33554432	33554432	33554432	0-2	off									3					3	3	0-2	3-5	30	30	0	50	0	none	8000000	fixed:100000000	100000000		25	stage-a-v1-no-unvalidated-margin	revision=stage-a-v1-no-unvalidated-margin;window=0.00000000000000000;recovery=0.00000000000000000;socket=0.00000000000000000;host=1.00000000000000000;nic=1.00000000000000000;control=none;waves=none	conditional	expected_rtt_unknown,rtt_variance_unknown,effective_socket_buffer_unknown,host_pps_capacity_unknown,nic_capacity_unknown	3	4647cadf43af5772b8172e90e71c1174-68	30	0	440552	341942	0	0	0.364	15.005	3213.2	5234.9	10368	15	0	0	0	0	0	0	0	1000	759	0	0	250	0	0	0	0	0	0	0	0	0	0	0	0	0	0	0	250	0	0	0	0	0	0	0
tokio	plain	caller	shared-pool:4	per-connection	all	on	on	8	retain	16777216	33554432	33554432	33554432	33554432	3-5	off									3					3	3	0-2	3-5	30	30	30	50	30	none	8000000	fixed:100000000	100000000		25	stage-a-v1-no-unvalidated-margin	revision=stage-a-v1-no-unvalidated-margin;window=0.00000000000000000;recovery=0.00000000000000000;socket=0.00000000000000000;host=1.00000000000000000;nic=1.00000000000000000;control=none;waves=none	conditional	expected_rtt_unknown,rtt_variance_unknown,effective_socket_buffer_unknown,host_pps_capacity_unknown	3	4647cadf43af5772b8172e90e71c1174-69	30	0	341932	341932	0	0	0.000	15.005	5597.9	7052.2	6912	15	0	0	5	341940	341932	415874	229125	1000	759	42	0	250	0	0	0	0	0	0	0	0	0	0	0	0	0	0	0	250	0	0	0	0	0	0	0
tokio	plain	listener	shared-pool:4	per-connection	all	on	on	8	retain	16777216	33554432	33554432	33554432	33554432	0-2	off									3					3	3	0-2	3-5	30	30	0	50	0	none	8000000	fixed:100000000	100000000		25	stage-a-v1-no-unvalidated-margin	revision=stage-a-v1-no-unvalidated-margin;window=0.00000000000000000;recovery=0.00000000000000000;socket=0.00000000000000000;host=1.00000000000000000;nic=1.00000000000000000;control=none;waves=none	conditional	expected_rtt_unknown,rtt_variance_unknown,effective_socket_buffer_unknown,host_pps_capacity_unknown,nic_capacity_unknown	3	4647cadf43af5772b8172e90e71c1174-69	30	0	341932	341932	0	0	0.307	15.008	5979.6	4866.4	11648	15	0	0	5	0	0	0	0	1000	759	0	0	250	0	0	0	0	0	0	0	0	440861	179001	2.463	1024	2048	4096	6920	250	4	1518	6072	0	0	0	0
mio	plain	caller	shared-pool:4	per-connection	all	on	on	8	retain	16777216	33554432	33554432	33554432	33554432	3-5	off									3					3	3	0-2	3-5	200	200	200	50	50	none	8000000	fixed:100000000	100000000		25	stage-a-v1-no-unvalidated-margin	revision=stage-a-v1-no-unvalidated-margin;window=0.00000000000000000;recovery=0.00000000000000000;socket=0.00000000000000000;host=1.00000000000000000;nic=1.00000000000000000;control=none;waves=none	conditional	expected_rtt_unknown,rtt_variance_unknown,effective_socket_buffer_unknown,host_pps_capacity_unknown	3	4647cadf43af5772b8172e90e71c1174-70	200	0	2279668	2279668	0	0	0.000	15.042	8433.5	23315.9	13164	15	0	0	3	2279782	2279668	431083	430504	1000	759	22	0	250	0	0	0	0	0	0	0	0	0	0	0	0	0	0	0	250	0	0	0	0	0	0	0
mio	plain	listener	shared-pool:4	per-connection	all	on	on	8	retain	16777216	33554432	33554432	33554432	33554432	0-2	off									3					3	3	0-2	3-5	200	200	0	50	0	none	8000000	fixed:100000000	100000000		25	stage-a-v1-no-unvalidated-margin	revision=stage-a-v1-no-unvalidated-margin;window=0.00000000000000000;recovery=0.00000000000000000;socket=0.00000000000000000;host=1.00000000000000000;nic=1.00000000000000000;control=none;waves=none	conditional	expected_rtt_unknown,rtt_variance_unknown,effective_socket_buffer_unknown,host_pps_capacity_unknown,nic_capacity_unknown	3	4647cadf43af5772b8172e90e71c1174-70	200	0	2872833	2279668	0	0	1.436	15.048	14781.1	13363.4	38748	15	0	0	3	0	0	0	0	1000	759	0	0	250	0	0	0	0	0	0	0	0	0	0	0	0	0	0	0	250	0	0	0	0	0	0	0
tokio	plain	caller	shared-pool:4	per-connection	all	on	on	8	retain	16777216	33554432	33554432	33554432	33554432	3-5	off									3					3	3	0-2	3-5	200	200	200	50	50	none	8000000	fixed:100000000	100000000		25	stage-a-v1-no-unvalidated-margin	revision=stage-a-v1-no-unvalidated-margin;window=0.00000000000000000;recovery=0.00000000000000000;socket=0.00000000000000000;host=1.00000000000000000;nic=1.00000000000000000;control=none;waves=none	conditional	expected_rtt_unknown,rtt_variance_unknown,effective_socket_buffer_unknown,host_pps_capacity_unknown	3	4647cadf43af5772b8172e90e71c1174-71	200	0	2177017	2177017	0	0	0.000	15.031	11722.5	19422.8	12288	15	0	0	50	2279564	2177017	4345608	2172689	1000	759	581	0	250	0	0	0	0	0	0	0	0	0	0	0	0	0	0	0	250	0	0	0	0	0	0	0
tokio	plain	listener	shared-pool:4	per-connection	all	on	on	8	retain	16777216	33554432	33554432	33554432	33554432	0-2	off									3					3	3	0-2	3-5	200	200	0	50	0	none	8000000	fixed:100000000	100000000		25	stage-a-v1-no-unvalidated-margin	revision=stage-a-v1-no-unvalidated-margin;window=0.00000000000000000;recovery=0.00000000000000000;socket=0.00000000000000000;host=1.00000000000000000;nic=1.00000000000000000;control=none;waves=none	conditional	expected_rtt_unknown,rtt_variance_unknown,effective_socket_buffer_unknown,host_pps_capacity_unknown,nic_capacity_unknown	3	4647cadf43af5772b8172e90e71c1174-71	200	0	2177017	2177017	0	0	1.044	15.037	17308.3	10751.4	36172	15	0	0	50	0	0	0	0	1000	759	0	0	250	0	0	0	0	0	0	0	0	2792849	580590	4.810	1024	4096	8192	23340	250	4	9487	37948	0	0	0	0
